segment,anomaly,predicted_anomaly,anomaly_score,anomaly_factors,mean,std,var,skew,kurtosis,diff_var,diff2_var,n_peaks
235,1,1,4,skew=HIGH (2.705066 > 2.405678); kurtosis=HIGH (6.167142 > 0.085746); diff_var=HIGH (0.014176 > 0.001651); diff2_var=HIGH (0.031904 > 0.000618),0.0514718814814814,0.1327053005075895,0.0176106967828096,2.705066235608958,6.167141894914868,0.0141764224068184,0.0319037527611136,1
1043,1,1,4,mean=HIGH (0.952466 > 0.913808); kurtosis=HIGH (0.835636 > 0.085746); diff_var=HIGH (0.035050 > 0.001651); diff2_var=HIGH (0.081065 > 0.000618),0.9524663076923076,0.193186736671019,0.0373211152255976,-1.0134174028900902,0.8356358588804493,0.035049922363743,0.0810645998258677,1
1068,1,1,4,mean=HIGH (0.977926 > 0.913808); kurtosis=HIGH (1.592395 > 0.085746); diff_var=HIGH (0.099879 > 0.001651); diff2_var=HIGH (0.303399 > 0.000618),0.9779263,0.2431144036823199,0.05910461327781,-1.42320577198881,1.5923949521833831,0.0998786908990617,0.3033985781066877,1
1087,1,1,4,kurtosis=HIGH (0.890494 > 0.085746); diff_var=HIGH (0.019529 > 0.001651); diff2_var=HIGH (0.062030 > 0.000618); n_peaks=HIGH (2.000000 > 1.000000),0.206582197755102,0.2450660823404258,0.0600573847136843,1.3900337558749554,0.8904942499655539,0.0195292927092198,0.0620299476401521,2
1134,1,1,4,skew=HIGH (2.808724 > 2.405678); kurtosis=HIGH (6.368605 > 0.085746); diff_var=HIGH (0.003378 > 0.001651); diff2_var=HIGH (0.007686 > 0.000618),0.0285457028571428,0.0527278922924982,0.0027802306256092,2.8087235736316587,6.36860453909374,0.0033779692030725,0.0076860028319158,1
1646,1,1,4,kurtosis=HIGH (0.197141 > 0.085746); diff_var=HIGH (0.009521 > 0.001651); diff2_var=HIGH (0.025610 > 0.000618); n_peaks=HIGH (3.000000 > 1.000000),0.1866468684722222,0.2400060450451865,0.0576029016582321,1.2742384118361552,0.1971409960131613,0.009520890442412,0.0256100828615575,3
1714,1,1,4,kurtosis=HIGH (2.061674 > 0.085746); diff_var=HIGH (0.012363 > 0.001651); diff2_var=HIGH (0.027727 > 0.000618); n_peaks=HIGH (3.000000 > 1.000000),0.1686966702702702,0.1532947159260577,0.0234992699308507,1.774506032761746,2.061673923482986,0.0123628284698218,0.0277270563253853,3
1715,1,1,4,kurtosis=HIGH (1.368695 > 0.085746); diff_var=HIGH (0.016662 > 0.001651); diff2_var=HIGH (0.032877 > 0.000618); n_peaks=HIGH (2.000000 > 1.000000),0.157277114375,0.2410962747783119,0.0581274137119793,1.6609365486027905,1.3686948839035835,0.0166621535371518,0.0328770626716558,2
1716,1,1,4,kurtosis=HIGH (1.549252 > 0.085746); diff_var=HIGH (0.014490 > 0.001651); diff2_var=HIGH (0.029192 > 0.000618); n_peaks=HIGH (2.000000 > 1.000000),0.1207438866666666,0.1921324578806837,0.0369148813712727,1.641553285695747,1.5492519597542476,0.0144896053121577,0.0291916330387548,2
1717,1,1,4,kurtosis=HIGH (3.278365 > 0.085746); diff_var=HIGH (0.005418 > 0.001651); diff2_var=HIGH (0.011540 > 0.000618); n_peaks=HIGH (2.000000 > 1.000000),0.0607941259523809,0.1092799510310948,0.0119421076973584,2.0940659176294707,3.278364754593902,0.0054183805089712,0.0115403540966287,2
1718,1,1,4,kurtosis=HIGH (1.328488 > 0.085746); diff_var=HIGH (0.040658 > 0.001651); diff2_var=HIGH (0.107649 > 0.000618); n_peaks=HIGH (3.000000 > 1.000000),0.12794355375,0.2067945972135688,0.0427640054367221,1.6056938361496074,1.3284876814436686,0.0406577678415155,0.1076491505162741,3
1724,1,1,4,kurtosis=HIGH (1.813094 > 0.085746); diff_var=HIGH (0.041306 > 0.001651); diff2_var=HIGH (0.107291 > 0.000618); n_peaks=HIGH (3.000000 > 1.000000),0.121847269,0.2261392407738183,0.0511389562177589,1.8116260026050175,1.813093811922629,0.0413059340519708,0.1072909199724022,3
225,0,1,3,var=HIGH (0.243526 > 0.221845); diff_var=HIGH (0.008985 > 0.001651); diff2_var=HIGH (0.001404 > 0.000618),0.4038187609302325,0.493484015989288,0.2435264740369158,0.8648557653835615,-0.7975440295037033,0.0089847843624495,0.0014042419514371,1
227,0,1,3,var=HIGH (0.239608 > 0.221845); diff_var=HIGH (0.006794 > 0.001651); diff2_var=HIGH (0.001336 > 0.000618),0.4639485127659574,0.4894972068670024,0.2396075155305969,0.7228087380918319,-0.9958764331165816,0.0067940922534357,0.0013362583340485,1
229,0,1,3,var=HIGH (0.243285 > 0.221845); diff_var=HIGH (0.006124 > 0.001651); diff2_var=HIGH (0.001705 > 0.000618),0.4503788086206897,0.4932391210446666,0.2432848305289152,1.0378760098671556,-0.3861002107119127,0.0061237699676741,0.0017049895602567,1
231,0,1,3,var=HIGH (0.230309 > 0.221845); diff_var=HIGH (0.006695 > 0.001651); diff2_var=HIGH (0.001198 > 0.000618),0.4659003309090909,0.4799047009462839,0.2303085219903421,0.6391023247339261,-1.1125737256990067,0.0066947484847007,0.00119760082567,1
234,0,1,3,var=HIGH (0.272480 > 0.221845); diff_var=HIGH (0.010739 > 0.001651); diff2_var=HIGH (0.003530 > 0.000618),0.4446756141463414,0.5219962825685008,0.2724801190153342,0.7681382951198449,-0.9183338043663212,0.0107389616023582,0.003529598534184,1
702,0,1,3,var=HIGH (0.265647 > 0.221845); diff_var=HIGH (0.008631 > 0.001651); diff2_var=HIGH (0.001502 > 0.000618),0.3960890583333333,0.5154094293873225,0.2656468799013653,0.945245252483616,-0.6143434735374806,0.0086306964346382,0.0015018559941826,1
708,0,1,3,var=HIGH (0.228348 > 0.221845); diff_var=HIGH (0.006291 > 0.001651); diff2_var=HIGH (0.000668 > 0.000618),0.3916363708333333,0.4778580366223373,0.228348303164555,0.7512992928948307,-1.0532581738940905,0.0062911867522655,0.0006675813185704,1
709,0,1,3,var=HIGH (0.226321 > 0.221845); diff_var=HIGH (0.007637 > 0.001651); diff2_var=HIGH (0.000654 > 0.000618),0.3820132272727273,0.4757323016687467,0.2263212228510434,0.8173726123916272,-0.9138095075313726,0.0076372098246967,0.0006536629120495,1
710,0,1,3,var=HIGH (0.253397 > 0.221845); diff_var=HIGH (0.008078 > 0.001651); diff2_var=HIGH (0.001750 > 0.000618),0.3610474111538462,0.5033852733051352,0.2533967333804856,1.078595681776832,-0.3400390703074749,0.0080777048073614,0.0017500921793822,1
1039,0,1,3,mean=HIGH (0.947614 > 0.913808); diff_var=HIGH (0.003468 > 0.001651); diff2_var=HIGH (0.000792 > 0.000618),0.9476140714285716,0.138336016412659,0.0191368534369234,-0.1038680040594519,-1.3146967052891123,0.0034678823868402,0.0007923253393055,1
1040,0,1,3,mean=HIGH (0.966491 > 0.913808); diff_var=HIGH (0.005094 > 0.001651); diff2_var=HIGH (0.001079 > 0.000618),0.9664915,0.139537706383436,0.0194707715027499,-0.167657370189718,-1.111263743182724,0.005093624340628,0.0010791100427599,1
1046,0,1,3,mean=HIGH (0.960390 > 0.913808); diff_var=HIGH (0.004652 > 0.001651); diff2_var=HIGH (0.001000 > 0.000618),0.96039025,0.1471683671503068,0.0216585282896874,-0.3199158805117579,-1.0921974210118,0.004652070378595,0.0010001989792399,1
1047,0,1,3,mean=HIGH (0.941066 > 0.913808); diff_var=HIGH (0.004245 > 0.001651); diff2_var=HIGH (0.001161 > 0.000618),0.9410657692307692,0.1365413473117794,0.0186435395257159,-0.1599029019734719,-1.061428531919133,0.0042451993613888,0.0011607082324297,1
1050,0,1,3,mean=HIGH (0.971462 > 0.913808); diff_var=HIGH (0.004021 > 0.001651); diff2_var=HIGH (0.000882 > 0.000618),0.9714616666666668,0.1167003445934168,0.0136189704282222,0.0242915854819966,-1.3628537033298391,0.0040214563970909,0.0008816312738099,1
1053,0,1,3,mean=HIGH (0.922677 > 0.913808); diff_var=HIGH (0.003217 > 0.001651); diff2_var=HIGH (0.000686 > 0.000618),0.9226774615384616,0.1253431294509444,0.0157109001005562,-0.2602978296836035,-1.112320446732021,0.0032171156665763,0.000686165583719,1
1054,0,1,3,mean=HIGH (0.953895 > 0.913808); diff_var=HIGH (0.004412 > 0.001651); diff2_var=HIGH (0.000824 > 0.000618),0.9538949090909092,0.1180284648290437,0.0139307185099008,-0.2479774479957626,-1.089618185769936,0.00441200166624,0.0008242418415555,1
1057,1,1,3,mean=HIGH (0.932450 > 0.913808); diff_var=HIGH (0.011016 > 0.001651); diff2_var=HIGH (0.022607 > 0.000618),0.9324502307692306,0.1376354073050378,0.0189435053440236,-0.2751094935546195,-0.758602169817812,0.0110157297148055,0.0226070197899008,1
1058,0,1,3,mean=HIGH (1.088756 > 0.913808); diff_var=HIGH (0.005636 > 0.001651); diff2_var=HIGH (0.003305 > 0.000618),1.0887557272727273,0.1304963212467141,0.0170292898589256,0.026418660192134,-1.007190406887054,0.00563579680656,0.0033047740995802,1
1059,0,1,3,mean=HIGH (1.004588 > 0.913808); diff_var=HIGH (0.005701 > 0.001651); diff2_var=HIGH (0.001646 > 0.000618),1.0045879999999998,0.1090153453846445,0.0118843455293333,-0.1138306055012216,-1.2604740653712243,0.00570080464325,0.0016457609368163,1
1060,0,1,3,mean=HIGH (1.036762 > 0.913808); diff_var=HIGH (0.005140 > 0.001651); diff2_var=HIGH (0.001695 > 0.000618),1.0367624000000002,0.130482270503084,0.0170256229156399,-0.33469227197183,-1.0779406929286586,0.0051398299788395,0.00169464598725,1
1061,0,1,3,mean=HIGH (1.118632 > 0.913808); diff_var=HIGH (0.006207 > 0.001651); diff2_var=HIGH (0.001765 > 0.000618),1.118631777777778,0.1069142718472014,0.0114306615246172,0.0745075002378667,-1.4629067992819371,0.0062066513915,0.0017647825733469,1
1062,0,1,3,mean=HIGH (1.013468 > 0.913808); diff_var=HIGH (0.006599 > 0.001651); diff2_var=HIGH (0.002636 > 0.000618),1.013468,0.1260682436127354,0.0158932020475999,-0.020306149092795,-1.1186436056824556,0.0065994919775555,0.0026358154681093,1
1063,0,1,3,mean=HIGH (0.956731 > 0.913808); diff_var=HIGH (0.005050 > 0.001651); diff2_var=HIGH (0.002054 > 0.000618),0.9567311,0.1157277190576656,0.0133929049582899,-0.1274217197918401,-1.2616981835018055,0.0050500958125432,0.0020544291871874,1
1064,0,1,3,mean=HIGH (1.073200 > 0.913808); diff_var=HIGH (0.006126 > 0.001651); diff2_var=HIGH (0.001643 > 0.000618),1.0731996666666666,0.1207953824283031,0.014591524416,-0.2416001856800854,-1.196258189794985,0.0061260842324843,0.0016426706801224,1
1065,0,1,3,mean=HIGH (1.044256 > 0.913808); diff_var=HIGH (0.007079 > 0.001651); diff2_var=HIGH (0.002647 > 0.000618),1.0442563,0.1337275157333373,0.0178830484642099,-0.0807023208525202,-1.1037120033668288,0.0070786993517777,0.0026474190116093,1
1067,0,1,3,mean=HIGH (0.978837 > 0.913808); diff_var=HIGH (0.006171 > 0.001651); diff2_var=HIGH (0.001609 > 0.000618),0.978837111111111,0.1122367244933121,0.0125970823249876,-0.2476783514536581,-1.0816306025741902,0.0061711838869999,0.0016088065587755,1
1069,0,1,3,mean=HIGH (0.972294 > 0.913808); diff_var=HIGH (0.008232 > 0.001651); diff2_var=HIGH (0.002245 > 0.000618),0.972293875,0.1220474838079809,0.0148955883038593,-0.3144547533797159,-1.0681684635962327,0.0082323458906938,0.002244967256,1
1071,0,1,3,mean=HIGH (1.013076 > 0.913808); diff_var=HIGH (0.007420 > 0.001651); diff2_var=HIGH (0.002430 > 0.000618),1.0130757777777777,0.1387979719582688,0.0192648770197283,-0.25925870703505,-1.14817442716746,0.0074201028029999,0.0024296411750612,1
1072,0,1,3,mean=HIGH (0.999193 > 0.913808); diff_var=HIGH (0.007507 > 0.001651); diff2_var=HIGH (0.003280 > 0.000618),0.9991931,0.1368290178693467,0.0187221801310899,-0.0939144232406851,-1.1140888504816122,0.0075068947017777,0.0032795445771874,1
1074,0,1,3,mean=HIGH (0.944422 > 0.913808); diff_var=HIGH (0.007696 > 0.001651); diff2_var=HIGH (0.001827 > 0.000618),0.9444215,0.1207115458624402,0.0145712773045,-0.4589645171220166,-0.8988221851344069,0.0076958297701224,0.0018274571863333,1
1075,0,1,3,mean=HIGH (1.001265 > 0.913808); diff_var=HIGH (0.007226 > 0.001651); diff2_var=HIGH (0.002678 > 0.000618),1.0012655,0.127744964815252,0.0163187760356499,0.1821682283890657,-1.4432474947342382,0.0072255501958765,0.0026782593839843,1
1076,0,1,3,mean=HIGH (0.926773 > 0.913808); diff_var=HIGH (0.008886 > 0.001651); diff2_var=HIGH (0.003053 > 0.000618),0.9267726666666668,0.1356730945414176,0.0184071885824444,-0.1602610669220878,-1.0715811352250944,0.0088860643736093,0.003053433397102,1
1078,0,1,3,mean=HIGH (0.974631 > 0.913808); diff_var=HIGH (0.006407 > 0.001651); diff2_var=HIGH (0.002219 > 0.000618),0.974631,0.1206337300361903,0.0145524968224444,-0.2266568249351691,-1.2073702416166705,0.0064071060661875,0.0022185119450612,1
1079,0,1,3,mean=HIGH (0.965158 > 0.913808); diff_var=HIGH (0.007168 > 0.001651); diff2_var=HIGH (0.002977 > 0.000618),0.9651579,0.1371953985018812,0.0188225773700899,-0.0635239832282414,-1.1749215903849235,0.0071680774200246,0.0029765796076874,1
1080,1,1,3,diff_var=HIGH (0.007573 > 0.001651); diff2_var=HIGH (0.011929 > 0.000618); n_peaks=HIGH (2.000000 > 1.000000),0.4740980078082192,0.4244955739358972,0.1801964922911667,0.2529213295848852,-1.43383027249795,0.0075728576342823,0.0119291437593097,2
1150,0,1,3,var=HIGH (0.239440 > 0.221845); diff_var=HIGH (0.006172 > 0.001651); diff2_var=HIGH (0.001410 > 0.000618),0.378057962962963,0.4893262657350624,0.2394401943382209,0.8693407469739924,-0.8200214203417562,0.0061721572135471,0.0014102484212307,1
1528,1,1,3,diff_var=HIGH (0.002558 > 0.001651); diff2_var=HIGH (0.004815 > 0.000618); n_peaks=HIGH (2.000000 > 1.000000),0.1373248909523809,0.1627338350264434,0.0264823010624137,0.8628018540682961,-0.838264114340046,0.0025581903431275,0.0048150693377204,2
1530,1,1,3,diff_var=HIGH (0.001887 > 0.001651); diff2_var=HIGH (0.001967 > 0.000618); n_peaks=HIGH (2.000000 > 1.000000),0.1031257920454545,0.1511129940140415,0.0228351369598877,1.1141460931128104,-0.4833934721516915,0.0018871528689717,0.001966960321945,2
1537,1,1,3,diff_var=HIGH (0.002095 > 0.001651); diff2_var=HIGH (0.002144 > 0.000618); n_peaks=HIGH (2.000000 > 1.000000),0.1652215533333333,0.2090390848044957,0.0436973389759011,0.784135455331928,-1.0560975760865203,0.0020945160603604,0.002143944958446,2
1539,1,1,3,diff_var=HIGH (0.001750 > 0.001651); diff2_var=HIGH (0.004054 > 0.000618); n_peaks=HIGH (2.000000 > 1.000000),0.0570272741935483,0.0808193440709944,0.0065317663760657,0.9836163136228931,-0.7106208613418303,0.0017496293908246,0.0040535042588144,2
1559,1,1,3,diff_var=HIGH (0.007098 > 0.001651); diff2_var=HIGH (0.011519 > 0.000618); n_peaks=HIGH (2.000000 > 1.000000),0.2934052052631579,0.3103055786969922,0.0962895521704752,0.5630724993382451,-1.2393315213855032,0.0070984102162616,0.0115185982241777,2
1560,1,1,3,diff_var=HIGH (0.004853 > 0.001651); diff2_var=HIGH (0.010029 > 0.000618); n_peaks=HIGH (2.000000 > 1.000000),0.1779431342105263,0.2075873374443586,0.043092502667238,0.6670240450012493,-1.1577689894401022,0.0048525266953551,0.0100293916781916,2
1562,1,1,3,diff_var=HIGH (0.003110 > 0.001651); diff2_var=HIGH (0.008759 > 0.000618); n_peaks=HIGH (2.000000 > 1.000000),0.0493913877142857,0.0761888331670168,0.0058047382993515,1.2053314656627812,-0.1381914175731569,0.0031098550162385,0.0087585325303705,2
1567,1,1,3,diff_var=HIGH (0.008778 > 0.001651); diff2_var=HIGH (0.020040 > 0.000618); n_peaks=HIGH (2.000000 > 1.000000),0.2530573447368421,0.2642157751684912,0.0698099758478867,0.5251729117770126,-1.278256619803714,0.0087776224665086,0.0200398003351572,2
1569,1,1,3,diff_var=HIGH (0.002813 > 0.001651); diff2_var=HIGH (0.007924 > 0.000618); n_peaks=HIGH (2.000000 > 1.000000),0.0524655129032258,0.0715796434098264,0.0051236453506779,1.0055337882352628,-0.5691958169555091,0.0028130171527793,0.0079240182180034,2
1582,1,1,3,diff_var=HIGH (0.003931 > 0.001651); diff2_var=HIGH (0.008076 > 0.000618); n_peaks=HIGH (2.000000 > 1.000000),0.224215259375,0.1871741424464408,0.0350341596005605,0.1746227390354663,-1.418410145236216,0.0039313498624295,0.008075905226518,2
1594,1,1,3,diff_var=HIGH (0.012269 > 0.001651); diff2_var=HIGH (0.028495 > 0.000618); n_peaks=HIGH (2.000000 > 1.000000),0.3023706285714285,0.2861258296182309,0.0818679903747209,0.4822160724615199,-1.2665140659803484,0.0122687447181804,0.0284954367795015,2
1601,1,1,3,diff_var=HIGH (0.002665 > 0.001651); diff2_var=HIGH (0.005580 > 0.000618); n_peaks=HIGH (2.000000 > 1.000000),0.0892727392857142,0.0773606885415987,0.0059846761316302,0.1334783203498327,-1.4251503022758751,0.0026645834259305,0.0055804441780165,2
1605,1,1,3,diff_var=HIGH (0.014983 > 0.001651); diff2_var=HIGH (0.038369 > 0.000618); n_peaks=HIGH (2.000000 > 1.000000),0.27070324225,0.282715346332219,0.0799279670517465,0.8074528625029034,-0.7854888984068671,0.014983119674075,0.0383685354764964,2
1610,1,1,3,diff_var=HIGH (0.017396 > 0.001651); diff2_var=HIGH (0.046501 > 0.000618); n_peaks=HIGH (2.000000 > 1.000000),0.2222985774509803,0.3080866698485626,0.0949173961383772,1.0533804808736111,-0.4404618170167818,0.017396462436993,0.0465005591032741,2
1612,1,1,3,diff_var=HIGH (0.005724 > 0.001651); diff2_var=HIGH (0.012453 > 0.000618); n_peaks=HIGH (2.000000 > 1.000000),0.2218382502,0.2397088811516309,0.0574603477029667,0.9217887731439734,-0.6232460295887932,0.0057240940265276,0.0124528972603798,2
1617,1,1,3,diff_var=HIGH (0.002759 > 0.001651); diff2_var=HIGH (0.007278 > 0.000618); n_peaks=HIGH (2.000000 > 1.000000),0.1117575212121212,0.0965870963286402,0.009329067177198,-0.0527532562074492,-1.6753679344795345,0.0027587969128593,0.0072779907206237,2
1632,1,1,3,diff_var=HIGH (0.003939 > 0.001651); diff2_var=HIGH (0.005596 > 0.000618); n_peaks=HIGH (2.000000 > 1.000000),0.2054630355932203,0.2995200903622365,0.0897122845306023,1.1075242440878377,-0.3748340244594694,0.0039393427865072,0.0055958993177589,2
1639,1,1,3,diff_var=HIGH (0.003360 > 0.001651); diff2_var=HIGH (0.006997 > 0.000618); n_peaks=HIGH (2.000000 > 1.000000),0.2061118542372881,0.2230229566101222,0.0497392391751204,0.804516587021417,-0.7619284835430058,0.0033597282438827,0.0069968461077996,2
1641,1,1,3,diff_var=HIGH (0.007847 > 0.001651); diff2_var=HIGH (0.020776 > 0.000618); n_peaks=HIGH (2.000000 > 1.000000),0.1948783812499999,0.2465284069145144,0.0607762554158083,0.9817396313419472,-0.5445896984313778,0.0078470531161295,0.0207762416046825,2
1653,1,1,3,diff_var=HIGH (0.001724 > 0.001651); diff2_var=HIGH (0.002960 > 0.000618); n_peaks=HIGH (2.000000 > 1.000000),0.0978961633333333,0.0649325876660991,0.0042162409410156,0.3019568614729687,-1.0747009385612698,0.001724262547868,0.0029598075705495,2
1659,1,1,3,diff_var=HIGH (0.004025 > 0.001651); diff2_var=HIGH (0.005873 > 0.000618); n_peaks=HIGH (2.000000 > 1.000000),0.2939855269047619,0.2791443551828464,0.0779215710304471,0.3655400349131617,-1.4115793962099554,0.0040253736585103,0.0058731135196623,2
1664,1,1,3,kurtosis=HIGH (0.107954 > 0.085746); diff2_var=HIGH (0.001633 > 0.000618); n_peaks=HIGH (2.000000 > 1.000000),0.0319317052631578,0.0484993266543326,0.0023521846859236,1.260955170388785,0.1079537580961371,0.0008502896188627,0.0016332321735266,2
1694,1,1,3,diff_var=HIGH (0.002685 > 0.001651); diff2_var=HIGH (0.006334 > 0.000618); n_peaks=HIGH (2.000000 > 1.000000),0.144703274137931,0.1757038731890751,0.0308718510536426,0.811583290056551,-0.9603006935493535,0.0026846404912481,0.0063341299567784,2
1696,1,1,3,diff_var=HIGH (0.002044 > 0.001651); diff2_var=HIGH (0.004832 > 0.000618); n_peaks=HIGH (2.000000 > 1.000000),0.1111510257142857,0.159876514560915,0.0255604999081464,1.027739772679969,-0.6276608953148415,0.0020441398618776,0.0048322816850505,2
1698,1,1,3,diff_var=HIGH (0.003637 > 0.001651); diff2_var=HIGH (0.008809 > 0.000618); n_peaks=HIGH (2.000000 > 1.000000),0.233798219047619,0.2903117388764867,0.0842809057294893,0.7851635929664611,-1.0105092326694127,0.0036368617420585,0.0088086788293009,2
1702,1,1,3,diff_var=HIGH (0.006004 > 0.001651); diff2_var=HIGH (0.014201 > 0.000618); n_peaks=HIGH (2.000000 > 1.000000),0.2627979173529411,0.3195797522836399,0.1021312180696726,0.7730757019961408,-1.0129065487719895,0.0060036475577601,0.0142014986575259,2
1708,1,1,3,diff_var=HIGH (0.011267 > 0.001651); diff2_var=HIGH (0.030045 > 0.000618); n_peaks=HIGH (2.000000 > 1.000000),0.2961731813235295,0.3394961567563118,0.1152576404523062,0.7256883999804471,-1.0646063560078491,0.0112671999752035,0.0300452794942408,2
1719,1,1,3,diff_var=HIGH (0.045977 > 0.001651); diff2_var=HIGH (0.096160 > 0.000618); n_peaks=HIGH (2.000000 > 1.000000),0.3305022972222222,0.3860353880982205,0.1490233208641437,0.8167309088887424,-0.8658019684742184,0.0459774867592625,0.0961598527669834,2
1723,1,1,3,diff_var=HIGH (0.032813 > 0.001651); diff2_var=HIGH (0.065493 > 0.000618); n_peaks=HIGH (2.000000 > 1.000000),0.3123967329411765,0.3787079953971192,0.1434197457777045,0.7804584951090155,-1.1201544797274157,0.032812591443596,0.0654933051934442,2
1725,1,1,3,diff_var=HIGH (0.032128 > 0.001651); diff2_var=HIGH (0.058066 > 0.000618); n_peaks=HIGH (2.000000 > 1.000000),0.345782901,0.357453673205573,0.1277731284881566,0.8648094424724277,-0.7315644520171096,0.0321284715943241,0.0580657850742496,2
1726,1,1,3,diff_var=HIGH (0.085060 > 0.001651); diff2_var=HIGH (0.237017 > 0.000618); n_peaks=HIGH (2.000000 > 1.000000),0.3097762523809523,0.410672116785906,0.1686515875054168,0.7938081443067161,-1.1378673647947268,0.0850601132229089,0.2370171499536495,2
1727,1,1,3,diff_var=HIGH (0.075141 > 0.001651); diff2_var=HIGH (0.245656 > 0.000618); n_peaks=HIGH (2.000000 > 1.000000),0.2096417563157894,0.2833886002618492,0.0803090987583701,0.8477825721084358,-1.0596690417199894,0.0751413122050478,0.2456558421232697,2
1748,1,1,3,skew=HIGH (3.371883 > 2.405678); kurtosis=HIGH (11.276670 > 0.085746); n_peaks=HIGH (7.000000 > 1.000000),0.0019561374585635,0.0055230396271194,3.0503966722732216e-05,3.371883022056913,11.27666974468313,2.3982927769617725e-06,4.072985470676666e-06,7
1751,1,1,3,skew=HIGH (2.997559 > 2.405678); kurtosis=HIGH (8.145685 > 0.085746); n_peaks=HIGH (10.000000 > 1.000000),0.0008884300877192,0.0026279092082969,6.905906807051749e-06,2.9975585551584496,8.145684999064907,1.5558733407214077e-06,3.4083557837635295e-06,10
1,1,1,2,kurtosis=HIGH (0.631117 > 0.085746); n_peaks=HIGH (4.000000 > 1.000000),8.533143499999998e-07,1.8693001780627744e-05,3.4942831557055196e-10,0.5520522696354365,0.6311173662492302,1.2711755417075724e-10,2.9606660433502864e-10,4
22,1,1,2,kurtosis=HIGH (0.537473 > 0.085746); n_peaks=HIGH (6.000000 > 1.000000),-5.040148853641304e-06,1.5151888968130378e-05,2.2957973930255104e-10,-1.5093964027183435,0.5374727443578138,7.517321168711943e-12,1.5725877456716946e-11,6
80,1,1,2,kurtosis=HIGH (0.463470 > 0.085746); n_peaks=HIGH (2.000000 > 1.000000),6.674827876404496e-07,2.2666593167745932e-05,5.137744458321065e-10,-0.8369032610276442,0.4634700531724163,6.962235263410451e-11,2.020517843314645e-10,2
106,1,1,2,kurtosis=HIGH (0.366016 > 0.085746); n_peaks=HIGH (2.000000 > 1.000000),4.434545005617978e-06,1.3827704621552642e-05,1.9120541510090828e-10,0.0650394441445405,0.3660157247453517,4.330064134269116e-11,1.2931585249754594e-10,2
204,1,1,2,kurtosis=HIGH (0.209263 > 0.085746); n_peaks=HIGH (2.000000 > 1.000000),-3.685781908505749e-06,1.6903851297643795e-05,2.857401886928538e-10,-0.3298612649312685,0.2092634389330263,2.0540132316660936e-11,4.148774573169176e-11,2
219,0,1,2,diff_var=HIGH (0.005883 > 0.001651); diff2_var=HIGH (0.002133 > 0.000618),0.3608528227272727,0.4199034470720522,0.1763189048629917,0.6792455325622585,-1.1431892127341254,0.0058825465705772,0.0021332786692342,1
220,0,1,2,diff_var=HIGH (0.005948 > 0.001651); diff2_var=HIGH (0.001274 > 0.000618),0.3112935942307692,0.4372803090745716,0.1912140687043528,1.0581193615064777,-0.4778971165880192,0.0059475228494431,0.0012736127415499,1
221,0,1,2,diff_var=HIGH (0.006155 > 0.001651); diff2_var=HIGH (0.000683 > 0.000618),0.3243037282051282,0.389111370107935,0.1514076583472743,0.6962372892953352,-1.175040656181171,0.0061551413644568,0.0006831611902129,1
222,0,1,2,diff_var=HIGH (0.008302 > 0.001651); diff2_var=HIGH (0.001422 > 0.000618),0.3346076369565217,0.4639055781161887,0.2152083854073153,1.0520200455336757,-0.4392186993768341,0.0083020456995924,0.001421954744534,1
223,0,1,2,diff_var=HIGH (0.008598 > 0.001651); diff2_var=HIGH (0.001576 > 0.000618),0.3892984931578947,0.4536367965000238,0.205786343138804,0.6900828737916546,-1.137544296678708,0.0085984312924364,0.0015755016776703,1
224,0,1,2,diff_var=HIGH (0.007357 > 0.001651); diff2_var=HIGH (0.001310 > 0.000618),0.3450315762790698,0.4405686480450292,0.1941007336402248,0.8704003472354223,-0.8604123370743948,0.0073574874910956,0.0013098216654485,1
226,0,1,2,diff_var=HIGH (0.004738 > 0.001651); diff2_var=HIGH (0.000944 > 0.000618),0.311416119,0.3891626856216271,0.1514475958802373,0.9325899750155427,-0.7774550943978098,0.0047382589847658,0.0009437635268562,1
228,0,1,2,diff_var=HIGH (0.003656 > 0.001651); diff2_var=HIGH (0.000876 > 0.000618),0.3814267867924528,0.3939829189180873,0.1552225403992162,0.7518878206384643,-1.053717727077421,0.0036555428322251,0.0008763272115086,1
230,0,1,2,diff_var=HIGH (0.004014 > 0.001651); diff2_var=HIGH (0.001365 > 0.000618),0.4083336351851851,0.4137050337848999,0.1711518549789652,0.7902195809334135,-0.9475500890769504,0.0040143007342738,0.0013653422310492,1
232,0,1,2,diff_var=HIGH (0.005914 > 0.001651); diff2_var=HIGH (0.001116 > 0.000618),0.3414036744067796,0.4666631777935738,0.2177745215083967,1.1706982952525882,-0.1655150985577216,0.0059139308150739,0.0011156296748551,1
233,0,1,2,diff_var=HIGH (0.005583 > 0.001651); diff2_var=HIGH (0.001258 > 0.000618),0.3301816342553191,0.4190607365460928,0.1756119009145538,0.8571443185244781,-0.8688395739628665,0.0055830135973264,0.0012577909925762,1
236,0,1,2,diff_var=HIGH (0.005642 > 0.001651); diff2_var=HIGH (0.001242 > 0.000618),0.3203752488888889,0.4063613932374058,0.1651295819138455,0.8334046413384864,-0.9329654086726608,0.0056421610805163,0.0012418835314604,1
237,0,1,2,diff_var=HIGH (0.005841 > 0.001651); diff2_var=HIGH (0.001036 > 0.000618),0.3455333142857142,0.445706330289366,0.1986541328600134,0.8604742701613701,-0.8888899229112983,0.0058405086836316,0.0010357188372442,1
294,1,1,2,kurtosis=HIGH (1.718171 > 0.085746); n_peaks=HIGH (2.000000 > 1.000000),-4.316690493055566e-07,1.220571325018021e-05,1.4897943594562476e-10,0.7141639236088707,1.7181707814991407,1.6399160091115227e-11,3.296824867133044e-11,2
325,1,1,2,kurtosis=HIGH (1.799849 > 0.085746); n_peaks=HIGH (2.000000 > 1.000000),1.8137951165236684e-05,1.0628627322047069e-05,1.1296771875096542e-10,-1.091506037374902,1.799849000819484,1.1859176407834736e-11,2.3782134058401076e-11,2
450,1,1,2,kurtosis=HIGH (0.127214 > 0.085746); n_peaks=HIGH (3.000000 > 1.000000),-4.749823359595952e-07,1.5626979833278444e-05,2.4420249870969116e-10,-0.5310672970742335,0.1272137568964972,2.1044822621369288e-11,6.090794615233343e-11,3
524,1,1,2,kurtosis=HIGH (1.307280 > 0.085746); n_peaks=HIGH (2.000000 > 1.000000),-9.060793025641027e-07,1.8385384675202978e-05,3.3802236965518836e-10,-0.5720569282504939,1.3072800937575595,1.1502601279965743e-10,3.3490310849049857e-10,2
549,1,1,2,kurtosis=HIGH (3.270686 > 0.085746); n_peaks=HIGH (2.000000 > 1.000000),-3.9004963190184033e-07,1.132638983899521e-05,1.2828710678489393e-10,0.3860086622677174,3.2706862452997605,5.654995904113586e-11,1.6829117419127134e-10,2
578,1,1,2,kurtosis=HIGH (0.351021 > 0.085746); n_peaks=HIGH (2.000000 > 1.000000),-2.014020322222222e-06,1.2558009661708036e-05,1.5770360666355238e-10,-0.5798384008818683,0.3510213755271127,2.1560049877531808e-11,4.28479428937504e-11,2
639,1,1,2,kurtosis=HIGH (1.127038 > 0.085746); n_peaks=HIGH (3.000000 > 1.000000),-3.1841948042253533e-06,1.4846849591360064e-05,2.204289427884685e-10,-0.727004881188215,1.1270384665511024,2.113084331428511e-11,6.160664904323941e-11,3
641,1,1,2,kurtosis=HIGH (4.857953 > 0.085746); n_peaks=HIGH (2.000000 > 1.000000),-2.5333686930091185e-05,1.1354364583618578e-05,1.2892159509773188e-10,-1.2294571196622253,4.857953184279241,5.144291141983158e-11,1.505520283254357e-10,2
648,1,1,2,skew=HIGH (4.374560 > 2.405678); kurtosis=HIGH (31.201842 > 0.085746),-2.205278111888112e-05,9.851380622244215e-06,9.704970016432881e-11,4.374560239157033,31.201842346507235,3.585515694721033e-11,7.133825191467117e-11,1
676,0,1,2,diff_var=HIGH (0.002634 > 0.001651); diff2_var=HIGH (0.000753 > 0.000618),0.1515742305882353,0.128545662521471,0.0165239873530839,0.3088151142052276,-1.3275826823290997,0.0026336945934588,0.0007531361758007,1
678,0,1,2,diff_var=HIGH (0.002803 > 0.001651); diff2_var=HIGH (0.000703 > 0.000618),0.14821885,0.1325346425347728,0.01756543147182,0.3412609354481151,-1.4219019963092507,0.0028026753456911,0.0007032129732329,1
682,0,1,2,diff_var=HIGH (0.002854 > 0.001651); diff2_var=HIGH (0.000700 > 0.000618),0.1369416489473684,0.1418410456136945,0.0201188822207861,0.5180703208325831,-1.3137748866122767,0.0028539946301086,0.0006995086875404,1
683,0,1,2,diff_var=HIGH (0.003106 > 0.001651); diff2_var=HIGH (0.000731 > 0.000618),0.134525826,0.1496240359017034,0.0223873521195142,0.6377275515249441,-1.2151727307339997,0.0031062551568133,0.0007308980530852,1
685,0,1,2,diff_var=HIGH (0.002633 > 0.001651); diff2_var=HIGH (0.000722 > 0.000618),0.1145533642857142,0.1374614631048341,0.0188956538389216,0.7472968519217124,-1.055320811114492,0.0026334640428332,0.0007222145384144,1
693,0,1,2,diff_var=HIGH (0.003563 > 0.001651); diff2_var=HIGH (0.000945 > 0.000618),0.1872384210526315,0.1628184555654405,0.0265098494727153,0.3648287826218225,-1.3607477947008288,0.0035625870355466,0.0009451597805932,1
695,0,1,2,diff_var=HIGH (0.003743 > 0.001651); diff2_var=HIGH (0.000700 > 0.000618),0.180937716,0.1726234547478727,0.0297988571290908,0.4948638301759134,-1.3328678676077648,0.0037428252266697,0.0007003423756779,1
697,0,1,2,diff_var=HIGH (0.004152 > 0.001651); diff2_var=HIGH (0.000770 > 0.000618),0.1776535195454545,0.1918380591524209,0.0368018409393677,0.6288301052974299,-1.219881548679153,0.0041520777253868,0.0007700822641727,1
699,0,1,2,diff_var=HIGH (0.003588 > 0.001651); diff2_var=HIGH (0.000766 > 0.000618),0.1597783723809523,0.1718098478041942,0.0295186238025004,0.5654367752243403,-1.3174549379046498,0.0035880325252226,0.0007661640211171,1
701,0,1,2,diff_var=HIGH (0.003005 > 0.001651); diff2_var=HIGH (0.000684 > 0.000618),0.1430844113636363,0.160537056542826,0.0257721465234345,0.6408159340770039,-1.2213038677229997,0.003005103029644,0.0006838521084612,1
754,1,1,2,kurtosis=HIGH (1.746963 > 0.085746); n_peaks=HIGH (4.000000 > 1.000000),-3.257308275862069e-05,1.0860378017634084e-05,1.1794781068590965e-10,1.1146954377330114,1.7469629919185028,2.133507298996922e-10,6.516490748172957e-10,4
755,1,1,2,kurtosis=HIGH (1.374732 > 0.085746); n_peaks=HIGH (6.000000 > 1.000000),-3.6464157894736845e-05,1.5937956427571717e-05,2.5401845508717456e-10,1.8012970963937087,1.3747323995039429,6.221186785837837e-10,1.7903627983808335e-09,6
756,1,1,2,kurtosis=HIGH (1.568956 > 0.085746); n_peaks=HIGH (6.000000 > 1.000000),-3.3780291836734695e-05,1.3796298264638676e-05,1.9033784580687212e-10,1.6011694486789798,1.5689562857140509,3.449742742224826e-10,1.009990033067044e-09,6
818,1,1,2,diff_var=HIGH (0.003233 > 0.001651); diff2_var=HIGH (0.006941 > 0.000618),0.148468412,0.1016723492453929,0.0103372666010771,-0.117785994334754,-1.5366964779858847,0.0032325992288362,0.0069414157385772,1
820,0,1,2,diff_var=HIGH (0.004376 > 0.001651); diff2_var=HIGH (0.000828 > 0.000618),0.1938879889655172,0.2383556160789156,0.0568133997163594,0.7450874864957923,-1.1412264520708688,0.0043762710028824,0.0008277023454082,1
875,1,1,2,kurtosis=HIGH (0.308319 > 0.085746); n_peaks=HIGH (6.000000 > 1.000000),0.0092742990076335,0.0170915824973927,0.0002921221922651,1.4375843304929,0.3083194044487261,1.4120254113721536e-05,2.0172691285933335e-05,6
881,0,1,2,diff2_var=HIGH (0.000650 > 0.000618); n_peaks=HIGH (2.000000 > 1.000000),0.454437245032258,0.372781346377607,0.1389659322071014,0.2391080681861559,-1.5269736392027065,0.0004786735370231,0.0006498096620526,2
902,0,1,2,kurtosis=HIGH (0.232371 > 0.085746); n_peaks=HIGH (2.000000 > 1.000000),0.2225919199006622,0.3669584554764591,0.1346585080456684,1.3596595797095132,0.2323708414035401,0.0002403742718096,0.0002153550747845,2
1037,0,1,2,diff_var=HIGH (0.004655 > 0.001651); diff2_var=HIGH (0.001108 > 0.000618),0.8976729230769231,0.1496239336168986,0.022387321510994,-0.202733321035767,-1.1098361596452688,0.0046548934208333,0.0011078188101983,1
1038,0,1,2,diff_var=HIGH (0.004318 > 0.001651); diff2_var=HIGH (0.000852 > 0.000618),0.8496995833333333,0.1311078799071324,0.017189276173743,-0.1693939380794279,-1.299567186066868,0.0043176052125619,0.0008516751350099,1
1041,0,1,2,diff_var=HIGH (0.004020 > 0.001651); diff2_var=HIGH (0.001051 > 0.000618),0.8213746153846153,0.1246990611676079,0.0155498558560828,0.1991009791075331,-1.4146548461868564,0.004020213857743,0.001050684892628,1
1042,0,1,2,diff_var=HIGH (0.004013 > 0.001651); diff2_var=HIGH (0.000936 > 0.000618),0.8917526666666667,0.1367435561256503,0.0186988001418888,-0.4270230396374967,-0.9418857335461857,0.0040131733104462,0.00093609763776,1
1044,0,1,2,diff_var=HIGH (0.004306 > 0.001651); diff2_var=HIGH (0.001278 > 0.000618),0.868927076923077,0.1417895319020204,0.020104271356994,-0.1242904323880598,-1.1579730584716224,0.0043062590259722,0.0012775047612396,1
1045,0,1,2,diff_var=HIGH (0.004651 > 0.001651); diff2_var=HIGH (0.000980 > 0.000618),0.83385375,0.1263743317727964,0.0159704717310208,0.0484868799972726,-1.3710861700874857,0.0046505472905454,0.0009803238562499,1
1048,0,1,2,diff_var=HIGH (0.005072 > 0.001651); diff2_var=HIGH (0.001335 > 0.000618),0.8337529166666667,0.1323574047862191,0.017518482601743,0.0610853815564616,-1.3706051120232887,0.00507161485,0.00133541345505,1
1049,0,1,2,diff_var=HIGH (0.004014 > 0.001651); diff2_var=HIGH (0.001066 > 0.000618),0.8660702307692307,0.1437585586424222,0.0206665231829467,-0.317436049523284,-1.0541311312175647,0.0040137597114097,0.0010660025093388,1
1051,0,1,2,diff_var=HIGH (0.004955 > 0.001651); diff2_var=HIGH (0.001095 > 0.000618),0.8766851666666667,0.1420127081290223,0.0201676092701388,-0.2278818721720104,-1.0556589407830772,0.004955360634595,0.0010951289953999,1
1052,0,1,2,diff_var=HIGH (0.004114 > 0.001651); diff2_var=HIGH (0.001053 > 0.000618),0.8155344999999999,0.1227880632740142,0.0150769084825833,-0.0154239104664138,-1.35853717289959,0.0041139144025454,0.00105291190689,1
1055,0,1,2,diff_var=HIGH (0.003743 > 0.001651); diff2_var=HIGH (0.001081 > 0.000618),0.8081007692307692,0.121023902493016,0.014646784974639,0.1713395336342686,-1.317339334886195,0.0037434121160763,0.0010811491468099,1
1056,0,1,2,diff_var=HIGH (0.003911 > 0.001651); diff2_var=HIGH (0.001993 > 0.000618),0.8689222500000001,0.12050747324345,0.0145220511075208,-0.4149965612207168,-0.7975821016135871,0.0039106517371404,0.00199261655669,1
1066,0,1,2,diff_var=HIGH (0.005957 > 0.001651); diff2_var=HIGH (0.002573 > 0.000618),0.9122729,0.1206175464842905,0.01454859251989,0.1248847442827984,-1.389411683940362,0.0059572234413333,0.0025731622356875,1
1070,0,1,2,diff_var=HIGH (0.005993 > 0.001651); diff2_var=HIGH (0.002537 > 0.000618),0.8818774999999999,0.1199311811650748,0.0143834882156499,0.1533411823803957,-1.3985029850573367,0.0059925648548395,0.0025366043089843,1
1073,0,1,2,diff_var=HIGH (0.006951 > 0.001651); diff2_var=HIGH (0.002710 > 0.000618),0.8680878,0.1356574399211484,0.0184029410059599,0.0336618372567793,-1.360061827358237,0.0069513282677777,0.0027096359579374,1
1077,0,1,2,diff_var=HIGH (0.006398 > 0.001651); diff2_var=HIGH (0.002862 > 0.000618),0.8363494000000001,0.1233404897510951,0.0152128764120399,0.1150554613312731,-1.4265556689376369,0.0063975469548395,0.0028620683449374,1
1084,0,1,2,diff_var=HIGH (0.003247 > 0.001651); diff2_var=HIGH (0.000922 > 0.000618),0.3680605152727273,0.4075943848869435,0.1661331825913658,0.6212671510549385,-1.2100215984885372,0.0032472434526768,0.0009218711443491,1
1086,0,1,2,diff_var=HIGH (0.003380 > 0.001651); diff2_var=HIGH (0.000665 > 0.000618),0.390390850819672,0.4314811550618771,0.1861759871735316,0.8263757053006494,-0.8875881863538826,0.0033797830066898,0.0006652990420838,1
1088,0,1,2,diff_var=HIGH (0.004835 > 0.001651); diff2_var=HIGH (0.000799 > 0.000618),0.3329046997916666,0.4104470348323134,0.1684667684026383,0.7627432361227421,-1.0493543363412146,0.0048351230270391,0.0007989089318284,1
1089,0,1,2,diff_var=HIGH (0.005328 > 0.001651); diff2_var=HIGH (0.000813 > 0.000618),0.3250577384782608,0.40910453651125,0.1673665217940847,0.8198879575084972,-0.9425989900698322,0.0053280462023522,0.0008129180204174,1
1090,0,1,2,diff_var=HIGH (0.004747 > 0.001651); diff2_var=HIGH (0.001106 > 0.000618),0.2763755331707317,0.3431976252789938,0.1177846099971406,0.7640062645520972,-1.0629685201875552,0.0047472215230768,0.0011058624881666,1
1091,0,1,2,diff_var=HIGH (0.006086 > 0.001651); diff2_var=HIGH (0.000900 > 0.000618),0.31894175,0.4197202512751669,0.1761650893304892,0.9381165148327728,-0.7227050272488142,0.0060863009396126,0.0008998077315049,1
1092,0,1,2,diff_var=HIGH (0.005087 > 0.001651); diff2_var=HIGH (0.000896 > 0.000618),0.3208678620930232,0.3797905310528545,0.1442408474774092,0.7708344218827342,-1.015982165322567,0.0050873217119157,0.0008958628625835,1
1093,0,1,2,diff_var=HIGH (0.004168 > 0.001651); diff2_var=HIGH (0.000866 > 0.000618),0.2894292625490196,0.3759036907880655,0.1413035847480896,0.949828509562019,-0.7160977697589357,0.0041677579105244,0.0008659138429729,1
1094,0,1,2,diff_var=HIGH (0.004183 > 0.001651); diff2_var=HIGH (0.000663 > 0.000618),0.3437382569090909,0.4167799117571378,0.1737054948442876,0.9337915150795396,-0.709794447558231,0.0041833710397619,0.0006630250941757,1
1114,0,1,2,diff_var=HIGH (0.001938 > 0.001651); diff2_var=HIGH (0.002926 > 0.000618),0.1131577307692308,0.1392104617040156,0.0193795526478452,0.8634137445646084,-0.9810697333210312,0.0019378366723891,0.002926283558613,1
1132,0,1,2,diff_var=HIGH (0.001667 > 0.001651); diff2_var=HIGH (0.000967 > 0.000618),0.187144043488372,0.2119126085029906,0.0449069536425417,0.6558692370583993,-1.1926236030504362,0.0016666389289411,0.0009672511328608,1
1133,0,1,2,diff_var=HIGH (0.001662 > 0.001651); diff2_var=HIGH (0.000975 > 0.000618),0.1916816695238095,0.2095202625341076,0.0438987404123613,0.563706740661842,-1.3493385365925854,0.001661747650038,0.0009749423941907,1
1143,0,1,2,diff_var=HIGH (0.002008 > 0.001651); diff2_var=HIGH (0.000869 > 0.000618),0.2717618844444444,0.2704616150986744,0.0731494852417835,0.3782150255405814,-1.487269601297868,0.0020079703152804,0.0008690995101497,1
1146,0,1,2,diff_var=HIGH (0.001809 > 0.001651); diff2_var=HIGH (0.000727 > 0.000618),0.2298076757142857,0.2365167029792771,0.0559401507881876,0.4603706220310977,-1.3866767194337035,0.0018088637719881,0.0007268753179504,1
1152,1,1,2,diff_var=HIGH (0.004228 > 0.001651); diff2_var=HIGH (0.000869 > 0.000618),0.4541684613846155,0.433760317408069,0.1881480129579487,0.1254413191886094,-1.8588134788229729,0.0042276400468654,0.0008685887829187,1
1153,0,1,2,diff_var=HIGH (0.004800 > 0.001651); diff2_var=HIGH (0.001580 > 0.000618),0.2549064340909091,0.3382364117747015,0.1144038702502254,0.8309298439342435,-1.0007254736784716,0.0048000331089074,0.0015800153461633,1
1154,0,1,2,diff_var=HIGH (0.005786 > 0.001651); diff2_var=HIGH (0.001825 > 0.000618),0.2548970243902439,0.3443023171915031,0.1185440856234384,0.8771982713353376,-0.9034945841171012,0.0057857977027999,0.0018248263028717,1
1156,0,1,2,diff_var=HIGH (0.004499 > 0.001651); diff2_var=HIGH (0.000722 > 0.000618),0.2322993407142857,0.31777210288432,0.1009791093715229,0.9270579210440056,-0.8117921945419551,0.0044990126288885,0.0007217096227664,1
1160,0,1,2,diff_var=HIGH (0.004160 > 0.001651); diff2_var=HIGH (0.000879 > 0.000618),0.2256087138297872,0.3212662324998148,0.103211992144625,1.0480229763794515,-0.5497859235054348,0.0041595043682142,0.0008794581886045,1
1161,0,1,2,diff_var=HIGH (0.004408 > 0.001651); diff2_var=HIGH (0.000722 > 0.000618),0.277833734,0.3241598899780757,0.1050796342705981,0.7372257293475085,-1.1073730104424735,0.0044082595727991,0.0007222614205399,1
1162,0,1,2,diff_var=HIGH (0.003908 > 0.001651); diff2_var=HIGH (0.001776 > 0.000618),0.248648635,0.3069401857889854,0.0942122776521769,0.947211739428416,-0.7806617544978467,0.0039080797446464,0.0017763310852918,1
1164,0,1,2,diff_var=HIGH (0.004665 > 0.001651); diff2_var=HIGH (0.000905 > 0.000618),0.3197443021951219,0.321896189060487,0.1036171565316648,0.7498698733713326,-1.0251352502263444,0.0046652457768052,0.0009048363396295,1
1170,0,1,2,diff_var=HIGH (0.003349 > 0.001651); diff2_var=HIGH (0.000877 > 0.000618),0.1919683685714285,0.265756604576263,0.0706265728759042,0.9385077793737404,-0.8052094659750324,0.0033493574799249,0.0008765826126163,1
1527,0,1,2,diff_var=HIGH (0.003746 > 0.001651); diff2_var=HIGH (0.000790 > 0.000618),0.298477503877551,0.3562603139812639,0.1269214113180287,0.8185823124562112,-0.9638880295143176,0.0037458035645514,0.0007898183523417,1
1529,0,1,2,diff_var=HIGH (0.003254 > 0.001651); diff2_var=HIGH (0.000649 > 0.000618),0.2462132358333333,0.3191976992701846,0.1018871712193792,0.8838510360308687,-0.8576983299141925,0.0032544118336416,0.000648639186207,1
1532,0,1,2,diff_var=HIGH (0.002366 > 0.001651); diff2_var=HIGH (0.000796 > 0.000618),0.2284517665957447,0.2770184914158884,0.0767392445863346,0.7290352846408014,-1.1092870180653327,0.0023662436676035,0.0007957022266428,1
1533,0,1,2,diff_var=HIGH (0.003878 > 0.001651); diff2_var=HIGH (0.000640 > 0.000618),0.3290760125,0.3840012272429052,0.1474569425240573,0.6768856413202738,-1.1606146164119684,0.0038775723930365,0.000639602483473,1
1541,0,1,2,diff_var=HIGH (0.001726 > 0.001651); n_peaks=HIGH (2.000000 > 1.000000),0.1697851062162162,0.1961610355562408,0.0384791518704967,0.639621552732666,-1.2312022966792404,0.0017259779482925,0.0004479193197025,2
1544,1,1,2,diff2_var=HIGH (0.001818 > 0.000618); n_peaks=HIGH (2.000000 > 1.000000),0.1011498094285714,0.1276978778709439,0.0163067480127425,0.7583218812336878,-1.0791361667646149,0.0014256969031124,0.0018176681124627,2
1546,1,1,2,diff2_var=HIGH (0.002321 > 0.000618); n_peaks=HIGH (2.000000 > 1.000000),0.0653323014705882,0.0925653645741839,0.0085683467187515,0.993782953982612,-0.6884292880986123,0.0013929545015978,0.002320812298849,2
1549,0,1,2,diff_var=HIGH (0.004569 > 0.001651); diff2_var=HIGH (0.000685 > 0.000618),0.3610269099999998,0.3955289815830437,0.1564431752721197,0.7437915176885115,-1.0139195111323234,0.0045689682978629,0.0006846734974779,1
1552,0,1,2,diff_var=HIGH (0.004743 > 0.001651); diff2_var=HIGH (0.000644 > 0.000618),0.3503255853846154,0.3578860374588603,0.1280824158080047,0.6129610720103379,-1.235864454866648,0.0047431377834997,0.0006439997666559,1
1565,0,1,2,diff_var=HIGH (0.004670 > 0.001651); diff2_var=HIGH (0.000620 > 0.000618),0.2756530377777778,0.3627908763852753,0.1316172199883961,0.8953841241699338,-0.829329167225012,0.0046703778674268,0.0006202551920172,1
1566,0,1,2,diff_var=HIGH (0.001760 > 0.001651); diff2_var=HIGH (0.000656 > 0.000618),0.1733729545454545,0.1810520515109784,0.032779845356334,0.4990797097034263,-1.34958794300136,0.0017600000431781,0.0006561563081554,1
1575,1,1,2,diff2_var=HIGH (0.002885 > 0.000618); n_peaks=HIGH (2.000000 > 1.000000),0.1017588155555555,0.1130767240677881,0.0127863455259026,0.7227687113359639,-1.0402171065776729,0.0014931160675254,0.0028846695012359,2
1578,0,1,2,diff_var=HIGH (0.006039 > 0.001651); diff2_var=HIGH (0.001758 > 0.000618),0.3282785795454546,0.3847253468729688,0.1480135925265261,0.9092745773655706,-0.7776885319528724,0.0060390200545261,0.0017576888595129,1
1580,0,1,2,diff_var=HIGH (0.004492 > 0.001651); diff2_var=HIGH (0.000850 > 0.000618),0.3570350417948718,0.3580118360027183,0.1281724747180373,0.5195275681649955,-1.3119727391509703,0.0044921404947948,0.0008500651773416,1
1583,0,1,2,kurtosis=HIGH (0.221464 > 0.085746); diff_var=HIGH (0.003187 > 0.001651),0.2240469128333333,0.3243463442274071,0.1052005510136836,1.3417939131301155,0.2214636993044672,0.0031869003615485,0.0003294345720395,1
1585,0,1,2,diff_var=HIGH (0.004006 > 0.001651); diff2_var=HIGH (0.000736 > 0.000618),0.2748397931818181,0.3407568258413498,0.116115214357472,0.803735930969769,-0.9801637555333284,0.0040055675680441,0.0007355526422309,1
1589,1,1,2,diff2_var=HIGH (0.000891 > 0.000618); n_peaks=HIGH (2.000000 > 1.000000),0.0164235203846153,0.0260900323305797,0.0006806897870106,1.1568154585199004,-0.3969070931086476,0.0004071697466141,0.0008906577557409,2
1595,1,1,2,diff2_var=HIGH (0.003087 > 0.000618); n_peaks=HIGH (2.000000 > 1.000000),0.0487647774074074,0.0541278158162108,0.0029298204450336,0.7081026272053079,-0.9032983422292552,0.0015985409091174,0.0030868243190908,2
1597,0,1,2,diff_var=HIGH (0.003816 > 0.001651); diff2_var=HIGH (0.001028 > 0.000618),0.2355951450980392,0.3363075349936256,0.1131027580934887,1.0706850050999408,-0.4808393763634657,0.0038159347924159,0.0010279307833224,1
1600,0,1,2,diff_var=HIGH (0.003722 > 0.001651); diff2_var=HIGH (0.002374 > 0.000618),0.2886495156249999,0.2608746899018918,0.0680556038314082,0.2194211566748218,-1.5372841331570597,0.0037217189247708,0.0023737824634803,1
1611,1,1,2,diff2_var=HIGH (0.000671 > 0.000618); n_peaks=HIGH (2.000000 > 1.000000),0.2540245142857142,0.1887903855252125,0.0356418096667583,0.240443087621826,-1.041315716364459,0.0013552809759122,0.000671405808837,2
1621,1,1,2,diff2_var=HIGH (0.001621 > 0.000618); n_peaks=HIGH (2.000000 > 1.000000),0.235756723076923,0.163176107869434,0.0266264421794171,-0.4299197345944403,-1.4254465616824583,0.0012481133059717,0.0016214000682656,2
1630,1,1,2,diff2_var=HIGH (0.001201 > 0.000618); n_peaks=HIGH (2.000000 > 1.000000),0.2496532351851852,0.1948501282197376,0.0379665724672482,0.0634336205125106,-1.51828649573882,0.0012687310245569,0.001201198132892,2
1634,1,1,2,diff2_var=HIGH (0.002716 > 0.000618); n_peaks=HIGH (2.000000 > 1.000000),0.1899672496721311,0.1630726324441344,0.0265926834522597,-0.0576080010450553,-1.6860096316706707,0.0013962850941325,0.0027164575679594,2
1636,0,1,2,kurtosis=HIGH (0.355568 > 0.085746); diff_var=HIGH (0.002281 > 0.001651),0.1833138708695652,0.3055090420877243,0.0933357747973588,1.3969646162749323,0.3555677374451957,0.0022809160780671,0.0001817718834025,1
1642,1,1,2,diff2_var=HIGH (0.001008 > 0.000618); n_peaks=HIGH (2.000000 > 1.000000),0.1889447567164179,0.1679160576205134,0.0281958024068155,0.1095714524927942,-1.4820622712818636,0.0008865718449039,0.001007761977631,2
1644,0,1,2,kurtosis=HIGH (0.704226 > 0.085746); diff_var=HIGH (0.002205 > 0.001651),0.1793742756410256,0.3161375623556213,0.0999429583321543,1.5153386909909643,0.7042263641831701,0.0022050182368277,0.0001983036170055,1
1645,0,1,2,diff_var=HIGH (0.002770 > 0.001651); diff2_var=HIGH (0.000866 > 0.000618),0.2106744783076923,0.3288131609904774,0.1081180948405496,1.244843779234299,-0.0754826715729977,0.0027697740294131,0.0008657846673619,1
1649,0,1,2,kurtosis=HIGH (0.263680 > 0.085746); diff_var=HIGH (0.002595 > 0.001651),0.2012785144927536,0.3308583417318101,0.1094672422935232,1.3642187833810242,0.2636804562875259,0.0025947697393491,0.0002426152380152,1
1654,0,1,2,kurtosis=HIGH (0.205807 > 0.085746); diff_var=HIGH (0.001954 > 0.001651),0.2351497853086419,0.3390310842108365,0.1149420760611752,1.3272861180602038,0.2058071907400176,0.0019542027721412,0.0002040253661658,1
1655,0,1,2,kurtosis=HIGH (0.697480 > 0.085746); diff_var=HIGH (0.002093 > 0.001651),0.2107662597590361,0.3320691197571985,0.1102699002963206,1.5050700904562415,0.6974800769647809,0.0020925181691807,0.0001925665762407,1
1656,0,1,2,kurtosis=HIGH (0.580899 > 0.085746); diff_var=HIGH (0.002405 > 0.001651),0.2106440885714285,0.3389665025994965,0.1148982898845345,1.468921071723082,0.5808989197500543,0.0024051574863739,0.0002341320661017,1
1662,1,1,2,diff2_var=HIGH (0.001432 > 0.000618); n_peaks=HIGH (2.000000 > 1.000000),0.0263143247222222,0.0395334821149463,0.0015628962081327,1.0806704737394484,-0.4282286881486756,0.0006216870294309,0.0014320874501407,2
1666,1,1,2,diff2_var=HIGH (0.002459 > 0.000618); n_peaks=HIGH (2.000000 > 1.000000),0.06638054,0.0844728343537637,0.0071356597437583,0.892825517460149,-0.7270893603141806,0.0013234767470979,0.0024586172726231,2
1668,1,1,2,diff2_var=HIGH (0.003017 > 0.000618); n_peaks=HIGH (2.000000 > 1.000000),0.0530667013157894,0.0726292172926393,0.0052750032045414,1.0151969622840171,-0.539399714250766,0.0015519396374769,0.0030174060418057,2
1669,0,1,2,kurtosis=HIGH (0.170998 > 0.085746); diff_var=HIGH (0.002233 > 0.001651),0.2188873567948717,0.3525252562414752,0.1242740562881177,1.330261717938904,0.1709981797417121,0.00223285476126,0.0001882165546105,1
1670,0,1,2,kurtosis=HIGH (0.764167 > 0.085746); diff_var=HIGH (0.001725 > 0.001651),0.1904300068085106,0.3327591676896326,0.110728663681497,1.53260757631669,0.7641674123099054,0.0017250158393792,0.0002156387091844,1
1690,1,1,2,diff2_var=HIGH (0.001559 > 0.000618); n_peaks=HIGH (2.000000 > 1.000000),0.1009535480769231,0.1031964695176846,0.0106495113209144,0.7274699784225874,-1.0540612066423136,0.0009192504447867,0.0015593992262331,2
1709,0,1,2,diff_var=HIGH (0.001771 > 0.001651); diff2_var=HIGH (0.000705 > 0.000618),0.3870176797183098,0.3957708470702523,0.156634563390705,0.4805875817964364,-1.3567290612675529,0.0017711297954474,0.0007045231260481,1
1720,0,1,2,diff_var=HIGH (0.004694 > 0.001651); diff2_var=HIGH (0.002311 > 0.000618),0.4105102308333332,0.3861457591183034,0.1491085472850508,0.6761735707069491,-1.0027421146476243,0.0046940709230312,0.0023113496482681,1
1722,0,1,2,diff_var=HIGH (0.005378 > 0.001651); diff2_var=HIGH (0.002154 > 0.000618),0.3407496775,0.398318400008363,0.1586575477852222,0.8355965893258803,-0.8725946859146894,0.0053784820627927,0.0021540467047998,1
1736,0,1,2,kurtosis=HIGH (0.296484 > 0.085746); n_peaks=HIGH (4.000000 > 1.000000),0.056000191004184,0.0987223638976525,0.0097461051335405,1.4171672369773636,0.2964840894583038,1.4965122180847384e-05,9.574160846286568e-06,4
1737,1,1,2,kurtosis=HIGH (3.676077 > 0.085746); n_peaks=HIGH (2.000000 > 1.000000),0.0137168389403973,0.0300088095882682,0.0009005286529049,2.207968777845431,3.676077196237886,1.2051229478820796e-05,9.467052018828384e-06,2
1738,1,1,2,kurtosis=HIGH (1.723395 > 0.085746); n_peaks=HIGH (3.000000 > 1.000000),0.0145889735388127,0.0300153155834199,0.0009009191695722,1.83087684528794,1.7233954825432534,1.0492150234087415e-05,1.4395685843105046e-05,3
1739,1,1,2,kurtosis=HIGH (1.521664 > 0.085746); n_peaks=HIGH (2.000000 > 1.000000),0.0305966228484848,0.0621071815162695,0.0038573019958948,1.798133755551808,1.5216641614514357,1.0640899365974087e-05,6.119725884676269e-06,2
1743,1,1,2,kurtosis=HIGH (0.542064 > 0.085746); n_peaks=HIGH (3.000000 > 1.000000),0.0264482610697674,0.030755491858341,0.0009459002794484,1.1929384606901472,0.5420640732132198,1.5911989109412123e-05,1.8707024395367595e-05,3
1744,1,1,2,kurtosis=HIGH (5.278898 > 0.085746); n_peaks=HIGH (3.000000 > 1.000000),0.0144868138303341,0.020209286326733,0.0004084152538358,2.0933690366620645,5.278897727533565,1.3493682204236084e-05,1.82171820475323e-05,3
1746,0,1,2,kurtosis=HIGH (1.924511 > 0.085746); n_peaks=HIGH (3.000000 > 1.000000),0.0200705771544715,0.0425087521876969,0.001806994012555,1.9010738043783624,1.9245109974414785,1.347562519860598e-05,1.648974353940872e-05,3
1747,1,1,2,kurtosis=HIGH (2.261875 > 0.085746); n_peaks=HIGH (2.000000 > 1.000000),0.015136826112676,0.0332635433603658,0.0011064633168869,1.995336791104324,2.2618750737579276,1.4896891926112995e-05,1.109838299464193e-05,2
1749,0,1,2,kurtosis=HIGH (2.048091 > 0.085746); n_peaks=HIGH (15.000000 > 1.000000),0.0025328346551724,0.0052923363349774,2.800882388252213e-05,1.8873628900642243,2.0480905118760404,1.8360055417993083e-06,5.2362606008145835e-06,15
1750,0,1,2,kurtosis=HIGH (4.055220 > 0.085746); n_peaks=HIGH (7.000000 > 1.000000),0.0014483429900332,0.0035862708450677,1.2861338574183088e-05,2.337499145320605,4.055220229824239,9.308225763826664e-07,2.7084142410836115e-06,7
1756,0,1,2,kurtosis=HIGH (1.955151 > 0.085746); n_peaks=HIGH (15.000000 > 1.000000),0.0010056391695501,0.0019419773250054,3.771275930835297e-06,1.7757485233755204,1.955150505546948,1.5997390750055556e-06,4.670002520554008e-06,15
1768,1,1,2,kurtosis=HIGH (3.136705 > 0.085746); n_peaks=HIGH (5.000000 > 1.000000),0.0059516542776203,0.0131972605863774,0.0001741676869847,2.1360547250641617,3.136704599804367,1.0318367543568753e-05,1.444565506959886e-05,5
1769,0,1,2,kurtosis=HIGH (2.370697 > 0.085746); n_peaks=HIGH (3.000000 > 1.000000),0.0296299917491166,0.0632939376749193,0.0040061225463965,1.979185030208043,2.3706972179766144,4.341238896772035e-06,3.4241713888471593e-06,3
1770,0,1,2,kurtosis=HIGH (0.110798 > 0.085746); n_peaks=HIGH (5.000000 > 1.000000),0.055519689320843,0.0911974468929582,0.0083169743197939,1.3268528373698936,0.1107984339480894,7.79001599571221e-06,5.400344761799534e-06,5
1771,0,1,2,kurtosis=HIGH (0.810946 > 0.085746); n_peaks=HIGH (4.000000 > 1.000000),0.0366314707175925,0.0678801733106439,0.004607717928683,1.5772147920938602,0.8109464878351038,6.81715597072761e-06,5.058189246154414e-06,4
1772,1,1,2,kurtosis=HIGH (1.101561 > 0.085746); n_peaks=HIGH (6.000000 > 1.000000),0.0251077328368794,0.0435605451964847,0.0018975210978149,1.6105038334748891,1.1015607888192598,1.231558797550664e-05,1.3905708298078389e-05,6
1773,1,1,2,kurtosis=HIGH (0.414206 > 0.085746); n_peaks=HIGH (2.000000 > 1.000000),0.0422031018518518,0.0559797229234079,0.0031337293785815,1.3880933048380923,0.4142055675310878,1.0676775672485604e-05,1.0152919050263044e-05,2
1774,1,1,2,kurtosis=HIGH (0.645872 > 0.085746); n_peaks=HIGH (2.000000 > 1.000000),0.0872241507677902,0.1159238074324063,0.0134383291296256,1.4407521972007058,0.6458721370897269,1.5321184120174488e-05,1.544535390507895e-05,2
1804,1,1,2,kurtosis=HIGH (0.144914 > 0.085746); n_peaks=HIGH (2.000000 > 1.000000),2.3139875663461534e-05,2.994431585632745e-05,8.966620521035037e-10,-1.1793362184602392,0.1449144505661888,3.143740975919186e-11,6.136023996396869e-11,2
1810,1,1,2,kurtosis=HIGH (1.584730 > 0.085746); n_peaks=HIGH (12.000000 > 1.000000),1.5332640294642856e-05,1.787749376380235e-05,3.1960478327479187e-10,0.6517728758988862,1.5847302560567176,2.474553953379042e-10,7.053767874245123e-10,12
1811,1,1,2,kurtosis=HIGH (0.183239 > 0.085746); n_peaks=HIGH (6.000000 > 1.000000),3.1775917642857136e-06,2.200037666104531e-05,4.840165732278672e-10,0.3932562302724324,0.1832392950011208,1.4781280346737346e-10,4.0483056789630175e-10,6
1812,1,1,2,kurtosis=HIGH (3.499580 > 0.085746); n_peaks=HIGH (10.000000 > 1.000000),-6.574501357664234e-06,2.158484336837426e-05,4.659054632372504e-10,1.4914924112849357,3.49958047735426,5.749235498848713e-10,1.7864335913782695e-09,10
1815,1,1,2,kurtosis=HIGH (1.719864 > 0.085746); n_peaks=HIGH (6.000000 > 1.000000),-2.303626871717173e-06,1.9603170764948943e-05,3.8428430403974887e-10,0.7937532076371356,1.7198640966306211,1.411211142025681e-10,3.7332842670152686e-10,6
1996,1,1,2,kurtosis=HIGH (2.410319 > 0.085746); n_peaks=HIGH (2.000000 > 1.000000),-1.1796900404761904e-05,2.3912533723127e-05,5.718092690596859e-10,0.8051178161510765,2.4103194897344817,4.3098224267571493e-10,1.2865259129061767e-09,2
2000,1,1,2,kurtosis=HIGH (0.275114 > 0.085746); n_peaks=HIGH (3.000000 > 1.000000),2.7018313387096777e-06,1.8716783027737724e-05,3.503179669074109e-10,0.3768986283623968,0.2751138813205216,1.9377831669650744e-10,5.680516372283762e-10,3
2022,1,1,2,kurtosis=HIGH (0.439656 > 0.085746); n_peaks=HIGH (3.000000 > 1.000000),-2.0241684999999997e-06,2.1046093318924485e-05,4.4293804398887784e-10,0.8017510297206263,0.4396557477427865,2.5620695882802455e-10,8.61022126448005e-10,3
2073,1,1,2,kurtosis=HIGH (0.240558 > 0.085746); n_peaks=HIGH (2.000000 > 1.000000),1.0273315727272727e-05,2.1722240101002065e-05,4.718557150055821e-10,-0.6819903080093447,0.2405576021230548,3.885844972664475e-10,1.3086576440119082e-09,2
3,1,1,1,n_peaks=HIGH (3.000000 > 1.000000),1.1707879512605042e-05,2.364926455722112e-05,5.59287714097435e-10,-0.8261874641934153,-0.2845925576500123,4.112280202789317e-12,1.0299180074673246e-11,3
4,1,1,1,n_peaks=HIGH (2.000000 > 1.000000),8.486808235294126e-07,2.3379529179636255e-05,5.46602384661463e-10,-0.1384979514679493,-0.8870884659002054,2.4757597647001087e-11,6.240984572962385e-11,2
8,1,1,1,n_peaks=HIGH (3.000000 > 1.000000),1.5204373149999998e-06,1.2854177816387116e-05,1.652298873352987e-10,0.5987550414758036,-0.1114814980954337,1.989722057280419e-11,5.946671994860804e-11,3
15,1,1,1,n_peaks=HIGH (8.000000 > 1.000000),-7.767890676616916e-06,1.2082397907543902e-05,1.4598433919622123e-10,-0.1466542507753611,-1.3764193585466062,4.035516531419921e-12,9.654801934071314e-12,8
19,1,1,1,n_peaks=HIGH (2.000000 > 1.000000),-5.584398348768473e-06,1.387911342484025e-05,1.9262978945958084e-10,-0.1468441553509792,-1.2649221065817802,2.3599440551902203e-12,5.479548364194244e-12,2
21,1,1,1,n_peaks=HIGH (3.000000 > 1.000000),5.2895249343971635e-06,2.0559102743085867e-05,4.226767056007608e-10,-0.5351140290160574,-0.6099811249142237,2.2744860842710054e-11,6.684322749233181e-11,3
27,0,1,1,n_peaks=HIGH (2.000000 > 1.000000),7.010657576354678e-06,2.2390803827611936e-05,5.013480960466014e-10,-0.4789567957926405,-0.8336900319426253,3.2894368618308617e-12,7.773531738830662e-12,2
29,1,1,1,n_peaks=HIGH (4.000000 > 1.000000),2.5735809424778764e-06,1.997898603897775e-05,3.991598831456678e-10,-0.1848671680237747,-1.2579965834416331,6.237984693873817e-12,1.373772180159846e-11,4
30,0,1,1,n_peaks=HIGH (3.000000 > 1.000000),-2.1828606729743593e-06,1.110938812896962e-05,1.2341850460009111e-10,-0.3856325215567748,-0.8880815455825006,2.4016605624366516e-12,6.975553311374877e-12,3
34,0,1,1,n_peaks=HIGH (3.000000 > 1.000000),-7.543538026881721e-06,9.352391877694572e-06,8.746723383396739e-11,-0.2081805538291964,-1.1978992609144303,1.5755302193307805e-12,4.361466225010511e-12,3
40,0,1,1,n_peaks=HIGH (2.000000 > 1.000000),-5.13265655e-06,1.737005850639877e-05,3.017189325157163e-10,-0.2704383521480956,-1.0719674877397287,4.688929118648005e-12,1.2691291607019423e-11,2
42,0,1,1,n_peaks=HIGH (2.000000 > 1.000000),4.740144067357513e-06,1.653377223148881e-05,2.7336562420275036e-10,-0.5283865011298791,-0.7344110338603698,2.5763674947990272e-12,6.919488292004614e-12,2
43,0,1,1,n_peaks=HIGH (2.000000 > 1.000000),-2.7021560402298847e-06,1.0963596430237162e-05,1.2020044668510903e-10,-0.6651712810061887,-0.5898995336961526,2.5786907004658168e-12,7.280366690347954e-12,2
44,0,1,1,n_peaks=HIGH (2.000000 > 1.000000),7.183812135922328e-07,1.7636578141093652e-05,3.110488885269023e-10,-0.0150803784611694,-1.4721426388551364,2.7770370187511977e-12,7.85309143882054e-12,2
45,0,1,1,n_peaks=HIGH (2.000000 > 1.000000),-1.312462500000001e-07,1.561565133238536e-05,2.438485665346287e-10,-0.0620299500774983,-1.4229913972403705,2.3971462657617682e-12,6.253709589544623e-12,2
46,0,1,1,n_peaks=HIGH (3.000000 > 1.000000),6.967145411827957e-06,1.543365017393802e-05,2.3819755769149706e-10,-0.1021904956909832,-1.429684555894081,2.3558835814535306e-12,4.935010106102847e-12,3
49,0,1,1,n_peaks=HIGH (2.000000 > 1.000000),-6.523637596774194e-06,1.5814091960146906e-05,2.5008550452398304e-10,-0.7442022222449438,-0.6905052180708902,1.823506578813816e-12,4.3735662208427516e-12,2
57,1,1,1,n_peaks=HIGH (2.000000 > 1.000000),3.63203292670157e-06,1.9922413462900453e-05,3.9690255818675715e-10,-0.2132621806319292,-1.2363885717823313,4.264999474465775e-12,8.612306281625527e-12,2
58,0,1,1,n_peaks=HIGH (2.000000 > 1.000000),-4.3134840754716985e-06,9.870811050807015e-06,9.74329108007339e-11,0.0043021026279251,-1.3936797186758496,2.0130440020890228e-12,4.249245681800116e-12,2
59,1,1,1,n_peaks=HIGH (2.000000 > 1.000000),2.892919692307692e-06,1.45883226201659e-05,2.1281915687004408e-10,-0.069716947064986,-1.3743775799641456,3.111372416656651e-12,6.166965234303396e-12,2
62,1,1,1,n_peaks=HIGH (2.000000 > 1.000000),-4.602417971098265e-06,1.3516506147858188e-05,1.8269593844508818e-10,-0.1025238130996888,-1.2990520296010797,4.238231915108686e-12,6.898922805017506e-12,2
77,0,1,1,n_peaks=HIGH (11.000000 > 1.000000),-6.273053140331491e-06,1.4523676759708843e-05,2.1093718662050679e-10,0.0179007956267788,-1.3798790827668337,5.328779836742249e-12,1.5160421130533637e-11,11
82,1,1,1,n_peaks=HIGH (2.000000 > 1.000000),-7.583311739759037e-06,2.0753009951526676e-05,4.3068742204816514e-10,0.0201990359882362,-1.4463011708546298,4.210050502464988e-12,9.279822016730595e-12,2
97,1,1,1,n_peaks=HIGH (2.000000 > 1.000000),-7.196355608187134e-06,2.6085815258333243e-05,6.804697576918915e-10,0.1016824882778344,-1.3265286513853711,5.4709485894941185e-11,1.6092712328626835e-10,2
104,1,1,1,n_peaks=HIGH (2.000000 > 1.000000),-1.6305293142857126e-07,1.248453572799547e-05,1.5586363234359536e-10,0.0568702020274285,-1.34504730968096,4.6911008909631756e-12,9.22113355077834e-12,2
108,0,1,1,n_peaks=HIGH (5.000000 > 1.000000),-1.5398929668508289e-06,1.497729230463734e-05,2.2431928477854884e-10,-0.0003316723968342,-1.4614961163656404,1.8944028606044394e-12,5.059638128023586e-12,5
109,0,1,1,n_peaks=HIGH (8.000000 > 1.000000),2.7725879550561803e-06,1.5498279461936173e-05,2.4019666628027256e-10,-0.0222535607745982,-1.3626892964164463,6.121295225264183e-12,1.7720287320060974e-11,8
110,1,1,1,n_peaks=HIGH (2.000000 > 1.000000),4.567061761627908e-06,1.8267538804679597e-05,3.3370297398047483e-10,-0.3830410337597241,-0.9776479575418944,1.6371326049538258e-11,3.931132785995845e-11,2
114,1,1,1,n_peaks=HIGH (3.000000 > 1.000000),-1.413188423312884e-06,2.2858253280493188e-05,5.224997430351775e-10,0.0879224909305077,-1.064793426879995,1.554453532824869e-11,3.014140872369753e-11,3
119,1,1,1,n_peaks=HIGH (2.000000 > 1.000000),7.275469273742831e-09,2.1342143102069182e-05,4.554870721891993e-10,-0.1184358841442671,-1.3084587667114072,2.7533875121484987e-11,8.036560536101421e-11,2
121,1,1,1,n_peaks=HIGH (3.000000 > 1.000000),2.2454212282608697e-06,1.5328699862498866e-05,2.349690394745728e-10,0.2775466582003152,-1.0406986180660247,6.513045969471966e-12,1.2826976891600122e-11,3
127,1,1,1,n_peaks=HIGH (2.000000 > 1.000000),-7.725837017647058e-06,2.5031914079931275e-05,6.265967225050615e-10,0.0412112620378664,-1.3946256926742733,5.92627457251049e-11,1.6650113383188122e-10,2
129,1,1,1,n_peaks=HIGH (2.000000 > 1.000000),-3.199592545945946e-06,2.388337214487905e-05,5.704154650107844e-10,-0.0044808091943833,-0.91979361008989,1.6594510109712626e-11,3.2602290545641697e-11,2
134,1,1,1,n_peaks=HIGH (2.000000 > 1.000000),-1.858890735195531e-06,1.377359776917283e-05,1.8971199550696274e-10,-0.3417235842882896,-0.1270711579261507,3.4929054383756886e-11,6.974969863866063e-11,2
139,1,1,1,n_peaks=HIGH (2.000000 > 1.000000),7.0993456620512825e-06,2.271193442719125e-05,5.15831965425035e-10,-0.0700483202711926,-1.2966215800059686,5.5801963398854994e-11,1.6470647832844474e-10,2
141,1,1,1,n_peaks=HIGH (3.000000 > 1.000000),-5.285984036507937e-06,2.673559019141823e-05,7.147917828834586e-10,0.0067994398559526,-1.2108317971295934,2.3485162729222453e-11,4.5991401209050133e-11,3
146,1,1,1,n_peaks=HIGH (2.000000 > 1.000000),1.9226841573604056e-07,1.3758133851854387e-05,1.8928624708554163e-10,-0.4800756927215989,-0.6539800984488155,5.769793537903537e-12,1.1371263262769944e-11,2
150,1,1,1,n_peaks=HIGH (2.000000 > 1.000000),2.265338898617511e-06,1.1671652933796388e-05,1.3622748220699782e-10,0.0019479593487525,-1.4890603769227575,6.692201249068052e-13,1.3332062639864765e-12,2
151,1,1,1,n_peaks=HIGH (2.000000 > 1.000000),3.1641788221698116e-06,1.0762357323952604e-05,1.1582833516843627e-10,-0.0445365880453412,-1.3783019472212494,1.826376296937111e-12,3.60756381441748e-12,2
160,1,1,1,n_peaks=HIGH (2.000000 > 1.000000),6.156609288888878e-07,2.3482030004919444e-05,5.51405733151937e-10,-0.5833269879792162,-0.802509489673739,2.872093492536186e-12,5.390838524882769e-12,2
163,1,1,1,n_peaks=HIGH (2.000000 > 1.000000),-5.804209585714285e-06,1.510906943341266e-05,2.2828397914368475e-10,-0.2659266425775475,-1.0094025089171297,3.410170924427095e-11,9.96863594773635e-11,2
165,1,1,1,n_peaks=HIGH (2.000000 > 1.000000),2.2651312456896554e-06,2.147398303497449e-05,4.6113194738637214e-10,0.0094168414015433,-1.368997063096835,3.4149932295820034e-12,6.315722288721196e-12,2
170,1,1,1,n_peaks=HIGH (3.000000 > 1.000000),-9.529907714932126e-06,1.6874023639476574e-05,2.847326737856142e-10,-0.6717362687782633,-0.7054197609054382,2.825806897474057e-12,5.715622258434287e-12,3
174,1,1,1,n_peaks=HIGH (2.000000 > 1.000000),3.0582612019202896e-06,1.1077203567074971e-05,1.2270443886641848e-10,-0.2313200103446751,-1.1484231967124183,1.167915010104813e-12,2.394958964827787e-12,2
179,1,1,1,n_peaks=HIGH (2.000000 > 1.000000),-5.743108445955883e-06,2.327264011780827e-05,5.41615778053019e-10,0.1881230608846961,-1.154320703575232,2.153502274057323e-11,5.695634608330962e-11,2
182,1,1,1,n_peaks=HIGH (2.000000 > 1.000000),1.1864028664383564e-05,2.833503258955662e-05,8.028740718512357e-10,-0.7366122331699382,-0.7456957262434574,6.6284357175176755e-12,1.3215246612756358e-11,2
184,1,1,1,n_peaks=HIGH (2.000000 > 1.000000),2.391140048367952e-06,1.9287099259027227e-05,3.719921978275686e-10,-0.1562558010679321,-1.2718779859688765,3.015101447371624e-12,6.079412987987352e-12,2
190,1,1,1,n_peaks=HIGH (3.000000 > 1.000000),4.138084288503254e-06,2.003150206852144e-05,4.0126107512117865e-10,-0.794795152994248,-0.6325053763014936,4.239989191808657e-12,8.620588578177406e-12,3
192,1,1,1,n_peaks=HIGH (2.000000 > 1.000000),-1.3641331194444445e-06,1.4801074888706726e-05,2.1907181786110482e-10,-0.0303968619978541,-1.426620461205589,5.907294644040084e-13,1.2991242577090481e-12,2
193,1,1,1,n_peaks=HIGH (2.000000 > 1.000000),-2.131730232044199e-06,1.3398974505837589e-05,1.7953251780808559e-10,0.0843739144712085,-1.2788943826388497,2.758649891376353e-12,5.791622342779594e-12,2
195,1,1,1,kurtosis=HIGH (1.273150 > 0.085746),5.07453661237785e-06,1.3321577163827683e-05,1.7746441813181524e-10,1.4718480086714258,1.2731496252625174,1.5722030463390354e-11,4.201539843437158e-11,1
197,1,1,1,n_peaks=HIGH (2.000000 > 1.000000),-7.372667083333335e-07,2.0293770323059003e-05,4.118371139250703e-10,-0.8021793183165029,-0.5857540253033928,1.1158628515878956e-11,3.1153748620265126e-11,2
198,1,1,1,n_peaks=HIGH (2.000000 > 1.000000),8.13889450699029e-06,2.6347834596640723e-05,6.942083879319377e-10,-0.5199306380923239,-0.7816365767105089,1.7786868785452203e-11,5.051940455832797e-11,2
202,1,1,1,n_peaks=HIGH (3.000000 > 1.000000),7.4849615947802196e-06,1.683545503844099e-05,2.8343254635136816e-10,0.0175520294267232,-1.4645320966901652,2.2845533768197415e-12,4.779038674451918e-12,3
214,1,1,1,n_peaks=HIGH (2.000000 > 1.000000),-1.3118091725000005e-06,2.423576410044753e-05,5.873722615325412e-10,-0.0521393501344321,-1.3220762758443247,2.941218596663443e-11,8.571269151390089e-11,2
238,1,1,1,n_peaks=HIGH (6.000000 > 1.000000),3.35508804477612e-06,1.849022419193452e-05,3.4188839066800047e-10,-0.4583999339906204,-0.6667261958505706,3.202793375702908e-11,7.243442056393251e-11,6
239,1,1,1,n_peaks=HIGH (3.000000 > 1.000000),1.3516306296629211e-05,1.1673229080429956e-05,1.362642771641956e-10,-0.1159155953764605,-1.723559954205966,3.1607714349578378e-12,6.66968590218358e-12,3
241,1,1,1,n_peaks=HIGH (2.000000 > 1.000000),4.915656410820895e-06,2.5452485962864323e-05,6.478290416898054e-10,-0.0780857575966464,-1.1437299666218226,1.2962403033328478e-11,3.661370775744458e-11,2
243,1,1,1,n_peaks=HIGH (4.000000 > 1.000000),-5.433853967891374e-06,1.2783219095889246e-05,1.6341069045350746e-10,-0.3743686032034923,-1.08671722625821,6.185093982936221e-12,1.5943576550825145e-11,4
244,1,1,1,n_peaks=HIGH (2.000000 > 1.000000),1.4931851469962168e-05,1.2652277611299629e-05,1.6008012875339383e-10,-0.2397532075636403,-1.41797791141978,3.5268270812454805e-13,9.096163604678225e-13,2
246,1,1,1,n_peaks=HIGH (2.000000 > 1.000000),-8.350868078544063e-06,1.938425946579406e-05,3.7574951503722657e-10,0.0730974859952828,-1.3818016718146815,6.4925346260344615e-12,1.312791762642635e-11,2
247,1,1,1,n_peaks=HIGH (12.000000 > 1.000000),-1.736462774183515e-05,1.1165674707092763e-05,1.2467229166461112e-10,-0.4723292756804695,-0.9460466355418689,2.4062796960406216e-12,6.062557858701941e-12,12
248,1,1,1,n_peaks=HIGH (4.000000 > 1.000000),6.546988954975766e-06,1.879645066946071e-05,3.5330655776946997e-10,-0.4412526060802827,-1.140642542992618,5.497335181695067e-12,1.2205853402912987e-11,4
249,1,1,1,n_peaks=HIGH (4.000000 > 1.000000),2.1150898966987177e-05,1.62619627606899e-05,2.64451432830065e-10,-0.1827180447938876,-1.1015301780437343,1.552543646932856e-11,4.085163479439615e-11,4
250,1,1,1,n_peaks=HIGH (2.000000 > 1.000000),5.8921637563894525e-06,2.062503482587157e-05,4.253920615684151e-10,0.1801441865242661,-0.6444999253611763,6.28662909196125e-12,1.2809247400003684e-11,2
251,0,1,1,n_peaks=HIGH (4.000000 > 1.000000),-7.645262392781318e-06,2.084001916439111e-05,4.343063987721887e-10,0.1228749386020084,-1.4291959379830623,2.7345814189686043e-12,6.41342949179185e-12,4
252,1,1,1,n_peaks=HIGH (7.000000 > 1.000000),-1.4161443183636364e-05,1.1193836899603948e-05,1.253019845349349e-10,-0.5770658795043755,-0.6812758866147495,1.6467550732406722e-12,4.350491923002146e-12,7
253,1,1,1,n_peaks=HIGH (4.000000 > 1.000000),2.4247871342412445e-06,1.2501194965904093e-05,1.5627987557554582e-10,-0.5659218445023012,-0.4260448385519524,2.4985222007595123e-12,6.632008414694614e-12,4
254,0,1,1,n_peaks=HIGH (4.000000 > 1.000000),1.3264467632495497e-05,1.5713881832066268e-05,2.469260822321423e-10,0.0084900383381465,-1.4931485854769595,1.8051297961997292e-12,5.2327949521014665e-12,4
256,1,1,1,n_peaks=HIGH (2.000000 > 1.000000),-3.6801412312553193e-06,1.950908858412692e-05,3.8060453738331135e-10,0.0125775499999754,-1.4914497083290632,1.9797159875320537e-12,5.813094826283086e-12,2
257,0,1,1,n_peaks=HIGH (6.000000 > 1.000000),-1.1807423165966383e-05,1.3739828588832668e-05,1.8878288965050347e-10,0.0516669481981535,-1.4121929389019672,1.90881395619318e-12,5.676327191505159e-12,6
258,0,1,1,n_peaks=HIGH (6.000000 > 1.000000),-8.423836201914893e-06,1.0749220737798858e-05,1.1554574646992503e-10,-0.2010645789812525,-1.236431833439803,1.818462890686595e-12,5.209261713157652e-12,6
259,0,1,1,n_peaks=HIGH (4.000000 > 1.000000),8.391012426229508e-06,1.5882417443853683e-05,2.522511838608277e-10,-0.2658652456832119,-1.087196595241264,2.35983855020495e-12,6.493981252779842e-12,4
260,0,1,1,n_peaks=HIGH (2.000000 > 1.000000),1.7777364125e-05,1.704826987734686e-05,2.9064350581085227e-10,-0.1403079308522935,-1.367284900211312,1.514048739086934e-12,3.6245505805484318e-12,2
261,1,1,1,n_peaks=HIGH (5.000000 > 1.000000),9.34713759159483e-06,2.1959279357841213e-05,4.82209949915711e-10,-0.1353300765692099,-1.340933720085304,2.8219937429543457e-12,6.9570009910220265e-12,5
262,0,1,1,n_peaks=HIGH (3.000000 > 1.000000),-2.15782434009324e-06,2.1302491760756004e-05,4.537961552170775e-10,0.0438779742369015,-1.3905407972732418,2.16305358021214e-12,5.340142884135775e-12,3
263,1,1,1,n_peaks=HIGH (12.000000 > 1.000000),-1.1451238251552795e-05,1.4246784325942688e-05,2.0297086362992622e-10,-0.2168735105701833,-1.2390920610011091,4.201558212877509e-12,1.0501982295311424e-11,12
264,1,1,1,n_peaks=HIGH (5.000000 > 1.000000),-3.349303167796609e-06,1.1753258547130576e-05,1.381390864756979e-10,-0.3655351928447585,-1.11745986463876,2.1647660138700353e-12,4.6700930012770906e-12,5
265,1,1,1,n_peaks=HIGH (2.000000 > 1.000000),6.877392597991968e-06,1.555998323141852e-05,2.421130781620255e-10,0.0988375715674378,-1.4722646248749596,2.150545372289828e-12,3.945598479297112e-12,2
269,1,1,1,n_peaks=HIGH (2.000000 > 1.000000),-7.375646509772726e-06,1.0508712798418627e-05,1.104330446796475e-10,-0.1752895650172443,-1.3624941972923057,2.911672037252494e-12,5.926026285943069e-12,2
270,1,1,1,n_peaks=HIGH (2.000000 > 1.000000),-4.791181576446281e-06,1.0853836455081388e-05,1.1780576579365372e-10,-0.0550404188388268,-1.5389125788001472,6.153990924285951e-13,1.6034921594191174e-12,2
272,1,1,1,n_peaks=HIGH (2.000000 > 1.000000),1.215984125e-05,1.8668024660538475e-05,3.4849514472647264e-10,0.2733122442101903,-0.600378064555855,4.4830743400500694e-11,1.3385100578170428e-10,2
273,1,1,1,n_peaks=HIGH (2.000000 > 1.000000),8.025414325791854e-06,2.1877443884907757e-05,4.786225509372878e-10,0.0564303268469718,-1.406967217788356,7.602004119978858e-12,1.5472394965885775e-11,2
276,1,1,1,n_peaks=HIGH (2.000000 > 1.000000),-3.9661621471526195e-06,1.228135118307651e-05,1.5083158688205477e-10,-0.1667582550089561,-1.3686545848199745,8.938816803494996e-13,1.7296869493284329e-12,2
279,1,1,1,n_peaks=HIGH (2.000000 > 1.000000),5.702656870454545e-06,2.387010078010765e-05,5.697817112524957e-10,0.0522754471723254,-1.4150433708919878,2.076188082284876e-11,5.602552231802151e-11,2
282,1,1,1,n_peaks=HIGH (2.000000 > 1.000000),-4.01535671822542e-06,1.0328503572796396e-05,1.0667798605326795e-10,0.0853503443228762,-1.3603096927900593,5.601049214338437e-13,1.2550640598661324e-12,2
283,1,1,1,n_peaks=HIGH (2.000000 > 1.000000),-1.2997764143235903e-06,1.012813821466534e-05,1.0257918369536444e-10,-0.2663212781306946,-0.8983877456357119,5.702212266111727e-12,1.551912383060802e-11,2
284,1,1,1,n_peaks=HIGH (2.000000 > 1.000000),4.584135606444444e-06,1.5160000305708267e-05,2.2982560926907476e-10,-0.0032655867998753,-1.4114754258587183,1.7171059641915452e-12,4.476209553190461e-12,2
286,1,1,1,n_peaks=HIGH (3.000000 > 1.000000),4.547663381995135e-06,2.2791007067559248e-05,5.194300031535355e-10,0.1325468431565319,-1.4030188753127373,5.997632983890291e-12,1.1986270415168944e-11,3
288,1,1,1,n_peaks=HIGH (2.000000 > 1.000000),3.134955192743767e-07,1.7459048607688397e-05,3.0481837828562616e-10,0.1339630009029291,-1.1415300029107096,1.7687948272939398e-11,5.2041584651091436e-11,2
289,1,1,1,n_peaks=HIGH (2.000000 > 1.000000),2.36637545260961e-07,1.2274130536181688e-05,1.506542804192277e-10,-0.2247973923356635,-1.2284863782285211,1.989426823930779e-12,4.212032299909524e-12,2
290,1,1,1,n_peaks=HIGH (2.000000 > 1.000000),4.777621143181818e-06,1.5387773802205007e-05,2.367835825878268e-10,-0.0202883469741582,-1.3090296445833978,1.5779017972986626e-12,3.333696637497099e-12,2
291,1,1,1,n_peaks=HIGH (2.000000 > 1.000000),3.7685600110375258e-06,2.2354178219659885e-05,4.997092838763163e-10,0.063716704249958,-1.292495158580652,1.5386754018634403e-11,3.863921474949943e-11,2
292,1,1,1,n_peaks=HIGH (2.000000 > 1.000000),3.894326956018519e-06,2.4339599482296173e-05,5.924161029585921e-10,0.1769751650741307,-1.3571745170058216,2.7408454549722527e-12,5.472835373152135e-12,2
293,1,1,1,n_peaks=HIGH (2.000000 > 1.000000),2.3156192428571427e-06,1.7116722276417505e-05,2.9298218148800724e-10,-0.0494912447544697,-1.3067146590575869,1.2326506633859585e-12,2.543550423704264e-12,2
295,1,1,1,n_peaks=HIGH (2.000000 > 1.000000),-1.220345450669643e-06,9.853301407158657e-06,9.708754862031471e-11,-0.1049344990807841,-1.5077249486254316,8.944096199138253e-13,1.8905677582589186e-12,2
296,1,1,1,n_peaks=HIGH (2.000000 > 1.000000),-1.0136428231578944e-07,1.6435592838028984e-05,2.701287119374696e-10,-0.2079527061976161,-1.1393629841202728,5.2356351811711544e-12,1.3060418767009665e-11,2
297,1,1,1,n_peaks=HIGH (3.000000 > 1.000000),-1.8269767923387108e-06,2.2644685610377047e-05,5.127817863928171e-10,0.1739723529346178,-1.3963101803074935,4.942300184589721e-12,1.0088228480409039e-11,3
298,1,1,1,n_peaks=HIGH (2.000000 > 1.000000),-6.823789934354536e-08,1.791623682037916e-05,3.2099154180390993e-10,0.1755993525079876,-0.6099825903443534,5.217062351749592e-12,1.0479527033893671e-11,2
299,1,1,1,n_peaks=HIGH (3.000000 > 1.000000),8.410616911622717e-06,1.6819730210353863e-05,2.8290332434909044e-10,0.0084621013470693,-1.4575346708180283,2.5322775415357718e-12,5.2495683355623145e-12,3
300,1,1,1,n_peaks=HIGH (2.000000 > 1.000000),2.1439372010199994e-06,1.0114210423987988e-05,1.0229725250070725e-10,0.2590925391163488,-1.249226146118187,1.3076830573515456e-12,2.797619988192444e-12,2
301,1,1,1,n_peaks=HIGH (3.000000 > 1.000000),-2.812743969588552e-06,1.0270292674184098e-05,1.0547891161339955e-10,-0.0611992503276017,-1.3951975068680158,1.1744673229838044e-12,2.551117864311186e-12,3
305,1,1,1,n_peaks=HIGH (2.000000 > 1.000000),1.4230006739130436e-05,2.2028505683707087e-05,4.852550626571153e-10,0.0489697023936481,-1.4081000535126482,1.525744747651592e-12,3.0924229859168676e-12,2
306,1,1,1,n_peaks=HIGH (7.000000 > 1.000000),6.907003318360656e-06,1.8099167420975077e-05,3.2757986133248567e-10,-0.0826890007229083,-1.2157198335436878,1.6583674437444716e-11,4.676651179503984e-11,7
307,1,1,1,n_peaks=HIGH (2.000000 > 1.000000),-5.958848278734623e-06,1.7781653990608523e-05,3.1618721864172404e-10,-0.2464441127892514,-1.2621448603204417,2.1625285565043757e-12,4.451473237244772e-12,2
309,1,1,1,n_peaks=HIGH (3.000000 > 1.000000),1.1224710925362832e-05,1.9777281302182896e-05,3.911408557056731e-10,-0.08487440748231,-1.1745076728805932,9.776753358246303e-12,1.9892592435052656e-11,3
311,1,1,1,n_peaks=HIGH (2.000000 > 1.000000),3.606775556634309e-07,1.1894465470069242e-05,1.4147830881866948e-10,-0.1911037968919151,-1.1747755380848224,3.3419110294833433e-13,8.400681336524097e-13,2
312,1,1,1,n_peaks=HIGH (2.000000 > 1.000000),-8.781999760368665e-06,1.5348622631638673e-05,2.3558021668845084e-10,-0.3413720934413149,-0.9700192847627336,1.595918687873837e-12,3.3822438058520327e-12,2
313,1,1,1,n_peaks=HIGH (3.000000 > 1.000000),-2.107213661595548e-06,2.623331795395314e-05,6.881869708732e-10,0.161089327750751,-1.3862665580217983,2.021696731012821e-11,5.820161765916799e-11,3
315,1,1,1,n_peaks=HIGH (2.000000 > 1.000000),9.581199818302828e-06,2.607636796898745e-05,6.799769664540345e-10,-0.0999384943604487,-1.4828281990510206,6.908812990731019e-13,1.4799819102849836e-12,2
316,1,1,1,n_peaks=HIGH (2.000000 > 1.000000),-1.4751074032738093e-06,2.0383382136331023e-05,4.1548226731569875e-10,-0.0033923456841708,-1.2950515651245007,9.651751135273997e-13,2.0124205700687684e-12,2
318,1,1,1,n_peaks=HIGH (2.000000 > 1.000000),8.501573006836248e-06,2.1939825792560023e-05,4.81355955807882e-10,-0.2296122455484083,-0.9475603407753864,4.859593466974362e-12,9.834352925457689e-12,2
319,1,1,1,n_peaks=HIGH (5.000000 > 1.000000),1.2491965480546447e-05,1.1579662911127617e-05,1.3408859313534451e-10,-0.2610796486677867,-1.2541567588336688,3.101651054064827e-12,6.375139722462109e-12,5
320,1,1,1,n_peaks=HIGH (3.000000 > 1.000000),-4.922142133869465e-06,1.234154816630036e-05,1.523138111411118e-10,-0.5236244406754611,-0.6077708615843775,2.810419073367362e-12,5.863288663347379e-12,3
321,1,1,1,n_peaks=HIGH (3.000000 > 1.000000),8.031183383233542e-07,1.9086541620868164e-05,3.6429607104513277e-10,-0.0140435672431028,-0.8732232889205882,1.0611866374084224e-11,2.7525056822867767e-11,3
322,1,1,1,n_peaks=HIGH (3.000000 > 1.000000),1.6642899749326924e-05,1.8370207369641117e-05,3.3746451880361675e-10,-0.3099380484185569,-0.4720169656041499,1.6893681166777756e-11,4.8192431358366997e-11,3
324,1,1,1,n_peaks=HIGH (4.000000 > 1.000000),3.470419385213033e-06,1.943920715717011e-05,3.7788277489937353e-10,-0.3988210461850471,-0.93417799811181,5.844651187931543e-12,1.1699643418730053e-11,4
328,1,1,1,n_peaks=HIGH (2.000000 > 1.000000),1.991163759038718e-05,2.1397278912470497e-05,4.578435448580544e-10,-0.6770222505535344,-1.018917010850572,8.803067530206716e-12,2.4444085759121556e-11,2
330,1,1,1,n_peaks=HIGH (2.000000 > 1.000000),4.0001104458699474e-06,1.3530478049116154e-05,1.8307383623761408e-10,-0.2682481117863914,-1.0353505238817915,5.787919664757835e-12,1.7139849137961395e-11,2
335,0,1,1,n_peaks=HIGH (2.000000 > 1.000000),0.3268521013793103,0.3664481330227886,0.1342842341958873,0.795622622681345,-0.9678172770504578,0.0007445519930958,0.0003397476514829,2
340,0,1,1,n_peaks=HIGH (3.000000 > 1.000000),0.3481960707843137,0.3695275670675663,0.1365506228228747,0.4741476248224503,-1.4478991002212191,0.0007186080528659,0.0001054319962543,3
347,0,1,1,diff2_var=HIGH (0.000629 > 0.000618),0.4956318951063829,0.4531641151572756,0.2053577152662765,0.5232793698573557,-1.2343779707914229,0.0013584995950315,0.0006285214229973,1
350,0,1,1,n_peaks=HIGH (2.000000 > 1.000000),0.4774975220930232,0.4281633561281451,0.1833238595309168,0.3460852436847877,-1.382778582088921,0.0011803926591105,0.0002279589216299,2
362,0,1,1,n_peaks=HIGH (2.000000 > 1.000000),0.6125372962962964,0.3958958468127274,0.1567335215235665,0.210073427609787,-1.4491289225010613,0.0010297903976975,0.0001156719048187,2
363,0,1,1,n_peaks=HIGH (2.000000 > 1.000000),0.6067537215189872,0.3706572501082654,0.1373867970578212,0.2261337176641501,-1.4265770884560889,0.0009971954716074,0.0002229179041497,2
372,0,1,1,n_peaks=HIGH (3.000000 > 1.000000),0.6590833947368421,0.3336518720385728,0.1113235717148441,0.0921303767551071,-1.4497388318608468,0.0008379994472888,0.0001929899465933,3
390,0,1,1,n_peaks=HIGH (2.000000 > 1.000000),0.7221493176470588,0.1894209641252061,0.0358803016501226,0.2329188492340924,-1.4619996474943264,0.0002467898277239,0.0001030787428988,2
410,0,1,1,n_peaks=HIGH (2.000000 > 1.000000),0.6502747360465115,0.3838090882676029,0.1473094162368086,0.040448626747738,-1.4524084074348282,0.0008675798331117,0.0001549351444728,2
427,0,1,1,n_peaks=HIGH (2.000000 > 1.000000),0.4050869937007873,0.4237435137071847,0.179558565408911,0.4799607171248217,-1.382291983000263,0.0006046145791249,0.0001033443231121,2
431,0,1,1,n_peaks=HIGH (2.000000 > 1.000000),0.4407520425714286,0.4442952288021803,0.1973982503363817,0.6308205778536456,-1.201875315397058,0.0006399098495255,0.0001454028161081,2
432,0,1,1,n_peaks=HIGH (2.000000 > 1.000000),0.4207552850746268,0.3875077380488878,0.1501622470477654,0.4484664773931038,-1.3858350169757048,0.0004610943688499,8.89774130646973e-05,2
435,0,1,1,n_peaks=HIGH (2.000000 > 1.000000),0.2264603606586826,0.2883903438366632,0.0831689904182288,0.8699466863890988,-0.837962579803492,0.0002216295246186,5.216978002557197e-05,2
438,0,1,1,n_peaks=HIGH (2.000000 > 1.000000),0.2595784530674846,0.2573829770558432,0.0662459968781287,0.5784887613088646,-1.2978124406800913,0.0001713725958759,6.848408545782116e-05,2
443,1,1,1,n_peaks=HIGH (2.000000 > 1.000000),-1.071573578275862e-05,1.649840575471753e-05,2.7219739244729657e-10,-0.0219577861282977,-1.4115365863417595,1.571154089659222e-12,2.8603939668623684e-12,2
444,1,1,1,n_peaks=HIGH (4.000000 > 1.000000),5.773268397808765e-06,2.100637227504043e-05,4.4126767615758726e-10,-0.3901837200328871,-0.450854686390695,2.4974897038821384e-11,5.891639646721521e-11,4
447,1,1,1,n_peaks=HIGH (2.000000 > 1.000000),-7.449758527651515e-06,2.046500603302528e-05,4.188164719317611e-10,-0.314248248922415,-0.8731875899637767,4.243098659800062e-11,1.1750729040888304e-10,2
451,1,1,1,n_peaks=HIGH (2.000000 > 1.000000),-1.8914122591078064e-06,1.3193263726077987e-05,1.740622077458452e-10,0.1249975769995976,-1.381205364670891,2.7917012958181168e-12,5.903581693057098e-12,2
462,0,1,1,n_peaks=HIGH (2.000000 > 1.000000),5.072232648148149e-06,1.5553750596854173e-05,2.4191915762914156e-10,-0.0921963792258525,-1.3008245404737635,1.1606133237011699e-12,2.8262339652567995e-12,2
463,1,1,1,n_peaks=HIGH (2.000000 > 1.000000),-6.9798363743842375e-06,1.2798258641787648e-05,1.6379542426209222e-10,-0.1470121268886309,-1.2452389731108764,2.309042628891923e-12,5.41242986242641e-12,2
464,1,1,1,n_peaks=HIGH (2.000000 > 1.000000),-4.447216589041096e-06,2.0222319458849945e-05,4.0894220429578106e-10,0.1460355115778962,-1.0053744562468685,7.849178437575183e-12,1.6104291712436322e-11,2
465,1,1,1,n_peaks=HIGH (2.000000 > 1.000000),1.511107478991596e-06,1.7579045324201148e-05,3.090228345103183e-10,-0.8162222758285417,-0.0795256839943561,5.1021887680935e-11,1.4571895849633248e-10,2
466,1,1,1,n_peaks=HIGH (2.000000 > 1.000000),-2.909289697115385e-06,2.0936165769762857e-05,4.3832303713898987e-10,-0.6558059189751202,-0.7578909408955652,5.786538623029464e-12,1.2057196826073732e-11,2
473,1,1,1,n_peaks=HIGH (2.000000 > 1.000000),3.161302659292033e-07,1.8393499082669192e-05,3.383208085041524e-10,-0.011359904498848,-1.2414977471014432,3.986197024701912e-12,8.08635619393976e-12,2
474,1,1,1,n_peaks=HIGH (2.000000 > 1.000000),-3.643050717045455e-06,6.958942411025043e-06,4.842687947996303e-11,-0.6132750172084654,-0.8419861801360411,1.8743677328866224e-12,4.296545750825645e-12,2
476,0,1,1,n_peaks=HIGH (2.000000 > 1.000000),1.8081764545454543e-06,1.6502490923660036e-05,2.7233220668548186e-10,-0.1598704707932483,-1.2845208616127828,1.441780375711566e-12,3.5969102878390585e-12,2
477,0,1,1,n_peaks=HIGH (2.000000 > 1.000000),3.937554316883117e-06,1.8351934035052777e-05,3.3679348282692854e-10,-0.0182624220730416,-1.3584740499043622,1.0912037926857905e-12,2.428008021458016e-12,2
478,0,1,1,n_peaks=HIGH (3.000000 > 1.000000),-1.0146516167231638e-05,1.1322308771101008e-05,1.2819467590815078e-10,-0.554533797744543,-0.8984018809689247,1.1011815714972953e-12,2.954404638521812e-12,3
480,0,1,1,n_peaks=HIGH (2.000000 > 1.000000),-5.828678505050504e-06,2.206313835913039e-05,4.867820742541307e-10,-0.1891962342044013,-1.242940606465222,2.146278402970282e-12,5.156769319620442e-12,2
484,1,1,1,n_peaks=HIGH (2.000000 > 1.000000),-9.4691376e-06,1.4240318899358046e-05,2.0278668235541396e-10,-0.0343980452672361,-1.4730875577197486,1.2307374206461425e-12,2.7670566562543593e-12,2
489,0,1,1,n_peaks=HIGH (2.000000 > 1.000000),-4.639189219387755e-06,1.4871121703065362e-05,2.211502607073816e-10,0.0387803298456216,-1.5240314259982577,1.6658832654921585e-12,4.31010320345537e-12,2
495,1,1,1,n_peaks=HIGH (3.000000 > 1.000000),4.4621757225130886e-06,2.4233206837174575e-05,5.872483136132846e-10,-0.229397551612463,-1.1184283374508373,3.9332831436291904e-11,6.937326595896353e-11,3
501,1,1,1,n_peaks=HIGH (2.000000 > 1.000000),2.4630414270833336e-06,1.782910316807934e-05,3.1787691977801675e-10,-0.2521633134010896,-0.996242677549274,5.040070940022973e-12,1.0762796642908454e-11,2
502,1,1,1,n_peaks=HIGH (4.000000 > 1.000000),-2.970854078313254e-06,1.0123693041672922e-05,1.0248916080201671e-10,-0.6232225293138468,-0.4669911147027763,9.963070141334106e-12,2.032855172056466e-11,4
504,1,1,1,n_peaks=HIGH (2.000000 > 1.000000),-2.865592550259067e-06,1.364555256931051e-05,1.8620110492181662e-10,0.0754288664758673,-1.286524042644268,4.641745707653255e-12,8.995768314663484e-12,2
506,1,1,1,n_peaks=HIGH (2.000000 > 1.000000),-4.015726252808988e-06,1.625247010629418e-05,2.6414278455598587e-10,-0.3624669022924857,-0.9285198500386956,2.2333090944141408e-12,4.081588315657727e-12,2
514,1,1,1,n_peaks=HIGH (2.000000 > 1.000000),-4.524261343023255e-06,1.3733469463446367e-05,1.8860818350341382e-10,-0.4147676136446371,-1.0156005957597007,1.7505866225516609e-12,3.2342787520206786e-12,2
526,1,1,1,n_peaks=HIGH (2.000000 > 1.000000),-2.567113808235294e-06,2.2826076287218412e-05,5.210297586699145e-10,-0.2769801674810336,-1.1340324741240015,5.803615631219481e-12,1.0835466682207243e-11,2
534,1,1,1,n_peaks=HIGH (2.000000 > 1.000000),-6.986181675977654e-07,1.414243013489812e-05,2.0000833012047448e-10,-0.0464904613871953,-1.302728549444946,4.543564979131482e-12,8.918525503489127e-12,2
539,1,1,1,n_peaks=HIGH (2.000000 > 1.000000),-4.545543016304348e-06,1.9569598056129303e-05,3.8296916807845974e-10,-0.0723660286092291,-0.7126271169461913,1.295919393467186e-11,2.5482486892953148e-11,2
541,1,1,1,n_peaks=HIGH (2.000000 > 1.000000),-3.978198005882353e-06,2.5688896773598213e-05,6.599194174445847e-10,-0.0101743705798095,-1.1880321868763484,2.9631715896940915e-11,7.397554174097264e-11,2
554,1,1,1,n_peaks=HIGH (3.000000 > 1.000000),3.0613708702702705e-06,1.9440645087621877e-05,3.7793868142287665e-10,0.0787431109276287,-1.315029943443082,1.61004654894104e-11,3.2975457040774905e-11,3
558,1,1,1,n_peaks=HIGH (2.000000 > 1.000000),-7.510999061349691e-06,2.3243751450906577e-05,5.402719815115216e-10,-0.029703859305557,-1.4106577912380172,2.4327129488390134e-11,4.7886398284878706e-11,2
562,1,1,1,n_peaks=HIGH (2.000000 > 1.000000),-2.1904585055555555e-06,2.2662333704873543e-05,5.135813689510475e-10,-0.0825066597335835,-1.3938524709107605,2.2567059658442548e-11,5.1707194724401215e-11,2
569,1,1,1,n_peaks=HIGH (2.000000 > 1.000000),8.033583196835443e-06,1.904317355041591e-05,3.6264245887126004e-10,-0.1004938421398909,-1.0655295272396377,1.8779967962695615e-11,3.682602501795995e-11,2
571,1,1,1,n_peaks=HIGH (2.000000 > 1.000000),-2.93373433908046e-06,2.7517481060763016e-05,7.572117639294512e-10,-0.0525631529266587,-1.37650365724018,3.640618106343097e-11,1.0536611200784959e-10,2
576,1,1,1,n_peaks=HIGH (2.000000 > 1.000000),-3.9347292737430123e-07,1.559148265807141e-05,2.4309433147694147e-10,0.1657828678133292,-1.1746427837789168,7.680488844565865e-12,1.4968803342247053e-11,2
579,1,1,1,n_peaks=HIGH (2.000000 > 1.000000),-8.532835232558139e-07,1.0848925364262393e-05,1.1769918155933584e-10,-0.1538658650254473,-1.3013140875018387,3.399091893034279e-12,6.533922622802891e-12,2
583,1,1,1,n_peaks=HIGH (2.000000 > 1.000000),-2.1673943737113404e-06,2.0829272315749428e-05,4.3385858520364555e-10,0.2271831297825001,-1.0043174824855623,2.9246393255875896e-11,7.820510244256383e-11,2
585,1,1,1,n_peaks=HIGH (3.000000 > 1.000000),-3.2103657631578944e-06,2.7431615026277728e-05,7.52493502949906e-10,0.1799463007270632,-1.129820883976288,1.7092273055712278e-11,3.3304600687153866e-11,3
590,1,1,1,n_peaks=HIGH (3.000000 > 1.000000),5.901464151219515e-07,1.388659076783389e-05,1.9283740315328942e-10,0.0265380165028413,-0.7478911905113228,7.0177044106278096e-12,1.390634519843228e-11,3
592,1,1,1,n_peaks=HIGH (2.000000 > 1.000000),-1.275361303076923e-06,9.36699994682003e-06,8.774068800372643e-11,-0.4961004971757697,-0.8586737228239278,1.6598144613669097e-12,3.4895872430821245e-12,2
593,1,1,1,n_peaks=HIGH (2.000000 > 1.000000),-2.1547941321951217e-06,1.0994597341128055e-05,1.2088117069354011e-10,-0.1176510849457859,-1.4369448901212476,2.8726889629900364e-12,5.627241637167845e-12,2
595,1,1,1,n_peaks=HIGH (2.000000 > 1.000000),2.233324222748815e-06,1.0888302082576008e-05,1.1855512224142902e-10,-0.0324978817711657,-1.340737674702476,6.80867531135732e-13,1.4000799933249873e-12,2
604,1,1,1,n_peaks=HIGH (2.000000 > 1.000000),-1.1587311778468898e-05,1.6347009819224574e-05,2.672247300298246e-10,-0.5442391892137586,-0.7753039716572827,1.5553477663537176e-11,3.1265062922282936e-11,2
606,1,1,1,n_peaks=HIGH (2.000000 > 1.000000),5.946156154978357e-06,1.926741092088475e-05,3.7123312359422886e-10,-0.4370166380807675,-0.6808751053871167,1.2631867988149988e-11,2.5174790957650503e-11,2
607,1,1,1,n_peaks=HIGH (2.000000 > 1.000000),2.158126847533632e-06,1.7095819446713286e-05,2.9226704255462016e-10,-0.2801376534846925,-0.9889775425097632,2.408617291864031e-11,7.17669958307965e-11,2
609,1,1,1,n_peaks=HIGH (2.000000 > 1.000000),-1.302382489270386e-07,2.2494236644853773e-05,5.059906822346824e-10,-0.1100447480980243,-1.3663339234846343,6.984612955640601e-12,1.3197843141225931e-11,2
610,1,1,1,n_peaks=HIGH (2.000000 > 1.000000),4.378146798245618e-07,2.1034506156203097e-05,4.4245044923534597e-10,-0.0878473746524072,-1.2004587413287835,9.609513476414387e-12,1.8622248261878747e-11,2
614,1,1,1,n_peaks=HIGH (2.000000 > 1.000000),-1.5544786004484307e-05,1.1681612388549044e-05,1.3646006799630248e-10,-0.0990514064303827,-1.5500060900113073,3.4795380395603506e-12,6.625468523458877e-12,2
617,1,1,1,n_peaks=HIGH (2.000000 > 1.000000),2.3606182200000008e-06,1.2512746984685238e-05,1.5656883710274948e-10,-0.1329220869905339,-1.3299406660932485,1.8293868884310737e-12,3.732664935061863e-12,2
626,1,1,1,n_peaks=HIGH (2.000000 > 1.000000),-1.3439459567655788e-05,1.24286908174774e-05,1.5447235543644704e-10,-0.5672862874843846,-1.0123959935635545,5.0255738588886585e-12,1.0158765212788993e-11,2
627,1,1,1,n_peaks=HIGH (2.000000 > 1.000000),5.4298809050561794e-06,2.0048526316667737e-05,4.019434074701187e-10,-0.2817495217010028,-0.940611268891403,4.135393987565205e-12,8.191077380533233e-12,2
632,1,1,1,n_peaks=HIGH (2.000000 > 1.000000),-1.2117553608247424e-05,1.3716254317966114e-05,1.8813563251512406e-10,-0.6616732149976254,-0.7555706250208294,4.933321519906359e-13,9.9031588895937e-13,2
634,1,1,1,n_peaks=HIGH (3.000000 > 1.000000),-2.289782940502513e-06,1.72095362700355e-05,2.9616813862966727e-10,-0.7313333150034609,-0.9185141188270416,5.676023932685339e-12,1.154770524843956e-11,3
635,1,1,1,n_peaks=HIGH (2.000000 > 1.000000),4.560616185185184e-06,1.2668422895986274e-05,1.6048893867154924e-10,-0.8443159077969206,-0.753669931429882,3.421549179662884e-12,7.041850570801138e-12,2
637,1,1,1,n_peaks=HIGH (2.000000 > 1.000000),7.428311561827965e-07,1.4146748108837868e-05,2.0013048205490775e-10,-0.0928527596130259,-1.36252350715378,1.28500304957818e-12,2.653572908470577e-12,2
642,1,1,1,n_peaks=HIGH (2.000000 > 1.000000),2.4462507998254803e-06,2.79919074317648e-05,7.835468816684894e-10,0.0723100480254811,-1.2436133799976543,2.0037118836700728e-11,5.584422526282879e-11,2
645,1,1,1,n_peaks=HIGH (2.000000 > 1.000000),-8.542883764776122e-06,1.0803974230412803e-05,1.1672585917142394e-10,-1.0007413097515363,-0.2902265994752193,2.4750723661311682e-12,5.239170318158857e-12,2
646,1,1,1,n_peaks=HIGH (2.000000 > 1.000000),-6.354020421367522e-06,1.568174010276291e-05,2.4591697265060247e-10,-0.0341507383775416,-1.330005678273515,2.2041589290087147e-12,4.599174340818868e-12,2
650,1,1,1,n_peaks=HIGH (2.000000 > 1.000000),-3.3535688905444143e-06,1.1249953572365904e-05,1.265614553803883e-10,-0.6968804891506,-0.5678205357266006,4.560469874766701e-12,9.32262514401934e-12,2
653,1,1,1,n_peaks=HIGH (2.000000 > 1.000000),-3.0849258865979383e-06,1.799527456707188e-05,3.238299067443041e-10,0.1123737015212745,-1.140188378634576,4.57350836995033e-12,9.259463058702424e-12,2
656,0,1,1,n_peaks=HIGH (2.000000 > 1.000000),-3.0496728173374612e-05,3.771953436603632e-06,1.4227632727905952e-11,-0.2300564479026407,-1.2340583895539976,1.9623297779869594e-13,5.531091160493392e-13,2
657,1,1,1,n_peaks=HIGH (2.000000 > 1.000000),-1.5673420758928692e-07,2.6244425302135084e-05,6.88769859439348e-10,0.047637110787798,-1.4200447904710456,2.9636372473412215e-11,8.429265415101735e-11,2
662,1,1,1,n_peaks=HIGH (3.000000 > 1.000000),2.625470122897474e-06,2.144967264297102e-05,4.600884564906194e-10,-0.1880213089239865,-1.269065482332875,5.385482679593137e-12,1.4869142018594828e-11,3
667,0,1,1,diff_var=HIGH (0.002626 > 0.001651),0.1790542315789473,0.1468736905076748,0.0215718809633442,0.2283497596132528,-1.451805969093959,0.0026261481335466,0.0004843730677391,1
669,0,1,1,diff_var=HIGH (0.003011 > 0.001651),0.1847203694736842,0.1558386449033045,0.0242856832452982,0.2974889023826974,-1.438672496028029,0.0030107964893607,0.0005563199859329,1
671,0,1,1,diff_var=HIGH (0.002853 > 0.001651),0.1707943725,0.1560391688882325,0.0243482222273303,0.369109285445823,-1.3922791487085822,0.0028528674826523,0.0006028584416591,1
673,0,1,1,diff_var=HIGH (0.002351 > 0.001651),0.1502838775,0.1403836748629719,0.0197075761680326,0.4300911972160386,-1.3484253080095256,0.0023505777651576,0.0005141937691202,1
675,0,1,1,diff_var=HIGH (0.001894 > 0.001651),0.1229334918181818,0.1298489177753268,0.0168607414474235,0.6158300519669855,-1.1945495818382112,0.0018936190534806,0.0004637719451595,1
677,0,1,1,diff_var=HIGH (0.001782 > 0.001651),0.1633515225,0.1273718751091979,0.0162235945688331,0.251176397776248,-1.4057771016676357,0.0017822099168711,0.0003512402123184,1
680,0,1,1,diff_var=HIGH (0.002362 > 0.001651),0.1345641777777778,0.1273054936350071,0.0162066887096528,0.3829013986296159,-1.425679930270598,0.0023623925340164,0.0005548475492137,1
687,0,1,1,diff_var=HIGH (0.001924 > 0.001651),0.0979715799999999,0.1141077042171412,0.0130205681617065,0.6925658461895986,-1.1420160988822945,0.0019238948607789,0.0005491647897155,1
694,0,1,1,diff_var=HIGH (0.001659 > 0.001651),0.157274121,0.1190987819980724,0.0141845198734243,0.203131140675529,-1.3224742045155502,0.0016594627974844,0.0002881334541455,1
703,0,1,1,diff_var=HIGH (0.005944 > 0.001651),0.3411487150943396,0.4667542152059974,0.2178594974125665,0.9924923581156704,-0.607313312561192,0.0059437602275357,0.0004268550012623,1
704,0,1,1,diff_var=HIGH (0.006493 > 0.001651),0.4034416681818182,0.4659862306959723,0.2171431671982399,0.6621060867832488,-1.171033913221467,0.0064929279903069,0.0004543238669333,1
705,0,1,1,diff_var=HIGH (0.004448 > 0.001651),0.291112024137931,0.420511494504012,0.1768299170099977,1.0810090855367505,-0.4705702734084021,0.0044476273866175,0.0003165406950785,1
706,0,1,1,diff_var=HIGH (0.006005 > 0.001651),0.3646000854166666,0.4585194399077339,0.210240076773302,0.8228496147964454,-0.933113717801132,0.0060054390851127,0.000419889802163,1
707,0,1,1,diff_var=HIGH (0.005521 > 0.001651),0.3675694595744681,0.4447765946063578,0.1978262191096283,0.7363922926261869,-1.0899430813092403,0.0055209668058199,0.0004222749966879,1
736,1,1,1,n_peaks=HIGH (2.000000 > 1.000000),-7.98615786885246e-06,2.7979278059679032e-05,7.828400007408366e-10,0.4568396769178345,-1.0871864130564413,6.910843322587391e-11,1.5817270652949946e-10,2
768,1,1,1,n_peaks=HIGH (2.000000 > 1.000000),-3.640270488372093e-06,9.873166445068674e-06,9.747941565202999e-11,0.0069763688824431,-1.0762783740660795,1.1173958706221247e-11,1.834207216360796e-11,2
790,1,1,1,n_peaks=HIGH (3.000000 > 1.000000),1.790393895833333e-06,3.11943749297823e-05,9.730890272598302e-10,0.1042697489377307,-1.0102631583825226,2.2256342489950511e-10,4.848704877599507e-10,3
810,0,1,1,diff_var=HIGH (0.003431 > 0.001651),0.1997921486842105,0.2613714578034742,0.0683150389543133,0.8944295994061472,-0.8451339579083172,0.0034314381120829,0.0005044911946467,1
811,0,1,1,diff_var=HIGH (0.002837 > 0.001651),0.1903433994736842,0.2432212387619384,0.0591565709848918,0.8339029927699223,-0.9692856299249328,0.0028372594652464,0.0003763090923569,1
812,0,1,1,diff_var=HIGH (0.002432 > 0.001651),0.181772452051282,0.2304735984543826,0.053118079584512,0.8074755431783289,-1.023245504581986,0.0024318301493477,0.0003896352867096,1
813,0,1,1,diff_var=HIGH (0.002425 > 0.001651),0.1988568714705882,0.2208142071276138,0.0487589140693967,0.5742019789064375,-1.326581358095032,0.0024254416203949,0.0003414980405214,1
814,0,1,1,diff_var=HIGH (0.002496 > 0.001651),0.1672822669696969,0.2051913548594197,0.0421034921090443,0.7704376128578613,-1.0664891913238466,0.0024957513244528,0.0004806085835523,1
815,0,1,1,diff_var=HIGH (0.001990 > 0.001651),0.1464461455263158,0.1940176196338972,0.0376428367284036,0.936349735601098,-0.7705913741234642,0.0019899588837716,0.0005244968900298,1
817,1,1,1,n_peaks=HIGH (3.000000 > 1.000000),0.2048790297222222,0.1195931940725526,0.0143025320684752,-0.4581231553042595,-1.038821291345387,0.0011978455971786,0.0003605443282318,3
819,1,1,1,n_peaks=HIGH (3.000000 > 1.000000),0.2130439724999999,0.125929932505578,0.0158583479008594,-0.4008217004120396,-1.0462057386524093,0.0014491724002785,0.0004210890789952,3
822,0,1,1,n_peaks=HIGH (2.000000 > 1.000000),0.3693378475724638,0.4166929097494507,0.1736329810354638,0.6196627913719888,-1.2288689313353822,0.0001805946249516,0.000147362167922,2
824,0,1,1,n_peaks=HIGH (2.000000 > 1.000000),0.3043383396632996,0.3387583953113771,0.1147572503939392,0.6422376561142638,-1.2298193141654443,0.0001972042694503,0.0003581724259705,2
825,0,1,1,n_peaks=HIGH (2.000000 > 1.000000),0.2108394018596491,0.2636825255886746,0.069528474300822,0.8043811202467284,-1.0168407358952116,0.000124094602013,0.0001668971948378,2
830,0,1,1,n_peaks=HIGH (2.000000 > 1.000000),0.4025026346226415,0.4363724105364,0.1904208806773484,0.565844322084624,-1.2852450852952115,0.0002808752411293,0.0001400232395955,2
831,0,1,1,n_peaks=HIGH (2.000000 > 1.000000),0.4191513962211982,0.4414516598621424,0.1948795679950406,0.53749868929475,-1.3090544368713035,0.0002863977902416,0.0001994342136626,2
834,0,1,1,n_peaks=HIGH (2.000000 > 1.000000),0.1624576498,0.2027929313932908,0.0411249730230839,0.7848398626471818,-1.0466672560323005,9.34650755086814e-05,7.341009772526667e-05,2
842,0,1,1,n_peaks=HIGH (2.000000 > 1.000000),0.3280554354112553,0.4142295319757434,0.1715861051608434,0.8101859881232413,-0.9794679540161256,0.0003159427884848,0.0003018844920279,2
843,0,1,1,n_peaks=HIGH (3.000000 > 1.000000),0.0243449170731707,0.0373573884783308,0.0013955744739209,1.1862675645678316,-0.1046979918865624,3.288739338343556e-05,7.810676731456786e-05,3
845,0,1,1,n_peaks=HIGH (2.000000 > 1.000000),0.10729470796875,0.1450443624211813,0.0210378670701669,0.9597502333554137,-0.7103771568838098,0.000101432052161,0.0001637648068719,2
849,0,1,1,n_peaks=HIGH (2.000000 > 1.000000),0.3661452383406113,0.4283149595938801,0.1834537046119072,0.7621331748843412,-1.036637405933435,0.0002984349298236,0.0002317745581703,2
850,0,1,1,n_peaks=HIGH (2.000000 > 1.000000),0.1462487089552239,0.1649520333723782,0.0272091733136821,0.8169551356971482,-0.9371806024630818,0.0001127785265337,0.0002066770170315,2
852,1,1,1,n_peaks=HIGH (5.000000 > 1.000000),0.0640333413294797,0.0527448569740288,0.0027820199372107,-0.0075191643429144,-1.408737874998834,3.903862271489806e-05,8.809883726078364e-05,5
855,0,1,1,n_peaks=HIGH (2.000000 > 1.000000),0.3592987903809523,0.4315705888484944,0.1862531731590362,0.7461563279976512,-1.0610569351867187,0.0003528599458321,0.0002508970442192,2
861,1,1,1,n_peaks=HIGH (2.000000 > 1.000000),0.0269048684931506,0.0391894940088692,0.0015358164406711,0.9674651253310228,-0.7456910556557306,3.962774783282758e-05,8.554872735861111e-05,2
865,0,1,1,n_peaks=HIGH (2.000000 > 1.000000),0.3100197198863636,0.3168353090863283,0.1003846130838292,0.442252232096683,-1.4419294696650684,0.0002071627110642,0.0001179303720706,2
868,1,1,1,n_peaks=HIGH (4.000000 > 1.000000),0.0118122070642201,0.0188919772883578,0.0003569068058638,1.116307200201464,-0.525035965957263,1.5524543917812966e-05,2.6075284187171968e-05,4
870,1,1,1,n_peaks=HIGH (4.000000 > 1.000000),0.0317755771653543,0.0398192053455338,0.0015855691143497,0.6975896393810567,-1.1287458985243588,5.665676360000001e-05,0.0001178727007572,4
872,0,1,1,n_peaks=HIGH (2.000000 > 1.000000),0.2635639241758241,0.2709211002701714,0.0733982425716003,0.5580829338729842,-1.2966706170218008,0.0001848429833415,0.0001710191422948,2
880,0,1,1,n_peaks=HIGH (2.000000 > 1.000000),0.3146202021022727,0.2870704748652345,0.0824094575393512,0.3395231404996799,-1.4452835281790386,0.0002691842233243,0.0004244028367609,2
882,1,1,1,n_peaks=HIGH (4.000000 > 1.000000),0.0823982205729166,0.0639902936662952,0.0040947576834987,-0.0621602977121008,-1.4090643775336635,9.096234388929424e-05,0.00022623628193,4
884,0,1,1,n_peaks=HIGH (2.000000 > 1.000000),0.31473037,0.4198694357627341,0.1762903430877166,0.9629934262803984,-0.6822464311222229,0.0002986357892215,0.0001772004455219,2
888,1,1,1,n_peaks=HIGH (3.000000 > 1.000000),0.0565759653435114,0.0542153097907385,0.0029392998157057,0.4729141384731782,-1.2022730894680629,5.2923071782439755e-05,0.0001017073682503,3
890,0,1,1,kurtosis=HIGH (0.261969 > 0.085746),0.2265481141924399,0.3732772620994483,0.1393359144004602,1.367789986889267,0.2619687051777246,0.0002428510544317,0.000161311740706,1
892,0,1,1,n_peaks=HIGH (2.000000 > 1.000000),0.3386951908108108,0.3481584486604191,0.1212143053736296,0.4840886267941575,-1.3948838756530804,0.0002162602506363,9.424109404524594e-05,2
893,0,1,1,n_peaks=HIGH (2.000000 > 1.000000),0.2689956542168675,0.262739438940558,0.0690320127747992,0.4628157476645718,-1.385982144975332,0.0001836965767441,0.0001344071453462,2
897,1,1,1,n_peaks=HIGH (5.000000 > 1.000000),0.0074997257142857,0.0137228664348304,0.0001883170631881,1.3536858600488548,-0.0464637548755555,1.333616109326923e-05,2.2022404462135926e-05,5
900,0,1,1,n_peaks=HIGH (2.000000 > 1.000000),0.1709995206451613,0.1591701260136444,0.0253351290151994,0.2557066824027758,-1.4816964875584562,0.0001470019553455,0.0003126530566717,2
904,0,1,1,n_peaks=HIGH (3.000000 > 1.000000),0.1664159774193548,0.1427977282187814,0.0203911911844449,0.1770837356378005,-1.4311831451799593,0.0001685048225113,0.0004099083721212,3
906,0,1,1,diff2_var=HIGH (0.000951 > 0.000618),0.3259086037688442,0.3243047995897933,0.1051736030369759,0.5371786406780574,-1.2901423663429314,0.0004537975135081,0.0009514207991617,1
907,1,1,1,n_peaks=HIGH (10.000000 > 1.000000),0.0381997561904761,0.0335625142981748,0.0011264423660151,0.124028133336559,-1.668169040115447,4.1249355846162166e-05,0.0001080577698818,10
909,0,1,1,n_peaks=HIGH (2.000000 > 1.000000),0.3719937666203703,0.4072553594939032,0.1658569278365083,0.733980226955147,-1.0613317169405534,0.0003096911458499,0.0002699310124019,2
911,1,1,1,n_peaks=HIGH (3.000000 > 1.000000),0.2269197514748201,0.1899905899739324,0.0360964242786429,0.4445424076235583,-0.96412891886244,0.0001414785048808,0.0002852511934876,3
915,1,1,1,n_peaks=HIGH (2.000000 > 1.000000),0.2183654574829931,0.1755444025250525,0.0308158372578776,-0.0179940796064289,-1.5014638863490053,9.41082264984983e-05,0.0001206477624318,2
916,0,1,1,n_peaks=HIGH (3.000000 > 1.000000),0.2351061350396825,0.3227866654234722,0.1041912313752045,0.9875014108116474,-0.6710240293780716,0.0001873183946606,0.0001544859416905,3
919,1,1,1,n_peaks=HIGH (2.000000 > 1.000000),0.187888653525641,0.2005905643917268,0.0402365745229915,0.9072173512513824,-0.4203804427166648,9.436122980231508e-05,0.0001328933303266,2
921,0,1,1,n_peaks=HIGH (2.000000 > 1.000000),0.2098893365448505,0.3346839486768269,0.1120133455019128,1.27833389884409,-0.0004678978701813,0.0002117307103331,0.0002318134609824,2
924,0,1,1,n_peaks=HIGH (2.000000 > 1.000000),0.2082984427112676,0.2125194931467169,0.0451645349673374,0.6925889237795303,-0.8357681910626642,7.315139528245159e-05,6.46768087962461e-05,2
928,0,1,1,n_peaks=HIGH (3.000000 > 1.000000),0.2298843825796178,0.1952311191694956,0.0381151898921737,0.1045338537318737,-1.5892654361810044,0.0001687367575523,0.0004136970623047,3
929,0,1,1,n_peaks=HIGH (2.000000 > 1.000000),0.2644081574796748,0.2825352648353383,0.0798261758755747,0.796740341824394,-0.9670393162585031,0.0001482579572114,0.0001629205965946,2
931,0,1,1,n_peaks=HIGH (2.000000 > 1.000000),0.2671450081124498,0.3344861509668137,0.111880985188594,0.8159156992897917,-0.9727882937086324,0.0001761427146868,0.0001514853285146,2
932,0,1,1,n_peaks=HIGH (2.000000 > 1.000000),0.2152622482846715,0.2262549058204635,0.0511912824078268,0.5693138598076143,-1.1952693430987442,7.885793452882858e-05,9.757334106903018e-05,2
935,0,1,1,n_peaks=HIGH (2.000000 > 1.000000),0.2655993769874477,0.3508234576448369,0.1230770984338787,0.8930379665218324,-0.8551180758527974,0.0002042932851039,0.0001435000292539,2
936,0,1,1,n_peaks=HIGH (4.000000 > 1.000000),0.2386762013553113,0.2710489206694805,0.0734675173960903,0.8452430068614618,-0.8575665370899133,0.0001103134983721,9.126092149047747e-05,4
937,1,1,1,n_peaks=HIGH (2.000000 > 1.000000),0.1942896508038585,0.1688158281136776,0.0284987838217067,0.1678912319281415,-1.3146718647116955,5.665833127800001e-05,7.219404171080906e-05,2
938,0,1,1,n_peaks=HIGH (2.000000 > 1.000000),0.2136705781099656,0.3125788349906693,0.0977055280841241,1.1067563369648292,-0.4201751659741779,0.0001694997669118,0.0001878272744443,2
940,0,1,1,n_peaks=HIGH (2.000000 > 1.000000),0.2068272413114754,0.2951791238629466,0.0871307151644967,1.072514777692344,-0.4929643140966138,0.0001184314766261,0.0001015779746827,2
946,1,1,1,n_peaks=HIGH (3.000000 > 1.000000),0.227076624,0.1913660777551909,0.0366209757154057,0.260888017061804,-1.2162229372773934,8.219951480126075e-05,9.160387923086204e-05,3
948,0,1,1,kurtosis=HIGH (0.475837 > 0.085746),0.2036828972357723,0.3505498247672579,0.1228851796443552,1.4473674998401154,0.4758368793550795,0.0001473238294146,9.354968546858414e-05,1
950,1,1,1,n_peaks=HIGH (2.000000 > 1.000000),0.20929979,0.2599558204893677,0.0675770286063003,1.1446999452025175,-0.2078925294818234,0.0001076674850627,0.0001151940926582,2
951,1,1,1,n_peaks=HIGH (2.000000 > 1.000000),0.2249691826646706,0.2218470615701512,0.0492161187273104,0.7522621927288948,-0.5895276060192178,0.0001059814634431,0.0001626293965785,2
954,0,1,1,n_peaks=HIGH (2.000000 > 1.000000),0.3310542034343434,0.361081601766925,0.1303799231345682,1.0015368665552673,-0.6028801227944887,0.0001883729619477,0.00021038763634,2
955,1,1,1,n_peaks=HIGH (3.000000 > 1.000000),0.2778585702493765,0.2933812560517528,0.0860725614025041,1.070467556435933,-0.1501552937846866,0.0001147861409816,0.0001352805681356,3
956,1,1,1,n_peaks=HIGH (3.000000 > 1.000000),0.2863912119843342,0.2284136056839788,0.0521727752615561,0.2105741035750443,-1.2730397407582448,0.000103895605636,0.0001271179394803,3
958,0,1,1,kurtosis=HIGH (0.399671 > 0.085746),0.2240835544474393,0.3772222608433439,0.1422966340757638,1.4125699562284713,0.3996712377337221,0.000181255166827,0.0001639071167147,1
959,0,1,1,kurtosis=HIGH (0.109626 > 0.085746),0.2327653421727019,0.3730992748774038,0.1392030689140445,1.3106972108546804,0.1096262392053741,0.0001479636148347,8.51231953937243e-05,1
960,1,1,1,n_peaks=HIGH (2.000000 > 1.000000),0.0830906228260869,0.0924612732286017,0.0085490870470541,0.645290614529935,-1.1716588151682945,4.989789253224046e-05,8.709442776791216e-05,2
962,1,1,1,n_peaks=HIGH (4.000000 > 1.000000),0.0896146555172413,0.1042941875876665,0.0108772775645713,0.7188496783844716,-1.0866592470948977,8.252791363174157e-05,0.000184629853397,4
964,1,1,1,n_peaks=HIGH (2.000000 > 1.000000),0.0477521472826086,0.0592981649624662,0.0035162723679158,0.768774762662173,-1.0095960739553966,3.7139396848633875e-05,7.513913140714283e-05,2
966,1,1,1,n_peaks=HIGH (2.000000 > 1.000000),0.0448529241935483,0.0567041082439625,0.003215355891743,0.7820198968789203,-0.977159214906421,3.073036526637836e-05,5.320819188782605e-05,2
970,0,1,1,n_peaks=HIGH (2.000000 > 1.000000),0.2787487015348838,0.2456305384730889,0.0603343614305796,0.2834672709238096,-1.4468724605651828,0.0001485847295524,0.0002563043635408,2
972,1,1,1,n_peaks=HIGH (6.000000 > 1.000000),0.0650250148148147,0.0416457059280332,0.0017343648222442,-0.7440926871781989,-1.1453537547406063,4.591552004865635e-05,0.0001073137522324,6
973,0,1,1,n_peaks=HIGH (2.000000 > 1.000000),0.3814893374999999,0.3467475968958825,0.1202338959530694,0.652355700751362,-1.1829965488743217,0.0001320970677661,0.0001518579763495,2
974,0,1,1,n_peaks=HIGH (2.000000 > 1.000000),0.1845627706309148,0.1952490791274696,0.0381222029001248,0.6301329086475027,-1.2455180491782447,6.026369507542756e-05,9.22277749684958e-05,2
975,1,1,1,n_peaks=HIGH (3.000000 > 1.000000),0.0594630747080291,0.074345824599398,0.0055273016353644,1.00656234179534,-0.5026293798373165,5.898424295276486e-05,0.0001243749535949,3
976,0,1,1,n_peaks=HIGH (2.000000 > 1.000000),0.261269421,0.3815390536285382,0.1455720494437605,1.1889289115711676,-0.1761723312640075,9.32349758353476e-05,7.262974486895936e-05,2
978,1,1,1,n_peaks=HIGH (2.000000 > 1.000000),0.0290851309743589,0.0395836114732727,0.001566862297267,0.9413026349412728,-0.689644716872424,2.2759823261723716e-05,4.596614065560209e-05,2
980,0,1,1,n_peaks=HIGH (2.000000 > 1.000000),0.1732517215017064,0.2089563333636138,0.0436627492527657,0.747767646469582,-1.096905297548782,6.648398813315067e-05,9.486027612171817e-05,2
983,0,1,1,n_peaks=HIGH (2.000000 > 1.000000),0.388829109893993,0.4007661100335796,0.1606134749514472,0.4700913902177945,-1.388789445132344,0.0001639518746448,0.0001756801285716,2
984,0,1,1,n_peaks=HIGH (2.000000 > 1.000000),0.2707335982638889,0.2878301791290872,0.0828462120174824,0.5041663622133606,-1.3983175204571252,7.293343477344948e-05,5.464714882524475e-05,2
986,0,1,1,n_peaks=HIGH (3.000000 > 1.000000),0.1946513700390625,0.2222883630443027,0.0494121163449157,0.6386165201337345,-1.249577249485169,7.879685522991921e-05,9.73820203071732e-05,3
987,0,1,1,n_peaks=HIGH (2.000000 > 1.000000),0.4115958685987261,0.4383415183251105,0.1921432866875632,0.5651719328907381,-1.2576239322412637,0.0001635249947669,0.0001771125024984,2
990,0,1,1,n_peaks=HIGH (2.000000 > 1.000000),0.395074245127551,0.4214727997765616,0.1776393209514935,0.6329495805554068,-1.1892247029722178,0.0001130178241819,0.0001389030941596,2
991,0,1,1,n_peaks=HIGH (2.000000 > 1.000000),0.3279656896686747,0.3333358902409015,0.1111128157226943,0.5253925501095804,-1.3667790245205205,9.749058072341284e-05,0.000104786101315,2
996,0,1,1,n_peaks=HIGH (2.000000 > 1.000000),0.2874640047318612,0.3321662069840669,0.110334389062182,0.6400894980397693,-1.2540158777385275,7.925875626113926e-05,4.026208618057147e-05,2
998,0,1,1,n_peaks=HIGH (2.000000 > 1.000000),0.3050501223318385,0.3675378524233824,0.135084072963992,0.716079545480789,-1.1447191792109002,6.738305711435413e-05,6.21661394748711e-05,2
1003,0,1,1,n_peaks=HIGH (2.000000 > 1.000000),0.1664615560932944,0.2152572078151165,0.0463356655163602,0.8823878003158024,-0.8874647086155751,7.153770051570819e-05,8.92807201344487e-05,2
1006,0,1,1,n_peaks=HIGH (3.000000 > 1.000000),0.2216656075638051,0.2656563471406814,0.0705732947761302,0.7154332497430275,-1.156901066421329,4.490559534834418e-05,5.0451573237656394e-05,3
1007,0,1,1,n_peaks=HIGH (2.000000 > 1.000000),0.2268074221899736,0.275394472570113,0.0758421155221707,0.7927694464818101,-1.0329597095620506,7.06358944465777e-05,8.774499806404353e-05,2
1010,0,1,1,n_peaks=HIGH (2.000000 > 1.000000),0.1300254048192771,0.183093872264008,0.0335233660606288,1.019665623648268,-0.6151142115145376,4.925789155480363e-05,6.266548197624247e-05,2
1011,0,1,1,n_peaks=HIGH (2.000000 > 1.000000),0.1888403512820513,0.2421003058924521,0.0586125581132189,0.8121545668728407,-1.0112580954796129,0.000123920923402,0.0002509533029573,2
1013,1,1,1,n_peaks=HIGH (3.000000 > 1.000000),2.2971141389430895e-05,1.876758609158947e-05,3.522222877052225e-10,-0.1315884693354403,-1.6890383647252398,7.576284930157188e-11,1.691306576035517e-10,3
1014,1,1,1,n_peaks=HIGH (2.000000 > 1.000000),-1.1857176302083336e-06,1.0803245646096246e-05,1.1671011648989748e-10,0.0415618384945149,-1.0906810647577383,1.4707343100732498e-12,2.884207234316111e-12,2
1015,1,1,1,n_peaks=HIGH (3.000000 > 1.000000),3.7357128717948713e-06,1.6838766402235397e-05,2.835440539490516e-10,0.0877690551187891,-1.1200132656792186,1.5804898832788962e-11,3.059170239662204e-11,3
1025,1,1,1,n_peaks=HIGH (2.000000 > 1.000000),-4.796416357894737e-06,1.6441241617341017e-05,2.703144259197862e-10,-0.2751736580111143,-1.0172802451902687,9.24679032095068e-12,1.9842109353582555e-11,2
1036,1,1,1,n_peaks=HIGH (2.000000 > 1.000000),5.175846875e-07,1.7625951707686235e-05,3.106741736016874e-10,0.3888900846229436,-1.191440570975259,4.052407641825251e-11,8.238907084914953e-11,2
1081,0,1,1,diff_var=HIGH (0.002539 > 0.001651),0.3421344171875,0.4052300156578967,0.1642113655900992,0.6914519954676541,-1.138856592207267,0.0025394207238885,0.0004019521637958,1
1082,0,1,1,diff_var=HIGH (0.002155 > 0.001651),0.3731634933333333,0.3835982786812517,0.1471476394072192,0.4544319192997313,-1.397937924019021,0.0021545117242155,0.0004452601056717,1
1083,0,1,1,diff_var=HIGH (0.002879 > 0.001651),0.4051102050847457,0.433202823087577,0.1876646859310466,0.5569083457092124,-1.268383826389047,0.002878541629082,0.0002347356380592,1
1085,0,1,1,diff_var=HIGH (0.002855 > 0.001651),0.3568994344827586,0.4023777406004288,0.1619078461307059,0.6760827549235792,-1.1485057040947984,0.0028549847895824,0.0004084862392739,1
1098,0,1,1,diff2_var=HIGH (0.001275 > 0.000618),0.2017891775471698,0.2353110289644822,0.0553712803523233,0.688292599840082,-1.1784575829149753,0.0016388286408717,0.0012754529889527,1
1101,0,1,1,diff2_var=HIGH (0.000761 > 0.000618),0.2188495633333333,0.2264967689691032,0.0513007863534433,0.5534952183653996,-1.3170351158093188,0.001448359720018,0.0007611797318201,1
1103,0,1,1,diff2_var=HIGH (0.001355 > 0.000618),0.2518327,0.2427205968473433,0.0589132881339305,0.390218780676739,-1.5512038211010328,0.0016312104325182,0.0013545825276421,1
1104,0,1,1,diff2_var=HIGH (0.000849 > 0.000618),0.2465020525862069,0.264792738093785,0.0701151941472038,0.5645665583250877,-1.3012241391984831,0.0014392469090354,0.0008487032082961,1
1107,1,1,1,diff_var=HIGH (0.002110 > 0.001651),0.4392512988636364,0.3275793835848466,0.107308252549828,-0.3320659989231767,-1.6980839078701928,0.002110077400591,0.0005099748749047,1
1110,0,1,1,diff2_var=HIGH (0.001608 > 0.000618),0.1237801752631579,0.1475171344541956,0.0217613049575772,0.5884232230373078,-1.371130041247458,0.0014341812166235,0.0016080713337646,1
1117,0,1,1,diff2_var=HIGH (0.001652 > 0.000618),0.1459565245,0.1601758328842454,0.0256562974401617,0.5616183350526626,-1.409056558502187,0.0016276281496866,0.0016520664941388,1
1119,0,1,1,diff2_var=HIGH (0.000673 > 0.000618),0.1598501081632652,0.2002543317954923,0.0401017974028591,0.7460524655307917,-1.1244708865196789,0.0012851599748841,0.0006730174336982,1
1120,0,1,1,diff2_var=HIGH (0.000725 > 0.000618),0.1851662646666666,0.2085211493288723,0.0434810697174338,0.5576154896328243,-1.3535601089179916,0.0014728053389195,0.0007252444636941,1
1124,0,1,1,diff2_var=HIGH (0.001265 > 0.000618),0.1301511666666666,0.1494522992868925,0.0223359897621388,0.4939636084471476,-1.4555528115520089,0.0014892034342285,0.0012645571419411,1
1127,0,1,1,diff2_var=HIGH (0.001370 > 0.000618),0.1105411587804878,0.1404674354157299,0.0197311004122722,0.7123475590055027,-1.2218488196066646,0.0012314933040954,0.0013700840453849,1
1129,0,1,1,diff_var=HIGH (0.001797 > 0.001651),0.2418588977272727,0.2507339279004942,0.0628675026004102,0.4351124165486443,-1.453169242687934,0.0017972622135865,0.0005501787662933,1
1139,0,1,1,diff_var=HIGH (0.001700 > 0.001651),0.2796552180434782,0.2653398625694152,0.0704052426683561,0.3517694642655073,-1.4352681759395485,0.0016997328182291,0.0004337372591533,1
1140,0,1,1,diff_var=HIGH (0.001683 > 0.001651),0.2786502455999999,0.2831187586550254,0.0801562315023625,0.4406079040541606,-1.41734252239162,0.0016830784756392,0.0003137232134972,1
1141,0,1,1,diff_var=HIGH (0.001982 > 0.001651),0.3219742313636363,0.2819760640530035,0.0795105006988235,0.1950612065618694,-1.5477785298748328,0.0019819880766979,0.0004386574866921,1
1142,0,1,1,diff_var=HIGH (0.001759 > 0.001651),0.2930981734782608,0.273684630126089,0.0749032767672541,0.3313514309806169,-1.4824678026084197,0.0017592562878328,0.0003964719580459,1
1144,0,1,1,diff_var=HIGH (0.001785 > 0.001651),0.2547181328888889,0.2552423685469471,0.0651486667014556,0.375778659063553,-1.4649374883266362,0.0017851569320196,0.0006129992452995,1
1149,0,1,1,diff_var=HIGH (0.004529 > 0.001651),0.3319349655102041,0.4099924601728809,0.1680938173986113,0.7589704516518769,-1.0648133427309296,0.0045286232504212,0.0003984546395612,1
1151,0,1,1,diff_var=HIGH (0.005892 > 0.001651),0.3552066020408164,0.4557858830506534,0.2077407711882638,0.8631890190109527,-0.8541982618280426,0.0058919897457229,0.0004113452806046,1
1155,0,1,1,diff_var=HIGH (0.004638 > 0.001651),0.2284386968181818,0.3270413038179481,0.1069560144029434,1.03691545012979,-0.5748468141665657,0.0046381465193191,0.0005597730334061,1
1157,0,1,1,diff_var=HIGH (0.004057 > 0.001651),0.2451616658536585,0.3144739692070046,0.098893877308808,0.8114717890239227,-1.0254237235266463,0.004057129256264,0.0004595145258825,1
1158,0,1,1,diff_var=HIGH (0.003843 > 0.001651),0.2288256904347826,0.3185762125917425,0.1014908032292991,0.9794201520761318,-0.7082596695592289,0.0038428514245237,0.0004297279746319,1
1159,0,1,1,diff_var=HIGH (0.004895 > 0.001651),0.2679335046153846,0.3361699459814851,0.1130102325811946,0.7942815975456751,-1.0139278964001828,0.004894841238718,0.000522371186436,1
1163,1,1,1,diff2_var=HIGH (0.000721 > 0.000618),0.058783464347826,0.0412887620536583,0.0017047618719236,-0.0404633188625185,-1.676428010653943,0.0004021197422514,0.0007213289377808,1
1165,0,1,1,diff_var=HIGH (0.004258 > 0.001651),0.3079936972093023,0.3246060548622217,0.1053690908532156,0.8630135212754183,-0.8120965278186154,0.0042580390822353,0.0004661691516158,1
1166,0,1,1,diff_var=HIGH (0.003965 > 0.001651),0.2871995214634146,0.3128426022550523,0.0978704937857128,0.7795692445404092,-0.9961783333108708,0.0039645049034948,0.0004652601511762,1
1167,0,1,1,diff_var=HIGH (0.003034 > 0.001651),0.2233631938297872,0.2833451812661598,0.0802844917467529,1.01623499573158,-0.6215524200700342,0.0030338645543846,0.0003333730623725,1
1168,0,1,1,diff_var=HIGH (0.003007 > 0.001651),0.2136711827272727,0.2777331938736064,0.0771357269792342,0.9268728301841808,-0.8100082080738122,0.0030068108866081,0.0003551482025021,1
1169,0,1,1,diff_var=HIGH (0.002613 > 0.001651),0.173880518125,0.2572879603146792,0.0661970945228879,1.1078817109846746,-0.4484799828174677,0.0026129109714582,0.0003187825001371,1
1183,1,1,1,n_peaks=HIGH (2.000000 > 1.000000),-3.483687068493151e-06,2.0338800521508058e-05,4.1366680665369624e-10,-0.3538341250313752,-1.1187194084150298,1.7154743485767584e-11,3.158558577629212e-11,2
1186,1,1,1,n_peaks=HIGH (2.000000 > 1.000000),5.522882461687501e-07,2.04167323572329e-05,4.16842960146881e-10,0.3349471162028714,-1.023088408250943,4.926661705356363e-11,1.431265498473457e-10,2
1189,1,1,1,n_peaks=HIGH (19.000000 > 1.000000),1.7082065914285715e-05,9.910475546826776e-06,9.821752556425152e-11,-0.4288631144022721,-0.5491065799633299,6.582765186853374e-11,1.9545278953215686e-10,19
1202,1,1,1,n_peaks=HIGH (2.000000 > 1.000000),-7.918431171698112e-06,2.757780133661255e-05,7.605351265616691e-10,0.3781797931699778,-0.8727120589418691,2.8026152570563867e-10,7.792734385863372e-10,2
1204,1,1,1,n_peaks=HIGH (9.000000 > 1.000000),-8.703128059701491e-07,1.6658719011306564e-05,2.7751291909766676e-10,0.2087001352542775,-1.1996198830082938,1.757667335152816e-10,4.858439282742613e-10,9
1207,1,1,1,n_peaks=HIGH (2.000000 > 1.000000),-4.583778085106382e-06,2.269753232720916e-05,5.151779737447049e-10,-0.02645300674072,-1.292439740235496,4.346159683933233e-11,7.310031778099357e-11,2
1213,1,1,1,n_peaks=HIGH (2.000000 > 1.000000),-3.0813996666666667e-06,1.1671035221837717e-05,1.3621306314937654e-10,0.122915380600928,-1.001771248694541,4.063657245602996e-11,7.725926456209438e-11,2
1273,1,1,1,n_peaks=HIGH (2.000000 > 1.000000),-3.0270327735849057e-06,1.5137505500663015e-05,2.2914407278260307e-10,0.1536954103533772,-1.344153936013882,1.3555490238714136e-11,2.621510138025848e-11,2
1309,1,1,1,n_peaks=HIGH (2.000000 > 1.000000),-1.1076019790697673e-05,1.390278211143064e-05,1.932873504379158e-10,-0.302862912884222,-1.2388698453658415,2.2819316367202296e-11,3.9362845387773316e-11,2
1321,1,1,1,n_peaks=HIGH (2.000000 > 1.000000),4.942975096774194e-06,2.675218307773641e-05,7.15679299424726e-10,-0.4205670883144931,-0.9276668417505104,9.411911093560231e-11,2.525034523114062e-10,2
1330,1,1,1,n_peaks=HIGH (2.000000 > 1.000000),4.012197567567569e-07,1.171868842910297e-05,1.3732765849839184e-10,-0.0483469403282189,-1.0915364475788902,2.006976543584308e-11,3.3568852567120576e-11,2
1331,1,1,1,n_peaks=HIGH (9.000000 > 1.000000),9.328747833333332e-06,8.800288852210185e-06,7.744508388233486e-11,-0.379687427285944,0.0149506472740763,6.875057260211896e-11,2.0977276709844407e-10,9
1518,1,1,1,n_peaks=HIGH (2.000000 > 1.000000),2.8161487187499997e-06,2.4739350988335223e-05,6.120354873240432e-10,-0.272709103401121,-0.7197767164361513,1.4114483389699342e-10,3.565387406837894e-10,2
1524,0,1,1,diff_var=HIGH (0.001996 > 0.001651),0.3101905618965516,0.3313571140531905,0.1097975370336591,0.6872046977398197,-1.1360234669928848,0.001996111042441,0.0002313067926589,1
1525,0,1,1,diff_var=HIGH (0.003211 > 0.001651),0.3617422807407406,0.3863890180647433,0.1492964732810365,0.7230086921819091,-1.0814405995827765,0.0032110191900928,0.0003873957259302,1
1526,0,1,1,diff_var=HIGH (0.002390 > 0.001651),0.3061270248979592,0.3150138038016824,0.0992336965856048,0.6036039393732793,-1.241233230149582,0.0023895601094487,0.0004003942851264,1
1531,0,1,1,diff_var=HIGH (0.003753 > 0.001651),0.2931607276595744,0.3587427821136675,0.1286963837186543,0.744948410444805,-1.0924809798017694,0.003753126349193,0.0005624013027875,1
1534,0,1,1,diff_var=HIGH (0.003128 > 0.001651),0.31834018,0.3661053367461206,0.1340331175939904,0.6538199501106051,-1.2047337394258526,0.003127555292151,0.0002823980437233,1
1535,0,1,1,diff_var=HIGH (0.002822 > 0.001651),0.2797958625,0.3270201684897613,0.1069421905990719,0.6607167974215722,-1.2066492658069876,0.0028222591154365,0.0004896164687339,1
1536,0,1,1,diff_var=HIGH (0.003664 > 0.001651),0.3156559354166666,0.3730504742428644,0.139166656332826,0.6977000371161459,-1.138121366646782,0.0036636943758787,0.0004714806723282,1
1538,0,1,1,diff_var=HIGH (0.003806 > 0.001651),0.2591053653061225,0.3502921253609239,0.1227045730898732,0.9525818502751536,-0.729532731319789,0.003806130929597,0.0003461439664931,1
1540,0,1,1,diff_var=HIGH (0.004193 > 0.001651),0.2691142612244898,0.3659702027998989,0.1339341893373991,0.9634408466177452,-0.7060737953828085,0.0041925209269875,0.0003606395101148,1
1542,0,1,1,diff_var=HIGH (0.003107 > 0.001651),0.2763986952380952,0.3084144296039873,0.0951194603879528,0.5969681301887696,-1.271955221764122,0.0031065496346009,0.0005781130991679,1
1543,0,1,1,diff_var=HIGH (0.004447 > 0.001651),0.3139126674999999,0.3745571971155216,0.1402930939110357,0.7208741896916574,-1.1106198077216354,0.0044472834537029,0.0004674908664017,1
1545,0,1,1,diff_var=HIGH (0.003897 > 0.001651),0.2687966372549019,0.363380215002999,0.1320451806556257,0.9751863727510164,-0.6866016855623354,0.0038974694850492,0.0004344280599374,1
1547,0,1,1,diff_var=HIGH (0.003962 > 0.001651),0.2716993916,0.3586929418639885,0.1286606265430426,0.9748044627184108,-0.688806810469587,0.0039618355874233,0.0003781121856015,1
1550,0,1,1,diff_var=HIGH (0.002684 > 0.001651),0.2776339756097561,0.2763909814307692,0.0763919746162638,0.6385801367738415,-1.215204294815061,0.0026839520987406,0.0003796596973299,1
1551,0,1,1,diff_var=HIGH (0.003223 > 0.001651),0.3197030283333333,0.3247151015138049,0.1054398971511206,0.5385313460889689,-1.3101409429003013,0.0032233816183043,0.0004072031719256,1
1554,0,1,1,diff_var=HIGH (0.005596 > 0.001651),0.2995292655813953,0.3835313376717686,0.1470962869762962,0.8967453188605482,-0.8182185271768403,0.0055961609646578,0.0006080433619871,1
1555,1,1,1,n_peaks=HIGH (2.000000 > 1.000000),0.0246109846666666,0.0285709052933707,0.0008162966292827,1.07282330576838,-0.1354473007727259,0.0002148962471555,0.0003687694750785,2
1556,0,1,1,diff_var=HIGH (0.005263 > 0.001651),0.2899272873333333,0.3843093119497067,0.147693647251257,0.9178793827205028,-0.7824717785728645,0.0052634537098929,0.0005696406908026,1
1558,0,1,1,diff_var=HIGH (0.004575 > 0.001651),0.3196581275,0.3595250727746327,0.1292582779536049,0.609985271576713,-1.2518707837898575,0.0045749265708794,0.0005507135604605,1
1561,0,1,1,diff_var=HIGH (0.004898 > 0.001651),0.3204954523809524,0.377625175738138,0.1426007733512596,0.6994938264656237,-1.1318836235372662,0.0048978165309024,0.0005956499669749,1
1563,0,1,1,diff_var=HIGH (0.004701 > 0.001651),0.2703784155555555,0.3604080254927801,0.1298939448396044,0.9174198762345336,-0.8016965556024047,0.0047014422682277,0.000551781932552,1
1568,0,1,1,diff_var=HIGH (0.004171 > 0.001651),0.2949770871794872,0.3329933550272076,0.1108845744922759,0.6360307394952296,-1.2169545954360927,0.0041713964321821,0.00048245789088,1
1570,0,1,1,diff_var=HIGH (0.004215 > 0.001651),0.2229492814814815,0.3489736179605803,0.121782586032497,1.2460643570535344,-0.0696931719512652,0.0042152471519592,0.0004636908694753,1
1571,0,1,1,diff_var=HIGH (0.003737 > 0.001651),0.2266593808928571,0.3474736310580167,0.1207379242806427,1.2117207313648937,-0.143870386995891,0.0037370929510891,0.0004590228945881,1
1573,0,1,1,diff_var=HIGH (0.003176 > 0.001651),0.2792793289473684,0.2908273812435904,0.0845805656810047,0.5283792548661533,-1.3237125588213186,0.0031756529458937,0.0005689187093811,1
1574,0,1,1,diff_var=HIGH (0.003754 > 0.001651),0.3284673722222222,0.3137964997657917,0.0984682432652625,0.3987150046815602,-1.4358861660026043,0.0037544402222724,0.0005667468163554,1
1576,0,1,1,diff_var=HIGH (0.004674 > 0.001651),0.3043510089130434,0.3683769923725941,0.1357016085094782,0.9110713375116652,-0.7974881185485541,0.0046739498200496,0.0005163960234484,1
1581,0,1,1,diff_var=HIGH (0.002103 > 0.001651),0.27146512,0.2291837292440366,0.0525251817502038,0.3977170034799073,-1.3914138688156588,0.0021029091384945,0.0003011245334604,1
1584,0,1,1,diff_var=HIGH (0.004612 > 0.001651),0.2438000337254901,0.3633521663124624,0.1320247967639593,1.1644268585341186,-0.2479849600492225,0.0046115437145102,0.0005032296081713,1
1586,0,1,1,diff_var=HIGH (0.001688 > 0.001651),0.2114719637142857,0.2011733228076961,0.0404707058094895,0.3966120387111726,-1.3850645270801218,0.0016881735862566,0.0004761220394065,1
1587,0,1,1,diff_var=HIGH (0.001669 > 0.001651),0.2059687566666666,0.1934282075393059,0.0374144714718688,0.3553850808698032,-1.4372413376521784,0.0016685213353396,0.0002220902306982,1
1588,0,1,1,diff_var=HIGH (0.004222 > 0.001651),0.292547319047619,0.3490580264428519,0.1218415058241786,0.7375743079734731,-1.081641145126973,0.0042222979639043,0.000328073331224,1
1590,0,1,1,diff_var=HIGH (0.004428 > 0.001651),0.2499003422448979,0.357469433564531,0.1277843959329466,1.0619629716340118,-0.5048962316041528,0.004428412602198,0.0004480120338368,1
1591,0,1,1,diff_var=HIGH (0.003816 > 0.001651),0.2350920862745098,0.3406246561808265,0.1160251563983062,1.0919564129339356,-0.4342951027990107,0.003816495854128,0.0003996672311673,1
1592,0,1,1,diff2_var=HIGH (0.000730 > 0.000618),0.1500093433333333,0.1336304164231699,0.0178570881934297,0.3111588375534452,-1.4052307248312137,0.0011010190318419,0.0007299015327446,1
1593,0,1,1,diff_var=HIGH (0.002092 > 0.001651),0.240446782051282,0.2447546493485752,0.059904838377744,0.5127750967259747,-1.3219945562876834,0.0020924100297354,0.0002104098715415,1
1596,0,1,1,diff_var=HIGH (0.003774 > 0.001651),0.2253701461538461,0.3360387808138471,0.1129220622108567,1.1531547242559603,-0.2907631638363241,0.0037743882639239,0.0003383792982311,1
1599,0,1,1,diff_var=HIGH (0.002343 > 0.001651),0.2811768456756757,0.2600649170752228,0.0676337610933425,0.3445250336737422,-1.4081031124647088,0.002342945237058,0.0002591716691684,1
1602,0,1,1,diff_var=HIGH (0.003503 > 0.001651),0.2315171442592592,0.3376948193176742,0.1140377909939966,1.1386658286915965,-0.3226142986239533,0.0035025927188269,0.0003422468379418,1
1603,0,1,1,diff_var=HIGH (0.003534 > 0.001651),0.2369830589473684,0.339857605702583,0.1155031921538923,1.2465518661448391,-0.0468214862721634,0.0035338490092046,0.0004283534958324,1
1606,0,1,1,n_peaks=HIGH (2.000000 > 1.000000),0.2783831172413793,0.1833753785793766,0.0336265294691297,-0.1827779288309872,-1.4773409187666635,0.0013501817809138,0.0005873802114562,2
1608,0,1,1,diff_var=HIGH (0.002104 > 0.001651),0.232607906779661,0.2818825284341457,0.0794577598364269,1.1594152274891532,-0.2216240376425666,0.0021036321724462,0.0003462936040052,1
1609,0,1,1,diff_var=HIGH (0.003945 > 0.001651),0.2773092095744681,0.3398953940091889,0.1155288788686618,0.9826650771498032,-0.6314663467337476,0.0039454116608114,0.0003437180839418,1
1613,0,1,1,diff_var=HIGH (0.003541 > 0.001651),0.2346914096153846,0.3375614134007744,0.1139477078171285,1.080731725934677,-0.4509356653793306,0.0035406263367658,0.0002884318111684,1
1614,0,1,1,diff_var=HIGH (0.003574 > 0.001651),0.2310263153846153,0.3343112440327594,0.1117640078867312,1.1015567280336285,-0.3995134118078058,0.0035737682945647,0.000520900694008,1
1615,1,1,1,diff_var=HIGH (0.001786 > 0.001651),0.1978706396551724,0.2367384554040502,0.0560450962670955,1.125432436142498,-0.2358312237754241,0.0017860536445235,0.0004047555079246,1
1616,0,1,1,diff_var=HIGH (0.002360 > 0.001651),0.3100938827586207,0.240002665330111,0.0576012793655573,-0.0911596016570482,-1.5151173429762668,0.0023601239857777,0.0005303663422094,1
1618,0,1,1,diff_var=HIGH (0.002860 > 0.001651),0.2163114444444444,0.3123031145558452,0.0975332353612813,1.0976473657265204,-0.4129618618960378,0.0028596897952633,0.0002337479328753,1
1619,0,1,1,diff_var=HIGH (0.003157 > 0.001651),0.2087244854545454,0.3169831807054044,0.100478336850115,1.1920886354740066,-0.2024172103696497,0.0031572738592662,0.0004037059586026,1
1620,0,1,1,diff_var=HIGH (0.001670 > 0.001651),0.1734201968253968,0.2589891176434872,0.067075363057752,1.1899138850580449,-0.1849348360795364,0.0016704059984148,0.0002354925031704,1
1622,0,1,1,diff_var=HIGH (0.002018 > 0.001651),0.1935178771929824,0.2763161875225414,0.0763506354869922,1.086469283678955,-0.4276891242052687,0.0020181913598525,0.0002362088288785,1
1623,0,1,1,diff_var=HIGH (0.002714 > 0.001651),0.2000235888333333,0.3118066608421237,0.0972233937455151,1.2582944877102538,-0.0298168530099789,0.0027140835893415,0.0002712586423341,1
1624,0,1,1,diff_var=HIGH (0.002278 > 0.001651),0.2013263749999999,0.2909343584907113,0.0846428009504017,1.1650473777711263,-0.2497692233587365,0.0022776264933544,0.0005703088240145,1
1626,1,1,1,diff2_var=HIGH (0.001186 > 0.000618),0.2249020269354839,0.2399811120211682,0.0575909341269165,0.7274913545415512,-0.9348189338253832,0.0014624492724936,0.0011859411947686,1
1627,0,1,1,diff_var=HIGH (0.002367 > 0.001651),0.2707194771929824,0.3028163146517464,0.0916977204192655,1.0485419785147303,-0.4579323164794484,0.0023674259608808,0.0003527661113243,1
1628,0,1,1,diff_var=HIGH (0.002528 > 0.001651),0.2401766955172413,0.307312885016604,0.0944412092972284,1.1121026732862724,-0.3389525424695319,0.0025276643967053,0.0004487530904794,1
1631,0,1,1,diff_var=HIGH (0.001675 > 0.001651),0.1895714929687499,0.2658650381270016,0.070684218498272,1.153364470177745,-0.2720845226924604,0.0016749428352318,0.0005409567916567,1
1633,0,1,1,diff_var=HIGH (0.001946 > 0.001651),0.2089520929824561,0.2819370341152677,0.0794884912057136,0.9683066791085188,-0.6773476049267382,0.0019463654940225,0.0003761800512418,1
1635,0,1,1,diff_var=HIGH (0.001740 > 0.001651),0.2134437607142857,0.2734713300638659,0.0747865683668999,0.8946882426987615,-0.8075872436097757,0.001739825659509,0.00022124239497,1
1637,0,1,1,diff_var=HIGH (0.002296 > 0.001651),0.1947321262295082,0.2967060350000912,0.0880344712054753,1.191644211404763,-0.2001072222339153,0.0022956918356556,0.0003115556524647,1
1640,0,1,1,diff_var=HIGH (0.002149 > 0.001651),0.1843157136363636,0.2925839333730325,0.0856053580680351,1.2887051018750082,0.0458173906650194,0.0021492922881873,0.0004916179547696,1
1643,0,1,1,diff_var=HIGH (0.002126 > 0.001651),0.2195387016666666,0.3073654612006818,0.0944735267391078,1.028130541628443,-0.566737049170825,0.0021262235069698,0.0001498394395837,1
1647,1,1,1,n_peaks=HIGH (2.000000 > 1.000000),0.2117701201315789,0.1932935120464008,0.0373623817992321,0.3587913981094373,-1.0785525587938272,0.0009297843459618,0.0001969742647187,2
1648,0,1,1,diff_var=HIGH (0.002049 > 0.001651),0.2086709484375,0.3064462618661758,0.0939093114117528,1.1456242052228187,-0.2958072205081112,0.0020492969854412,0.0001573713558177,1
1650,0,1,1,diff_var=HIGH (0.002279 > 0.001651),0.2255205292424242,0.3273453440840201,0.1071549742934855,1.159375902599525,-0.2592294578729666,0.0022785000053122,0.0004124028127679,1
1651,1,1,1,n_peaks=HIGH (2.000000 > 1.000000),0.2224596611428571,0.2169012454609792,0.0470461502825239,0.8621780645826878,-0.4415632045461959,0.0011112610603329,0.0002994467918799,2
1652,0,1,1,diff_var=HIGH (0.002444 > 0.001651),0.35279054325,0.2913378088680773,0.0848777188760523,0.1390560609519834,-1.4926624039535972,0.0024438413205318,0.0004854055952609,1
1657,0,1,1,diff_var=HIGH (0.002247 > 0.001651),0.2275160982857143,0.3391848247574502,0.1150463453457422,1.18841299501017,-0.1832525136072806,0.0022473607606234,0.0003376024016258,1
1658,1,1,1,n_peaks=HIGH (2.000000 > 1.000000),0.2516428833333333,0.244827148511182,0.0599403326481163,0.8426599180494739,-0.4640203572039278,0.0013982619864608,0.0003118989142365,2
1661,0,1,1,diff_var=HIGH (0.002931 > 0.001651),0.3089359487037036,0.3698229412292848,0.136769007859479,0.7164979401656212,-1.120304568060587,0.0029308073374036,0.0002560638729472,1
1663,0,1,1,diff_var=HIGH (0.002268 > 0.001651),0.2720590676923076,0.3609108730500794,0.1302566582857705,0.925867229857588,-0.7657773677124857,0.0022681657961068,0.0002092777145936,1
1665,0,1,1,diff_var=HIGH (0.002412 > 0.001651),0.3098221864406779,0.3693554668346215,0.1364234608806211,0.7386176321893153,-1.0647475651327245,0.0024118431323362,0.0002166120381298,1
1667,0,1,1,diff_var=HIGH (0.002588 > 0.001651),0.3037356779661017,0.3729422974679914,0.1390859572407037,0.7953301787732052,-0.9765207070868932,0.0025882594175213,0.0002600817320856,1
1679,0,1,1,diff_var=HIGH (0.002052 > 0.001651),0.3211226351470588,0.3805680627150471,0.144832050358684,0.7256934329054533,-1.0756266003693469,0.0020519637936404,0.0005752262477232,1
1681,0,1,1,diff_var=HIGH (0.001698 > 0.001651),0.2554174863013699,0.3453043029831023,0.1192350616586461,0.943649383394679,-0.7548758107876883,0.0016984631360216,0.0001664292129659,1
1687,0,1,1,diff_var=HIGH (0.001675 > 0.001651),0.2644616944594594,0.3501910095256088,0.122633743152565,0.910211944665107,-0.8145656239983694,0.0016749084705662,0.0002441537780607,1
1703,0,1,1,diff_var=HIGH (0.001868 > 0.001651),0.3586827052777777,0.399849079766248,0.1598792865899153,0.6023553007769328,-1.246007669954598,0.0018677016377005,0.0005689301699418,1
1705,0,1,1,diff2_var=HIGH (0.000849 > 0.000618),0.3385959709876543,0.3845640275030398,0.1478894912493587,0.6508282796081062,-1.2014574009237615,0.0015733182990031,0.0008487475242055,1
1721,0,1,1,diff_var=HIGH (0.003856 > 0.001651),0.3585543372549019,0.3640789149197664,0.1325534562891545,0.9191410529692932,-0.7563067987179246,0.0038555488015181,0.0005135511055333,1
1728,0,1,1,n_peaks=HIGH (2.000000 > 1.000000),0.2487628397262773,0.3244075606251028,0.1052402653907297,0.8504386308654269,-0.9393027772301896,2.8404652478553206e-05,1.1722255220465224e-05,2
1732,0,1,1,n_peaks=HIGH (3.000000 > 1.000000),0.1259203588015717,0.1702431710478198,0.0289827372884172,1.0571640306151724,-0.5239894564079175,1.6078953822176272e-05,2.0759023263243385e-05,3
1733,0,1,1,n_peaks=HIGH (3.000000 > 1.000000),0.1209882908830022,0.1737246648975595,0.0301802591937693,1.0295855620100398,-0.6122791543274979,2.2383721828290715e-05,1.4830097584432389e-05,3
1734,0,1,1,n_peaks=HIGH (2.000000 > 1.000000),0.1224669864556962,0.1689017265900995,0.0285277932451167,0.8584241738638637,-0.9815839069060076,3.047642614284313e-05,2.468561460835256e-05,2
1735,0,1,1,n_peaks=HIGH (2.000000 > 1.000000),0.1055348254725274,0.1548946498042283,0.0239923525379745,1.0436648008880167,-0.606419708941127,1.6244055179477536e-05,1.372236031297175e-05,2
1740,0,1,1,kurtosis=HIGH (0.332799 > 0.085746),0.0493830895896328,0.0808363354859762,0.0065345131348013,1.3789274408085146,0.3327987106306613,5.293271626822078e-06,4.289304601232105e-06,1
1742,1,1,1,n_peaks=HIGH (5.000000 > 1.000000),0.0558026168735632,0.0535621718314004,0.0028689062512964,0.8549693517030266,-0.2387912765837208,6.182602290641769e-06,8.788053905224474e-06,5
1745,0,1,1,kurtosis=HIGH (1.058354 > 0.085746),0.0140064567477203,0.0250167706185399,0.0006258388121806,1.6238957268887086,1.0583544692774574,2.516063839237194e-06,4.363676530934553e-06,1
1752,0,1,1,n_peaks=HIGH (47.000000 > 1.000000),0.0047092451790633,0.0050035265619487,2.503527805612635e-05,0.4846273813574575,-1.3094623542063522,3.16275135690221e-06,9.47583663169806e-06,47
1753,0,1,1,n_peaks=HIGH (12.000000 > 1.000000),0.0241365539863325,0.0221838258598813,0.0004921221297815,0.2924174938369938,-1.4533534419544392,3.1608217829429216e-06,8.672923437457205e-06,12
1754,0,1,1,n_peaks=HIGH (13.000000 > 1.000000),0.0170100012669683,0.0175815469347467,0.0003091107926187,0.4809900761006832,-1.366378163479271,2.123022858980046e-06,5.8437086147090925e-06,13
1755,0,1,1,n_peaks=HIGH (26.000000 > 1.000000),0.0069024162555066,0.0088696731290361,7.867110141594502e-05,0.8916003737077699,-0.7757522297933437,2.2195194257227378e-06,6.549791892099559e-06,26
1757,0,1,1,n_peaks=HIGH (33.000000 > 1.000000),0.0067836747582697,0.0080440068902085,6.470604684972213e-05,0.6264848910401246,-1.2601894965859133,1.8879748574178567e-06,5.035608191360101e-06,33
1758,0,1,1,n_peaks=HIGH (9.000000 > 1.000000),0.0198691726378896,0.0204384377790718,0.0004177297388489,0.4472767283804079,-1.3946600903449955,2.688012230529327e-06,7.410407693977833e-06,9
1759,0,1,1,n_peaks=HIGH (17.000000 > 1.000000),0.0092844292541436,0.0099899010447761,9.979812288441904e-05,0.4571888250193378,-1.4518869157932284,3.0948076147612182e-06,8.961081104458335e-06,17
1760,0,1,1,n_peaks=HIGH (37.000000 > 1.000000),0.0058061053918495,0.0061611218267481,3.795942216403236e-05,0.456636419778863,-1.4183006386479506,2.414923776414465e-06,6.739055136939431e-06,37
1761,0,1,1,n_peaks=HIGH (15.000000 > 1.000000),0.0136530186197916,0.0150457106973674,0.0002263734103888,0.580399499944089,-1.244681164585733,3.3195859080214097e-06,9.802047141248166e-06,15
1762,0,1,1,n_peaks=HIGH (15.000000 > 1.000000),0.0201402549602122,0.0199442846694468,0.0003977744909759,0.3459255931753845,-1.519431610150907,4.646645304512233e-06,1.397737157139093e-05,15
1763,0,1,1,n_peaks=HIGH (20.000000 > 1.000000),0.0125481630104712,0.0138621251812476,0.0001921585145405,0.5252180935153629,-1.384597426719372,3.5930613177385836e-06,1.0954672829335268e-05,20
1764,0,1,1,n_peaks=HIGH (41.000000 > 1.000000),0.0053113311945392,0.0056185995487254,3.1568660888938166e-05,0.5062466581173669,-1.2625628102752349,3.777504662102739e-06,1.1947242107331268e-05,41
1765,0,1,1,n_peaks=HIGH (34.000000 > 1.000000),0.0042542876836158,0.0053292756184073,2.840117861695113e-05,0.7956672621718277,-0.9422392906544044,2.2545406097813023e-06,6.425841215060795e-06,34
1766,0,1,1,n_peaks=HIGH (16.000000 > 1.000000),0.015177822445328,0.0163545995913557,0.0002674729277935,0.4814792078256347,-1.4206048495491284,2.8673234159127483e-06,8.479900277849898e-06,16
1767,0,1,1,n_peaks=HIGH (20.000000 > 1.000000),0.0134972847145877,0.0143096783464294,0.0002047668943782,0.5009595483644288,-1.3513433056098154,2.959756817051272e-06,8.542093675934184e-06,20
1775,0,1,1,n_peaks=HIGH (2.000000 > 1.000000),0.1671471267901234,0.1599450922157309,0.0255824325238986,0.5359707222750054,-1.3837644023355482,2.0696882268515013e-05,1.7038992314641005e-05,2
1776,1,1,1,n_peaks=HIGH (2.000000 > 1.000000),0.1546062842577031,0.181351444877577,0.0328883465591848,0.6891624235406623,-1.2093152568628651,3.119086542059258e-05,1.7605906354007656e-05,2
1778,0,1,1,n_peaks=HIGH (2.000000 > 1.000000),0.0853414383435582,0.1320662118097554,0.0174414843017791,1.1903254998520012,-0.2569863926452651,1.977779979740901e-05,1.7922004170262425e-05,2
1779,1,1,1,n_peaks=HIGH (3.000000 > 1.000000),0.0554463810381355,0.0904871057870384,0.0081879163137146,1.2656108133992885,-0.1325529870044373,1.3252857618459448e-05,7.64705425436128e-06,3
1780,0,1,1,n_peaks=HIGH (3.000000 > 1.000000),0.0658991900683371,0.094655980279698,0.0089597546027105,1.0163103430125142,-0.6476176213539806,1.01326347881274e-05,8.232411937131814e-06,3
1781,1,1,1,n_peaks=HIGH (2.000000 > 1.000000),0.1062420029475982,0.1384307088108985,0.0191630611418877,0.865647938486684,-0.8963981234648655,1.4848986790241577e-05,1.4626195894651315e-05,2
1782,0,1,1,n_peaks=HIGH (2.000000 > 1.000000),0.0978481568815331,0.1457811777727917,0.0212521517928223,1.1288897954756294,-0.3758599610422024,9.11753926972461e-06,9.82407639840596e-06,2
1785,0,1,1,n_peaks=HIGH (3.000000 > 1.000000),0.1931284041290322,0.2553066956922692,0.065181508865305,0.86943367176638,-0.9191629850526296,1.7877509729930233e-05,1.2950843748733704e-05,3
1786,0,1,1,n_peaks=HIGH (2.000000 > 1.000000),0.1866269634090909,0.2461938956707332,0.0606114342655318,0.872781325289002,-0.903169031446322,1.473784611581138e-05,9.67175953506358e-06,2
1787,0,1,1,n_peaks=HIGH (5.000000 > 1.000000),0.1133664913704206,0.1566576465680672,0.0245416182282454,0.9857321188331712,-0.6809965219583227,6.51707321435217e-06,8.601531144472373e-06,5
1788,0,1,1,n_peaks=HIGH (2.000000 > 1.000000),0.1720172841033434,0.2091126105831833,0.043728083904914,0.7073004535804556,-1.170670561786698,1.1130279066071236e-05,1.1415794358067383e-05,2
1789,0,1,1,n_peaks=HIGH (5.000000 > 1.000000),0.2191326145828295,0.2705580052265533,0.0732016341921716,0.7479213703975356,-1.102868214822334,1.009549233612494e-05,9.73514217339636e-06,5
1790,0,1,1,n_peaks=HIGH (4.000000 > 1.000000),0.237624665240113,0.2990304336577927,0.0894192002535675,0.7751822285621829,-1.053026429328979,1.7737588622909478e-05,9.85440940208357e-06,4
1791,0,1,1,n_peaks=HIGH (3.000000 > 1.000000),0.2495836479566982,0.299113627093544,0.0894689619130556,0.644151017088956,-1.271971333092437,2.306313426704308e-05,1.9854071697083275e-05,3
1793,1,1,1,n_peaks=HIGH (5.000000 > 1.000000),0.2147262847301587,0.2468755310988406,0.0609475278553346,0.6025396940366631,-1.3228339964852194,1.915308884249297e-05,1.584993959665543e-05,5
1795,0,1,1,n_peaks=HIGH (2.000000 > 1.000000),0.2334343359109311,0.3022021493629379,0.0913261390795794,0.8256536378653349,-0.9786933695990364,1.899623814943541e-05,1.0478514495343177e-05,2
1800,1,1,1,n_peaks=HIGH (5.000000 > 1.000000),-8.375030533783784e-06,2.5181929233242363e-05,6.341295599080263e-10,0.1570950353432822,-1.0635554134401008,5.1147784565706985e-11,1.3438547390688562e-10,5
1803,1,1,1,n_peaks=HIGH (3.000000 > 1.000000),5.071832524064172e-06,2.2543357541682724e-05,5.082029692521433e-10,-0.1578636144043858,-1.460710042415064,1.3273278485571528e-11,3.046783662429221e-11,3
1805,1,1,1,n_peaks=HIGH (2.000000 > 1.000000),-9.254690283629036e-06,1.5797238035055325e-05,2.4955272953619863e-10,-0.6970441152391552,-0.7300209167974696,4.4912141779856063e-11,1.351887124570742e-10,2
1817,1,1,1,n_peaks=HIGH (3.000000 > 1.000000),-1.9524160754716984e-06,2.753185913064213e-05,7.580032671895224e-10,0.0632660098129861,-1.2606820415412114,5.0345882883986266e-11,7.743266987492675e-11,3
1939,1,1,1,n_peaks=HIGH (3.000000 > 1.000000),5.594184948453608e-06,1.6475442683248312e-05,2.714402116090003e-10,-0.0147327999157271,-1.3550270276375522,3.3615031170676955e-11,8.070916509977308e-11,3
1942,1,1,1,n_peaks=HIGH (2.000000 > 1.000000),1.1027805310377358e-05,1.4099063943506187e-05,1.9878360408307623e-10,-0.0094600712060504,-1.1815836891205838,1.0458552265969379e-11,1.9796667552918124e-11,2
1945,1,1,1,n_peaks=HIGH (3.000000 > 1.000000),-1.8879913172839503e-05,1.7033300309724338e-05,2.901333194412552e-10,-0.2098005535002576,-1.2821003078542097,7.961135874124427e-12,1.9613949485405974e-11,3
1946,1,1,1,n_peaks=HIGH (2.000000 > 1.000000),3.2986824590163933e-06,1.8800142765518933e-05,3.5344536800389387e-10,0.0787713475903819,-1.454176304818026,2.321376942179555e-11,5.3013444094768865e-11,2
1947,1,1,1,n_peaks=HIGH (3.000000 > 1.000000),-1.0565160971428572e-05,1.6353940742013132e-05,2.6745137779327707e-10,-0.3254217182725709,-1.000596273947046,4.1912034935684154e-11,8.022784782124378e-11,3
1948,1,1,1,n_peaks=HIGH (2.000000 > 1.000000),-4.6737670373134325e-06,2.0622210019894945e-05,4.2527554610465536e-10,-0.4739561026632691,-0.9653486898338342,7.019435190200691e-11,2.0357665359354046e-10,2
1949,1,1,1,n_peaks=HIGH (2.000000 > 1.000000),-2.807474093023256e-06,1.874644914800803e-05,3.5142935565885103e-10,-0.3798738790315798,-0.9442069525187096,1.9081822982206188e-11,5.1396255306350005e-11,2
1950,1,1,1,n_peaks=HIGH (2.000000 > 1.000000),1.066272046875e-05,1.8497750579341907e-05,3.4216677649554376e-10,-0.7112639414741366,-0.2682115955795616,1.8004328840821903e-11,3.5166002799645895e-11,2
1953,1,1,1,n_peaks=HIGH (2.000000 > 1.000000),-3.3664686344262293e-06,1.8151578632776465e-05,3.294798068618671e-10,0.0862926753980087,-1.429715017736493,8.100688738421924e-12,1.5111160759800697e-11,2
1955,1,1,1,n_peaks=HIGH (2.000000 > 1.000000),4.045802890756302e-06,1.2067282268160376e-05,1.4561930133945782e-10,-0.1042224749277302,-1.423918677194929,2.043707315684421e-12,3.418633166566374e-12,2
1957,1,1,1,n_peaks=HIGH (2.000000 > 1.000000),-6.07490226984127e-06,2.3368285761259152e-05,5.460767794198672e-10,0.0096757988052727,-1.3335079508801628,2.207857849032967e-11,3.4627432366367055e-11,2
1961,1,1,1,n_peaks=HIGH (2.000000 > 1.000000),4.732425087719299e-07,1.662115677062288e-05,2.762628523936228e-10,-0.133055752253307,-1.2987933921195367,2.089740205691867e-11,5.4024114232563007e-11,2
1963,1,1,1,n_peaks=HIGH (2.000000 > 1.000000),3.65106231147541e-06,2.0878884207835885e-05,4.359278057642187e-10,0.0031113877726803,-1.238481956695033,3.621849509045718e-11,6.719709321399073e-11,2
1967,1,1,1,n_peaks=HIGH (2.000000 > 1.000000),-6.203774458333334e-06,1.3030583589418766e-05,1.6979610868082967e-10,-0.4110009994251173,-0.8855683505533354,8.548472191215388e-12,1.2540580933822212e-11,2
1969,1,1,1,n_peaks=HIGH (2.000000 > 1.000000),-1.061743655172414e-06,2.8740347370815583e-05,8.260075669951461e-10,0.4747306260283037,-1.100029847021582,1.5052434726494176e-10,3.6486890376640956e-10,2
1974,1,1,1,n_peaks=HIGH (2.000000 > 1.000000),2.7345076315789492e-08,1.5638245319212073e-05,2.4455471666385825e-10,-0.2831646977121878,-1.0291234720236466,3.240600932085093e-11,5.588526460072602e-11,2
2013,1,1,1,n_peaks=HIGH (3.000000 > 1.000000),3.871657979591837e-06,2.3575662642200673e-05,5.558118690188564e-10,-0.2239701504739549,-0.9654069226587798,7.72860905729397e-11,1.682824372571117e-10,3
2017,1,1,1,n_peaks=HIGH (3.000000 > 1.000000),3.4311902641509435e-06,1.5552140000464217e-05,2.4186905859403906e-10,-0.1663525178179567,-1.3573815447577673,1.945309352668816e-11,4.195388991500953e-11,3
2053,1,1,1,n_peaks=HIGH (3.000000 > 1.000000),-1.1464999782608693e-06,1.7089725561488076e-05,2.9205871976697894e-10,-0.423526214619388,-0.5332121014135613,4.3519254388447936e-11,8.255584960082022e-11,3
2065,1,1,1,n_peaks=HIGH (3.000000 > 1.000000),1.1100248445714289e-05,2.909100628103455e-05,8.462866464431917e-10,-0.7469891619279626,-0.6553961362825231,9.127397356097529e-11,2.3229013095952772e-10,3
2070,1,1,1,n_peaks=HIGH (2.000000 > 1.000000),-2.84764764e-06,1.975332968536831e-05,3.901940336588528e-10,0.1220441738228388,-1.4264841179812764,1.7636711973765158e-11,4.2478022664613786e-11,2
2071,1,1,1,n_peaks=HIGH (3.000000 > 1.000000),-1.4941875342857145e-05,1.2232195385603427e-05,1.4962660395157779e-10,-0.1935645959365123,-1.4425646090428537,3.9987172363877215e-11,8.324393643922812e-11,3
2072,1,1,1,n_peaks=HIGH (2.000000 > 1.000000),-1.295550108e-05,1.0684028927323529e-05,1.1414847411988591e-10,-0.1694695980992651,-1.3357697192577875,4.404785011841059e-11,9.065094585464782e-11,2
2084,1,1,1,n_peaks=HIGH (2.000000 > 1.000000),3.7984639130434778e-06,1.6484978843751835e-05,2.717545274789455e-10,-0.1825681424103514,-1.208027091501764,1.972943785391901e-10,5.724663369044202e-10,2
2090,1,1,1,n_peaks=HIGH (2.000000 > 1.000000),2.685872352941177e-06,1.933951050639856e-05,3.7401666662710025e-10,-0.2107112557174982,-1.4521920750094266,2.905624138269358e-10,6.256942307160224e-10,2
2103,1,1,1,n_peaks=HIGH (2.000000 > 1.000000),-3.996852105263158e-06,2.335838166240019e-05,5.456139938863535e-10,0.2518932435218229,-1.3668593099923123,3.279732835178728e-10,8.968802441512062e-10,2
2106,1,1,1,n_peaks=HIGH (2.000000 > 1.000000),-2.680279375e-06,2.306480760408551e-05,5.319853498134807e-10,0.0506990291154011,-1.4822665220330735,4.980067029367332e-10,1.404658171359439e-09,2
2115,1,1,1,n_peaks=HIGH (2.000000 > 1.000000),2.1389260555555553e-05,1.434396538163832e-05,2.0574934286963856e-10,-0.011812036806588,-1.3499943620241557,6.79151529115347e-11,1.3705846221143607e-10,2
2123,1,1,1,n_peaks=HIGH (2.000000 > 1.000000),-1.4362516333333334e-05,1.7083947599566183e-05,2.918612655847232e-10,-0.1844185736194987,-0.9802842928991726,2.448747682363563e-10,7.221564984273711e-10,2
