OBJECT_NAME,OBJECT_ID,anomaly_score,anomaly_factors,ECCENTRICITY,INCLINATION,BSTAR,MEAN_MOTION
STARLINK-4418,2022-105AG,3,ECCENTRICITY=HIGH (0.001282 > 0.000535); INCLINATION=HIGH (97.616300 > 83.857200); MEAN_MOTION=HIGH (16.580399 > 16.566038),0.0012821,97.6163,0.0002076,16.5803994
STARLINK-1007,2019-074A,2,ECCENTRICITY=HIGH (0.000832 > 0.000535); BSTAR=HIGH (0.005844 > 0.004463),0.0008324,53.0382,0.0058439,16.29877576
STARLINK-1025,2019-074T,2,ECCENTRICITY=HIGH (0.001788 > 0.000535); BSTAR=HIGH (0.005001 > 0.004463),0.0017884,53.0025,0.0050012,16.34730305
STARLINK-1089,2020-001BF,2,ECCENTRICITY=HIGH (0.000886 > 0.000535); BSTAR=HIGH (0.006716 > 0.004463),0.0008855,53.045,0.0067156,16.16878733
STARLINK-1099,2020-001E,2,ECCENTRICITY=HIGH (0.000576 > 0.000535); BSTAR=HIGH (0.004922 > 0.004463),0.0005759,53.0409,0.0049218,16.25122044
STARLINK-11125,2024-091A,2,ECCENTRICITY=HIGH (0.001078 > 0.000535); BSTAR=HIGH (0.005487 > 0.004463),0.0010776,53.1256,0.0054873,16.26905617
STARLINK-11459,2024-254C,2,ECCENTRICITY=HIGH (0.001156 > 0.000535); BSTAR=HIGH (0.009633 > 0.004463),0.0011558,42.9778,0.009633,16.14110823
STARLINK-1155,2020-006K,2,ECCENTRICITY=HIGH (0.001224 > 0.000535); BSTAR=HIGH (0.004493 > 0.004463),0.0012236,52.9686,0.0044929,16.2487357
STARLINK-1160,2020-006AQ,2,ECCENTRICITY=HIGH (0.000976 > 0.000535); BSTAR=HIGH (0.004632 > 0.004463),0.0009755,53.0331,0.0046324,16.22746085
STARLINK-11612,2025-053N,2,ECCENTRICITY=HIGH (0.000696 > 0.000535); BSTAR=HIGH (0.007784 > 0.004463),0.00069625,42.987,0.0077836865,16.14114723
STARLINK-1165,2020-006R,2,ECCENTRICITY=HIGH (0.001063 > 0.000535); BSTAR=HIGH (0.004786 > 0.004463),0.001063,53.0341,0.0047856,16.24425692
STARLINK-1287,2020-019M,2,ECCENTRICITY=HIGH (0.000792 > 0.000535); BSTAR=HIGH (0.004505 > 0.004463),0.0007924,53.0348,0.0045053,16.29533865
STARLINK-1419,2020-035AP,2,ECCENTRICITY=HIGH (0.001626 > 0.000535); BSTAR=HIGH (0.006217 > 0.004463),0.0016256,53.0101,0.0062175,16.19062915
STARLINK-1421,2020-035BE,2,ECCENTRICITY=HIGH (0.000897 > 0.000535); BSTAR=HIGH (0.005549 > 0.004463),0.0008968,53.0312,0.0055493,16.23304678
STARLINK-1450,2020-035L,2,ECCENTRICITY=HIGH (0.001272 > 0.000535); BSTAR=HIGH (0.006490 > 0.004463),0.0012722,53.0376,0.0064898,16.14963823
STARLINK-1711,2020-062BB,2,ECCENTRICITY=HIGH (0.002283 > 0.000535); MEAN_MOTION=HIGH (16.572979 > 16.566038),0.0022831,53.0159,0.00029044,16.57297914
STARLINK-1743,2020-070AN,2,ECCENTRICITY=HIGH (0.000701 > 0.000535); BSTAR=HIGH (0.004562 > 0.004463),0.0007009,53.0141,0.0045621,16.27892154
STARLINK-1844,2020-088N,2,ECCENTRICITY=HIGH (0.001086 > 0.000535); BSTAR=HIGH (0.005556 > 0.004463),0.0010864,53.0268,0.0055558,16.222886
STARLINK-1851,2020-074AW,2,ECCENTRICITY=HIGH (0.001125 > 0.000535); BSTAR=HIGH (0.004622 > 0.004463),0.0011252,53.0362,0.0046217,16.20774138
STARLINK-1947,2020-074BL,2,ECCENTRICITY=HIGH (0.001102 > 0.000535); BSTAR=HIGH (0.004543 > 0.004463),0.0011016,53.0294,0.0045435,16.31703687
STARLINK-2149,2021-017S,2,ECCENTRICITY=HIGH (0.000787 > 0.000535); BSTAR=HIGH (0.006151 > 0.004463),0.0007873,53.0484,0.006151,15.96092386
STARLINK-2183,2021-017AV,2,ECCENTRICITY=HIGH (0.000989 > 0.000535); BSTAR=HIGH (0.004635 > 0.004463),0.0009885,53.0442,0.0046351,16.25721435
STARLINK-2186,2021-041J,2,ECCENTRICITY=HIGH (0.000976 > 0.000535); BSTAR=HIGH (0.004765 > 0.004463),0.0009762,53.0447,0.0047651,16.23630941
STARLINK-2199,2021-006A,2,ECCENTRICITY=HIGH (0.002388 > 0.000535); INCLINATION=HIGH (97.460700 > 83.857200),0.0023876,97.4607,0.0010549,16.41294746
STARLINK-2200,2021-006B,2,ECCENTRICITY=HIGH (0.000959 > 0.000535); INCLINATION=HIGH (97.446000 > 83.857200),0.0009589,97.446,0.0010993,16.47448285
STARLINK-2201,2021-006C,2,ECCENTRICITY=HIGH (0.000700 > 0.000535); INCLINATION=HIGH (97.461600 > 83.857200),0.0006997,97.4616,0.002212,16.42740704
STARLINK-2202,2021-006D,2,ECCENTRICITY=HIGH (0.000830 > 0.000535); INCLINATION=HIGH (97.462800 > 83.857200),0.0008302,97.4628,0.00097749,16.46749803
STARLINK-2203,2021-006E,2,ECCENTRICITY=HIGH (0.000780 > 0.000535); INCLINATION=HIGH (97.470000 > 83.857200),0.0007795,97.47,0.0011134,16.43439498
STARLINK-2204,2021-006F,2,ECCENTRICITY=HIGH (0.000988 > 0.000535); INCLINATION=HIGH (97.478900 > 83.857200),0.0009878,97.4789,0.00049603,16.51283071
STARLINK-2205,2021-006G,2,ECCENTRICITY=HIGH (0.000640 > 0.000535); INCLINATION=HIGH (97.451700 > 83.857200),0.0006396,97.4517,0.0036667,16.3971873
STARLINK-2206,2021-006H,2,ECCENTRICITY=HIGH (0.000929 > 0.000535); INCLINATION=HIGH (97.447500 > 83.857200),0.0009295,97.4475,0.00087872,16.51963604
STARLINK-2207,2021-006J,2,ECCENTRICITY=HIGH (0.000675 > 0.000535); INCLINATION=HIGH (97.496100 > 83.857200),0.0006746,97.4961,0.0012835,16.41846574
STARLINK-2208,2021-006K,2,ECCENTRICITY=HIGH (0.000865 > 0.000535); INCLINATION=HIGH (97.474100 > 83.857200),0.0008646,97.4741,0.0018169,16.37083573
STARLINK-2340,2021-021Y,2,ECCENTRICITY=HIGH (0.000711 > 0.000535); BSTAR=HIGH (0.005043 > 0.004463),0.0007113,53.0135,0.0050432135,16.22920402
STARLINK-2382,2021-018Q,2,ECCENTRICITY=HIGH (0.000799 > 0.000535); BSTAR=HIGH (0.005464 > 0.004463),0.0007992,53.0358,0.0054638,16.204677
STARLINK-2447,2021-027U,2,ECCENTRICITY=HIGH (0.000979 > 0.000535); BSTAR=HIGH (0.004531 > 0.004463),0.0009794,53.0356,0.0045309,16.30706766
STARLINK-2496,2021-040BL,2,ECCENTRICITY=HIGH (0.000733 > 0.000535); BSTAR=HIGH (0.004886 > 0.004463),0.0007328,53.0242,0.0048863,16.26924491
STARLINK-2601,2021-038AH,2,ECCENTRICITY=HIGH (0.000547 > 0.000535); BSTAR=HIGH (0.005854 > 0.004463),0.0005471,53.0423,0.0058544,16.31681003
STARLINK-2719,2021-044AR,2,ECCENTRICITY=HIGH (0.000705 > 0.000535); BSTAR=HIGH (0.005094 > 0.004463),0.0007047,53.0427,0.0050942,16.23938622
STARLINK-3003,2021-059A,2,ECCENTRICITY=HIGH (0.001256 > 0.000535); INCLINATION=HIGH (97.634100 > 83.857200),0.0012559,97.6341,0.00096259,16.42567573
STARLINK-30044,2023-026J,2,ECCENTRICITY=HIGH (0.001275 > 0.000535); BSTAR=HIGH (0.004976 > 0.004463),0.0012749,42.9869,0.0049762,16.37812962
STARLINK-30046,2023-026R,2,ECCENTRICITY=HIGH (0.001122 > 0.000535); BSTAR=HIGH (0.007514 > 0.004463),0.0011221,42.9901,0.0075137,16.19901758
STARLINK-30054,2023-026M,2,ECCENTRICITY=HIGH (0.001590 > 0.000535); BSTAR=HIGH (0.008355 > 0.004463),0.0015905,42.9893,0.0083552,16.17148379
STARLINK-30063,2023-026U,2,ECCENTRICITY=HIGH (0.001213 > 0.000535); BSTAR=HIGH (0.007749 > 0.004463),0.0012127,42.9932,0.0077492,16.17413156
STARLINK-30065,2023-026G,2,ECCENTRICITY=HIGH (0.001304 > 0.000535); BSTAR=HIGH (0.005710 > 0.004463),0.0013044,42.9891,0.0057095,16.21294983
STARLINK-30087,2023-067D,2,ECCENTRICITY=HIGH (0.001851 > 0.000535); BSTAR=HIGH (0.005481 > 0.004463),0.0018508,42.9673,0.0054813,16.23086685
STARLINK-30115,2023-107H,2,ECCENTRICITY=HIGH (0.002091 > 0.000535); BSTAR=HIGH (0.006640 > 0.004463),0.0020907,42.972,0.0066402,16.19261242
STARLINK-30170,2023-105B,2,ECCENTRICITY=HIGH (0.001604 > 0.000535); BSTAR=HIGH (0.005833 > 0.004463),0.0016043,42.9732,0.0058328,16.24472118
STARLINK-30173,2023-105K,2,ECCENTRICITY=HIGH (0.000785 > 0.000535); BSTAR=HIGH (0.004591 > 0.004463),0.0007848,42.9635,0.0045908,16.32028811
STARLINK-30175,2023-096X,2,ECCENTRICITY=HIGH (0.001489 > 0.000535); BSTAR=HIGH (0.004951 > 0.004463),0.00148916,42.9582,0.0049505681,16.25082464
STARLINK-30180,2023-105F,2,ECCENTRICITY=HIGH (0.001065 > 0.000535); BSTAR=HIGH (0.005520 > 0.004463),0.0010651,42.9727,0.0055201,16.20113822
STARLINK-30194,2023-096U,2,ECCENTRICITY=HIGH (0.002384 > 0.000535); BSTAR=HIGH (0.005921 > 0.004463),0.00238382,42.9671,0.0059209921,16.17498791
STARLINK-30202,2023-096D,2,ECCENTRICITY=HIGH (0.002234 > 0.000535); BSTAR=HIGH (0.012741 > 0.004463),0.0022344,42.9814,0.012741,16.12176414
STARLINK-30206,2023-096F,2,ECCENTRICITY=HIGH (0.001297 > 0.000535); BSTAR=HIGH (0.007145 > 0.004463),0.0012968,42.9716,0.0071453,16.22247661
STARLINK-30234,2023-096H,2,ECCENTRICITY=HIGH (0.001581 > 0.000535); BSTAR=HIGH (0.005374 > 0.004463),0.0015811,42.9655,0.0053739,16.14319093
STARLINK-30237,2023-105H,2,ECCENTRICITY=HIGH (0.001731 > 0.000535); BSTAR=HIGH (0.004796 > 0.004463),0.0017315,42.9958,0.0047959,15.59955071
STARLINK-30262,2023-115Q,2,ECCENTRICITY=HIGH (0.000564 > 0.000535); BSTAR=HIGH (0.004833 > 0.004463),0.0005643,42.9766,0.0048326,16.36224002
STARLINK-30293,2023-122T,2,ECCENTRICITY=HIGH (0.002086 > 0.000535); BSTAR=HIGH (0.005862 > 0.004463),0.0020862,42.9823,0.0058618,16.25115895
STARLINK-30302,2023-124B,2,ECCENTRICITY=HIGH (0.000583 > 0.000535); BSTAR=HIGH (0.005431 > 0.004463),0.0005828,53.1263,0.0054315,16.36224406
STARLINK-30406,2023-144T,2,ECCENTRICITY=HIGH (0.001362 > 0.000535); BSTAR=HIGH (0.004736 > 0.004463),0.0013616,42.976,0.004736,16.32468481
STARLINK-30417,2023-138Q,2,ECCENTRICITY=HIGH (0.001612 > 0.000535); BSTAR=HIGH (0.005288 > 0.004463),0.0016124,42.9828,0.0052885,16.29977575
STARLINK-30419,2023-141F,2,ECCENTRICITY=HIGH (0.000589 > 0.000535); BSTAR=HIGH (0.005283 > 0.004463),0.0005893,53.1458,0.0052834,16.3646608
STARLINK-30420,2023-141G,2,ECCENTRICITY=HIGH (0.000699 > 0.000535); BSTAR=HIGH (0.004978 > 0.004463),0.0006992,53.1143,0.0049776,16.34427977
STARLINK-30475,2023-147S,2,ECCENTRICITY=HIGH (0.001521 > 0.000535); BSTAR=HIGH (0.006217 > 0.004463),0.001521,42.9769,0.0062168,16.27746395
STARLINK-30491,2023-147D,2,ECCENTRICITY=HIGH (0.001053 > 0.000535); BSTAR=HIGH (0.004772 > 0.004463),0.0010531,42.983,0.0047722,16.29365899
STARLINK-30786,2023-170L,2,ECCENTRICITY=HIGH (0.001112 > 0.000535); BSTAR=HIGH (0.006033 > 0.004463),0.0011121,42.9892,0.0060335,16.28833467
STARLINK-30937,2023-178U,2,ECCENTRICITY=HIGH (0.001592 > 0.000535); BSTAR=HIGH (0.005354 > 0.004463),0.00159155,53.126,0.0053535849,16.23320199
STARLINK-30960,2023-183V,2,ECCENTRICITY=HIGH (0.002938 > 0.000535); BSTAR=HIGH (0.006125 > 0.004463),0.0029381,42.986,0.0061249,15.75048493
STARLINK-30970,2024-020N,2,ECCENTRICITY=HIGH (0.000688 > 0.000535); BSTAR=HIGH (0.006363 > 0.004463),0.0006876,53.1268,0.0063633,16.31833854
STARLINK-30974,2023-186G,2,ECCENTRICITY=HIGH (0.002000 > 0.000535); BSTAR=HIGH (0.004509 > 0.004463),0.0020002,42.9845,0.0045088,16.19653173
STARLINK-31043,2023-200C,2,ECCENTRICITY=HIGH (0.000834 > 0.000535); BSTAR=HIGH (0.005322 > 0.004463),0.0008343,42.9948,0.0053218,16.23898446
STARLINK-31119,2023-203A,2,ECCENTRICITY=HIGH (0.002035 > 0.000535); BSTAR=HIGH (0.019560 > 0.004463),0.0020354,42.9951,0.01956,16.27217415
STARLINK-31173,2024-012R,2,ECCENTRICITY=HIGH (0.001389 > 0.000535); BSTAR=HIGH (0.006808 > 0.004463),0.0013892,42.9838,0.006808,16.1923349
STARLINK-31347,2024-045F,2,ECCENTRICITY=HIGH (0.000798 > 0.000535); BSTAR=HIGH (0.006209 > 0.004463),0.0007979,42.9874,0.006209,16.28584291
STARLINK-31360,2024-031T,2,ECCENTRICITY=HIGH (0.001234 > 0.000535); BSTAR=HIGH (0.004845 > 0.004463),0.0012345,53.1309,0.0048453,16.25364394
STARLINK-31367,2024-064L,2,ECCENTRICITY=HIGH (0.001720 > 0.000535); BSTAR=HIGH (0.010460 > 0.004463),0.0017198,42.9868,0.01046,15.99287143
STARLINK-31429,2024-036F,2,ECCENTRICITY=HIGH (0.000662 > 0.000535); BSTAR=HIGH (0.004856 > 0.004463),0.0006616,53.1227,0.0048564,16.27893418
STARLINK-31617,2024-068A,2,ECCENTRICITY=HIGH (0.001753 > 0.000535); BSTAR=HIGH (0.004862 > 0.004463),0.0017528,42.9755,0.0048617,16.36077508
STARLINK-31624,2024-073X,2,ECCENTRICITY=HIGH (0.001652 > 0.000535); BSTAR=HIGH (0.007055 > 0.004463),0.0016518,42.9823,0.0070549,16.14829563
STARLINK-31664,2024-073D,2,ECCENTRICITY=HIGH (0.000620 > 0.000535); BSTAR=HIGH (0.004676 > 0.004463),0.0006205,42.9906,0.0046761,16.19301859
STARLINK-31725,2024-074E,2,ECCENTRICITY=HIGH (0.001575 > 0.000535); BSTAR=HIGH (0.004591 > 0.004463),0.0015748,42.9966,0.004591,15.55289566
STARLINK-31761,2024-080Q,2,ECCENTRICITY=HIGH (0.002323 > 0.000535); BSTAR=HIGH (0.004802 > 0.004463),0.0023226,42.9945,0.0048018,15.60435567
STARLINK-31803,2024-082U,2,ECCENTRICITY=HIGH (0.001552 > 0.000535); BSTAR=HIGH (0.010944 > 0.004463),0.0015516,42.9888,0.010944,16.04810068
STARLINK-31893,2024-093L,2,ECCENTRICITY=HIGH (0.001031 > 0.000535); BSTAR=HIGH (0.006750 > 0.004463),0.0010306,42.9804,0.0067497,16.19900006
STARLINK-31897,2024-097T,2,ECCENTRICITY=HIGH (0.001353 > 0.000535); BSTAR=HIGH (0.005444 > 0.004463),0.00135312,42.9764,0.0054435275,16.13949953
STARLINK-31920,2024-100Y,2,ECCENTRICITY=HIGH (0.000599 > 0.000535); BSTAR=HIGH (0.004767 > 0.004463),0.0005993,42.998,0.0047666,15.3404987
STARLINK-31925,2024-097F,2,ECCENTRICITY=HIGH (0.001521 > 0.000535); BSTAR=HIGH (0.005825 > 0.004463),0.00152087,42.9768,0.0058249174,16.1508529
STARLINK-31998,2024-111T,2,ECCENTRICITY=HIGH (0.000631 > 0.000535); BSTAR=HIGH (0.005013 > 0.004463),0.0006313,53.1559,0.0050133,16.17068239
STARLINK-32262,2024-155Q,2,ECCENTRICITY=HIGH (0.000881 > 0.000535); BSTAR=HIGH (0.004687 > 0.004463),0.0008812,53.151,0.0046875,15.5277394
STARLINK-32280,2024-152S,2,ECCENTRICITY=HIGH (0.000922 > 0.000535); BSTAR=LOW (-0.015491 < -0.003262),0.00092183,53.1203,-0.015491307,16.29944754
STARLINK-32368,2024-164T,2,ECCENTRICITY=HIGH (0.000664 > 0.000535); BSTAR=HIGH (0.005278 > 0.004463),0.000664,53.1375,0.0052783,16.36258315
STARLINK-32563,2024-207Y,2,ECCENTRICITY=HIGH (0.002069 > 0.000535); BSTAR=HIGH (0.008904 > 0.004463),0.0020687,42.9825,0.0089042,16.1108085
STARLINK-32576,2024-239T,2,ECCENTRICITY=HIGH (0.000638 > 0.000535); BSTAR=HIGH (0.004679 > 0.004463),0.0006381,53.1223,0.004679,16.2965535
STARLINK-3307,2021-125J,2,ECCENTRICITY=HIGH (0.001043 > 0.000535); BSTAR=HIGH (0.008197 > 0.004463),0.0010425,53.1826,0.0081965,16.39511435
STARLINK-33590,2025-123AB,2,ECCENTRICITY=HIGH (0.001429 > 0.000535); BSTAR=LOW (-0.102460 < -0.003262),0.0014293,70.0062,-0.10246,14.96333137
STARLINK-33633,2025-063V,2,ECCENTRICITY=HIGH (0.001321 > 0.000535); BSTAR=HIGH (0.005227 > 0.004463),0.0013213,53.1531,0.0052265,15.65174271
STARLINK-3365,2022-005AT,2,ECCENTRICITY=HIGH (0.000667 > 0.000535); BSTAR=HIGH (0.150200 > 0.004463),0.0006669,53.2157,0.1502,16.10504406
STARLINK-33724,2025-076F,2,ECCENTRICITY=HIGH (0.000745 > 0.000535); BSTAR=HIGH (0.005661 > 0.004463),0.0007447,42.9906,0.0056612,16.25475365
STARLINK-33778,2025-094P,2,ECCENTRICITY=HIGH (0.000977 > 0.000535); BSTAR=LOW (-0.118630 < -0.003262),0.0009767,70.0005,-0.11863,14.963349
STARLINK-33986,2025-094G,2,ECCENTRICITY=HIGH (0.001174 > 0.000535); BSTAR=HIGH (0.070352 > 0.004463),0.0011737,70.0052,0.070352,15.00171436
STARLINK-34128,2025-095C,2,ECCENTRICITY=HIGH (0.000596 > 0.000535); BSTAR=HIGH (0.004684 > 0.004463),0.00059599,42.9923,0.0046844082,16.21663642
STARLINK-34270,2025-126M,2,ECCENTRICITY=HIGH (0.000751 > 0.000535); BSTAR=LOW (-0.096062 < -0.003262),0.000751,70.0083,-0.096062,14.96514764
STARLINK-34374,2025-123T,2,ECCENTRICITY=HIGH (0.001546 > 0.000535); BSTAR=HIGH (0.071355 > 0.004463),0.0015462,70.0022,0.071355,15.00262547
STARLINK-34407,2025-126D,2,ECCENTRICITY=HIGH (0.001105 > 0.000535); BSTAR=HIGH (0.048505 > 0.004463),0.0011048,70.0039,0.048505,14.99324176
STARLINK-34495,2025-129S,2,ECCENTRICITY=HIGH (0.001086 > 0.000535); BSTAR=LOW (-0.064676 < -0.003262),0.001086,70.0042,-0.064676,14.97083435
STARLINK-35956,2025-271N,2,ECCENTRICITY=HIGH (0.000600 > 0.000535); BSTAR=HIGH (0.004586 > 0.004463),0.00060033,53.1187,0.0045860995,16.29322999
STARLINK-36253,2026-040P,2,INCLINATION=HIGH (97.277800 > 83.857200); BSTAR=LOW (-0.010235 < -0.003262),0.0001991,97.2778,-0.010235,15.86430015
STARLINK-36257,2026-035AA,2,INCLINATION=HIGH (97.269000 > 83.857200); BSTAR=LOW (-0.005971 < -0.003262),0.0001286,97.269,-0.0059707,15.81645395
STARLINK-36260,2026-026M,2,INCLINATION=HIGH (97.285000 > 83.857200); BSTAR=LOW (-0.047529 < -0.003262),0.0001543,97.285,-0.047529,15.41446959
STARLINK-36266,2026-038Z,2,INCLINATION=HIGH (97.267100 > 83.857200); BSTAR=LOW (-0.007626 < -0.003262),0.0001255,97.2671,-0.0076258,15.84778061
STARLINK-36281,2026-018S,2,INCLINATION=HIGH (97.284500 > 83.857200); BSTAR=LOW (-0.025555 < -0.003262),0.0001771,97.2845,-0.025555,15.60960027
STARLINK-36297,2026-022Z,2,INCLINATION=HIGH (97.284600 > 83.857200); BSTAR=LOW (-0.016220 < -0.003262),0.0001972,97.2846,-0.01622,15.72082282
STARLINK-36312,2026-018W,2,INCLINATION=HIGH (97.280900 > 83.857200); BSTAR=LOW (-0.003946 < -0.003262),0.000229,97.2809,-0.0039457,15.7437625
STARLINK-36315,2026-026L,2,INCLINATION=HIGH (97.285400 > 83.857200); BSTAR=LOW (-0.047673 < -0.003262),0.0001535,97.2854,-0.047673,15.41340763
STARLINK-36317,2026-026R,2,INCLINATION=HIGH (97.284800 > 83.857200); BSTAR=LOW (-0.046735 < -0.003262),0.0001484,97.2848,-0.046735,15.42023612
STARLINK-36319,2026-038K,2,INCLINATION=HIGH (97.273100 > 83.857200); BSTAR=LOW (-0.008499 < -0.003262),0.0001364,97.2731,-0.0084986,15.82415349
STARLINK-36327,2026-026T,2,INCLINATION=HIGH (97.285300 > 83.857200); BSTAR=LOW (-0.045995 < -0.003262),0.0001635,97.2853,-0.045995,15.42313912
STARLINK-36329,2026-026U,2,INCLINATION=HIGH (97.284800 > 83.857200); BSTAR=LOW (-0.044954 < -0.003262),0.0001741,97.2848,-0.044954,15.43353374
STARLINK-36330,2026-026S,2,INCLINATION=HIGH (97.284600 > 83.857200); BSTAR=LOW (-0.045549 < -0.003262),0.0001516,97.2846,-0.045549,15.42371051
STARLINK-36336,2026-035Y,2,INCLINATION=HIGH (97.268700 > 83.857200); BSTAR=LOW (-0.004593 < -0.003262),0.0001794,97.2687,-0.0045926,15.81367175
STARLINK-36349,2026-038D,2,INCLINATION=HIGH (97.275300 > 83.857200); BSTAR=LOW (-0.004557 < -0.003262),0.0001124,97.2753,-0.004557,15.81321941
STARLINK-36357,2026-038C,2,INCLINATION=HIGH (97.275200 > 83.857200); BSTAR=LOW (-0.006649 < -0.003262),0.0001297,97.2752,-0.0066494,15.8180398
STARLINK-36358,2026-018K,2,INCLINATION=HIGH (97.284300 > 83.857200); BSTAR=LOW (-0.019834 < -0.003262),0.0001687,97.2843,-0.019834,15.67399442
STARLINK-36359,2026-038U,2,INCLINATION=HIGH (97.270100 > 83.857200); BSTAR=LOW (-0.008091 < -0.003262),0.0001221,97.2701,-0.0080914,15.83547627
STARLINK-36361,2026-035X,2,INCLINATION=HIGH (97.268600 > 83.857200); BSTAR=LOW (-0.007054 < -0.003262),0.0001547,97.2686,-0.0070537,15.818578
STARLINK-36363,2026-035M,2,INCLINATION=HIGH (97.271600 > 83.857200); BSTAR=LOW (-0.007124 < -0.003262),0.0001449,97.2716,-0.0071238,15.82815895
STARLINK-36364,2026-038T,2,INCLINATION=HIGH (97.267900 > 83.857200); BSTAR=LOW (-0.007417 < -0.003262),0.0001358,97.2679,-0.0074174,15.84536597
STARLINK-36365,2026-022U,2,INCLINATION=HIGH (97.284700 > 83.857200); BSTAR=LOW (-0.020840 < -0.003262),0.0001531,97.2847,-0.02084,15.65907516
STARLINK-36368,2026-035J,2,INCLINATION=HIGH (97.272300 > 83.857200); BSTAR=LOW (-0.006974 < -0.003262),0.0001504,97.2723,-0.0069744,15.82983395
STARLINK-36369,2026-026C,2,INCLINATION=HIGH (97.285600 > 83.857200); BSTAR=LOW (-0.046758 < -0.003262),0.0001714,97.2856,-0.046758,15.41806199
STARLINK-36372,2026-035L,2,INCLINATION=HIGH (97.270700 > 83.857200); BSTAR=LOW (-0.007161 < -0.003262),0.0001428,97.2707,-0.0071613,15.82822967
STARLINK-36376,2026-018B,2,INCLINATION=HIGH (97.284300 > 83.857200); BSTAR=LOW (-0.019034 < -0.003262),0.0001513,97.2843,-0.019034,15.68420718
STARLINK-36390,2026-035H,2,INCLINATION=HIGH (97.272400 > 83.857200); BSTAR=LOW (-0.006906 < -0.003262),0.000151,97.2724,-0.0069064,15.8305699
STARLINK-36391,2026-018C,2,INCLINATION=HIGH (97.284900 > 83.857200); BSTAR=LOW (-0.021802 < -0.003262),0.0001691,97.2849,-0.021802,15.65110176
STARLINK-36399,2026-022T,2,INCLINATION=HIGH (97.284700 > 83.857200); BSTAR=LOW (-0.021549 < -0.003262),0.0001463,97.2847,-0.021549,15.65116447
STARLINK-36404,2026-022S,2,INCLINATION=HIGH (97.284900 > 83.857200); BSTAR=LOW (-0.028520 < -0.003262),0.0001512,97.2849,-0.02852,15.56762042
STARLINK-36411,2026-018V,2,INCLINATION=HIGH (97.284800 > 83.857200); BSTAR=LOW (-0.024471 < -0.003262),0.0001628,97.2848,-0.024471,15.61249769
STARLINK-36582,2026-018L,2,INCLINATION=HIGH (97.284200 > 83.857200); BSTAR=LOW (-0.021697 < -0.003262),0.0001458,97.2842,-0.021697,15.64874416
STARLINK-36596,2026-022Y,2,INCLINATION=HIGH (97.284400 > 83.857200); BSTAR=LOW (-0.025226 < -0.003262),0.0001504,97.2844,-0.025226,15.60880389
STARLINK-36597,2026-018AA,2,INCLINATION=HIGH (97.284900 > 83.857200); BSTAR=LOW (-0.029700 < -0.003262),0.000139,97.2849,-0.0297,15.55514282
STARLINK-36616,2026-022AA,2,INCLINATION=HIGH (97.284300 > 83.857200); BSTAR=LOW (-0.020295 < -0.003262),0.0001764,97.2843,-0.020295,15.66657928
STARLINK-36620,2026-022G,2,INCLINATION=HIGH (97.284600 > 83.857200); BSTAR=LOW (-0.023652 < -0.003262),0.0001345,97.2846,-0.023652,15.62526592
STARLINK-36622,2026-022V,2,INCLINATION=HIGH (97.284700 > 83.857200); BSTAR=LOW (-0.023093 < -0.003262),0.0001441,97.2847,-0.023093,15.63200154
STARLINK-36625,2026-022W,2,INCLINATION=HIGH (97.284400 > 83.857200); BSTAR=LOW (-0.021017 < -0.003262),0.0001572,97.2844,-0.021017,15.65704546
STARLINK-36628,2026-018G,2,INCLINATION=HIGH (97.284500 > 83.857200); BSTAR=LOW (-0.021720 < -0.003262),0.0001668,97.2845,-0.02172,15.65082489
STARLINK-36629,2026-018H,2,INCLINATION=HIGH (97.284700 > 83.857200); BSTAR=LOW (-0.019311 < -0.003262),0.0001705,97.2847,-0.019311,15.6809972
STARLINK-36634,2026-018E,2,INCLINATION=HIGH (97.284700 > 83.857200); BSTAR=LOW (-0.016262 < -0.003262),0.0001464,97.2847,-0.016262,15.72354224
STARLINK-36635,2026-018N,2,INCLINATION=HIGH (97.284200 > 83.857200); BSTAR=LOW (-0.006087 < -0.003262),0.000331,97.2842,-0.0060873,15.73114278
STARLINK-36636,2026-018Y,2,INCLINATION=HIGH (97.284500 > 83.857200); BSTAR=LOW (-0.028038 < -0.003262),0.0001291,97.2845,-0.028038,15.57742479
STARLINK-36638,2026-018F,2,INCLINATION=HIGH (97.284500 > 83.857200); BSTAR=LOW (-0.030024 < -0.003262),0.0001462,97.2845,-0.030024,15.55775168
STARLINK-36639,2026-022X,2,INCLINATION=HIGH (97.284600 > 83.857200); BSTAR=LOW (-0.019376 < -0.003262),0.0001482,97.2846,-0.019376,15.6755389
STARLINK-36641,2026-018A,2,INCLINATION=HIGH (97.284300 > 83.857200); BSTAR=LOW (-0.019842 < -0.003262),0.0001806,97.2843,-0.019842,15.67461866
STARLINK-36642,2026-022M,2,INCLINATION=HIGH (97.284600 > 83.857200); BSTAR=LOW (-0.025531 < -0.003262),0.0001427,97.2846,-0.025531,15.60422192
STARLINK-36673,2026-022N,2,INCLINATION=HIGH (97.284400 > 83.857200); BSTAR=LOW (-0.024498 < -0.003262),0.0001241,97.2844,-0.024498,15.61397604
STARLINK-36674,2026-022P,2,INCLINATION=HIGH (97.284300 > 83.857200); BSTAR=LOW (-0.016653 < -0.003262),0.0001532,97.2843,-0.016653,15.71394808
STARLINK-36675,2026-022R,2,INCLINATION=HIGH (97.283700 > 83.857200); BSTAR=LOW (-0.005939 < -0.003262),0.0001653,97.2837,-0.0059387,15.73985587
STARLINK-36687,2026-025U,2,INCLINATION=HIGH (97.285000 > 83.857200); BSTAR=LOW (-0.005501 < -0.003262),0.0001695,97.285,-0.0055005,15.79397511
STARLINK-36691,2026-026Q,2,INCLINATION=HIGH (97.284700 > 83.857200); BSTAR=LOW (-0.048053 < -0.003262),0.0001412,97.2847,-0.048053,15.41945262
STARLINK-36692,2026-026Z,2,INCLINATION=HIGH (97.284800 > 83.857200); BSTAR=LOW (-0.044583 < -0.003262),0.0001651,97.2848,-0.044583,15.46848946
STARLINK-36693,2026-026X,2,INCLINATION=HIGH (97.285300 > 83.857200); BSTAR=LOW (-0.038037 < -0.003262),0.0001205,97.2853,-0.038037,15.49048333
STARLINK-36694,2026-022F,2,INCLINATION=HIGH (97.284400 > 83.857200); BSTAR=LOW (-0.020892 < -0.003262),0.0001374,97.2844,-0.020892,15.65668353
STARLINK-36696,2026-022D,2,INCLINATION=HIGH (97.284400 > 83.857200); BSTAR=LOW (-0.020214 < -0.003262),0.0001409,97.2844,-0.020214,15.66624581
STARLINK-36701,2026-022L,2,INCLINATION=HIGH (97.284800 > 83.857200); BSTAR=LOW (-0.026088 < -0.003262),0.0001571,97.2848,-0.026088,15.59131783
STARLINK-36706,2026-022K,2,INCLINATION=HIGH (97.284900 > 83.857200); BSTAR=LOW (-0.025517 < -0.003262),0.0001406,97.2849,-0.025517,15.60576381
STARLINK-36709,2026-038J,2,INCLINATION=HIGH (97.272700 > 83.857200); BSTAR=LOW (-0.008018 < -0.003262),0.0001516,97.2727,-0.0080185,15.82828886
STARLINK-36710,2026-038L,2,INCLINATION=HIGH (97.272100 > 83.857200); BSTAR=LOW (-0.008132 < -0.003262),0.0001501,97.2721,-0.0081318,15.83034553
STARLINK-36717,2026-026Y,2,INCLINATION=HIGH (97.285000 > 83.857200); BSTAR=LOW (-0.041999 < -0.003262),0.0001523,97.285,-0.041999,15.4475961
STARLINK-36719,2026-022A,2,INCLINATION=HIGH (97.284500 > 83.857200); BSTAR=LOW (-0.021697 < -0.003262),0.0001474,97.2845,-0.021697,15.64835392
STARLINK-36720,2026-022H,2,INCLINATION=HIGH (97.284200 > 83.857200); BSTAR=LOW (-0.016474 < -0.003262),0.0001379,97.2842,-0.016474,15.71493684
STARLINK-36737,2026-026V,2,INCLINATION=HIGH (97.284600 > 83.857200); BSTAR=LOW (-0.045052 < -0.003262),0.0001706,97.2846,-0.045052,15.42450458
STARLINK-36740,2026-026W,2,INCLINATION=HIGH (97.285200 > 83.857200); BSTAR=LOW (-0.004699 < -0.003262),0.0001507,97.2852,-0.0046994,15.49266527
STARLINK-36741,2026-026G,2,INCLINATION=HIGH (97.285100 > 83.857200); BSTAR=LOW (-0.045789 < -0.003262),0.0001537,97.2851,-0.045789,15.42757585
STARLINK-36747,2026-026K,2,INCLINATION=HIGH (97.284600 > 83.857200); BSTAR=LOW (-0.047884 < -0.003262),0.0001607,97.2846,-0.047884,15.40866834
STARLINK-36751,2026-026J,2,INCLINATION=HIGH (97.284800 > 83.857200); BSTAR=LOW (-0.049193 < -0.003262),0.0001676,97.2848,-0.049193,15.41002784
STARLINK-36752,2026-026D,2,INCLINATION=HIGH (97.284900 > 83.857200); BSTAR=LOW (-0.049527 < -0.003262),0.000182,97.2849,-0.049527,15.39750306
STARLINK-36754,2026-026E,2,INCLINATION=HIGH (97.284900 > 83.857200); BSTAR=LOW (-0.048801 < -0.003262),0.0001634,97.2849,-0.048801,15.40762562
STARLINK-36757,2026-026H,2,INCLINATION=HIGH (97.284400 > 83.857200); BSTAR=LOW (-0.047752 < -0.003262),0.0001692,97.2844,-0.047752,15.4096045
STARLINK-36772,2026-026A,2,INCLINATION=HIGH (97.284900 > 83.857200); BSTAR=LOW (-0.050735 < -0.003262),0.0001747,97.2849,-0.050735,15.39449219
STARLINK-36796,2026-026B,2,INCLINATION=HIGH (97.284500 > 83.857200); BSTAR=LOW (-0.051235 < -0.003262),0.0001798,97.2845,-0.051235,15.38471346
STARLINK-36801,2026-035K,2,INCLINATION=HIGH (97.271700 > 83.857200); BSTAR=LOW (-0.007036 < -0.003262),0.0001491,97.2717,-0.0070357,15.82920803
STARLINK-36802,2026-038AA,2,INCLINATION=HIGH (97.266400 > 83.857200); BSTAR=LOW (-0.007464 < -0.003262),0.0001278,97.2664,-0.0074636,15.85054814
STARLINK-36803,2026-035Q,2,INCLINATION=HIGH (97.270900 > 83.857200); BSTAR=LOW (-0.007286 < -0.003262),0.0001492,97.2709,-0.0072857,15.82698722
STARLINK-36806,2026-038E,2,INCLINATION=HIGH (97.274200 > 83.857200); BSTAR=LOW (-0.007724 < -0.003262),0.0001223,97.2742,-0.0077243,15.82053944
STARLINK-36808,2026-035C,2,INCLINATION=HIGH (97.274800 > 83.857200); BSTAR=LOW (-0.006150 < -0.003262),0.0001313,97.2748,-0.0061498,15.8328839
STARLINK-36810,2026-035V,2,INCLINATION=HIGH (97.269100 > 83.857200); BSTAR=LOW (-0.007557 < -0.003262),0.0001602,97.2691,-0.007557,15.82137066
STARLINK-36812,2026-038H,2,INCLINATION=HIGH (97.273300 > 83.857200); BSTAR=LOW (-0.008212 < -0.003262),0.0001324,97.2733,-0.0082119,15.82229881
STARLINK-36813,2026-035P,2,INCLINATION=HIGH (97.268000 > 83.857200); BSTAR=LOW (-0.007712 < -0.003262),0.0001577,97.268,-0.0077122,15.82061873
STARLINK-36817,2026-035D,2,INCLINATION=HIGH (97.273300 > 83.857200); BSTAR=LOW (-0.006736 < -0.003262),0.0001338,97.2733,-0.0067355,15.83148563
STARLINK-36818,2026-035A,2,INCLINATION=HIGH (97.275400 > 83.857200); BSTAR=LOW (-0.006144 < -0.003262),0.0001396,97.2754,-0.0061443,15.83228098
STARLINK-36819,2026-038G,2,INCLINATION=HIGH (97.273900 > 83.857200); BSTAR=LOW (-0.008341 < -0.003262),0.0001437,97.2739,-0.0083414,15.82395413
STARLINK-36820,2026-038F,2,INCLINATION=HIGH (97.274300 > 83.857200); BSTAR=LOW (-0.008134 < -0.003262),0.0001515,97.2743,-0.0081337,15.82226351
STARLINK-36821,2026-035B,2,INCLINATION=HIGH (97.274700 > 83.857200); BSTAR=LOW (-0.006226 < -0.003262),0.0001434,97.2747,-0.0062258,15.83232289
STARLINK-36826,2026-035G,2,INCLINATION=HIGH (97.273000 > 83.857200); BSTAR=LOW (-0.006830 < -0.003262),0.0001401,97.273,-0.0068296,15.83150288
STARLINK-36842,2026-035F,2,INCLINATION=HIGH (97.273200 > 83.857200); BSTAR=LOW (-0.006809 < -0.003262),0.0001416,97.2732,-0.0068095,15.83121016
STARLINK-36846,2026-035R,2,INCLINATION=HIGH (97.270000 > 83.857200); BSTAR=LOW (-0.007352 < -0.003262),0.0001453,97.27,-0.0073524,15.82408003
STARLINK-36856,2026-035E,2,INCLINATION=HIGH (97.274100 > 83.857200); BSTAR=LOW (-0.006556 < -0.003262),0.0001384,97.2741,-0.006556,15.83182142
STARLINK-36866,2026-035S,2,INCLINATION=HIGH (97.269900 > 83.857200); BSTAR=LOW (-0.007491 < -0.003262),0.0001435,97.2699,-0.0074907,15.82331145
STARLINK-36867,2026-038Y,2,INCLINATION=HIGH (97.266500 > 83.857200); BSTAR=LOW (-0.007174 < -0.003262),0.0001324,97.2665,-0.0071743,15.85166299
STARLINK-36870,2026-035U,2,INCLINATION=HIGH (97.269000 > 83.857200); BSTAR=LOW (-0.007606 < -0.003262),0.0001499,97.269,-0.0076063,15.82208903
STARLINK-36874,2026-038W,2,INCLINATION=HIGH (97.267800 > 83.857200); BSTAR=LOW (-0.007361 < -0.003262),0.0001391,97.2678,-0.0073613,15.84667111
STARLINK-36876,2026-035Z,2,INCLINATION=HIGH (97.269200 > 83.857200); BSTAR=LOW (-0.006555 < -0.003262),0.0001484,97.2692,-0.0065553,15.81762212
STARLINK-36877,2026-035T,2,INCLINATION=HIGH (97.270100 > 83.857200); BSTAR=LOW (-0.007426 < -0.003262),0.0001503,97.2701,-0.0074257,15.82546336
STARLINK-36878,2026-035W,2,INCLINATION=HIGH (97.268600 > 83.857200); BSTAR=LOW (-0.007811 < -0.003262),0.0001559,97.2686,-0.0078114,15.82025853
STARLINK-36879,2026-038X,2,INCLINATION=HIGH (97.267200 > 83.857200); BSTAR=LOW (-0.007291 < -0.003262),0.0001343,97.2672,-0.0072907,15.84830513
STARLINK-36880,2026-038R,2,INCLINATION=HIGH (97.270400 > 83.857200); BSTAR=LOW (-0.007811 < -0.003262),0.0001516,97.2704,-0.0078107,15.83666601
STARLINK-36882,2026-038V,2,INCLINATION=HIGH (97.268400 > 83.857200); BSTAR=LOW (-0.007499 < -0.003262),0.0001372,97.2684,-0.0074992,15.84352705
STARLINK-36883,2026-038Q,2,INCLINATION=HIGH (97.269400 > 83.857200); BSTAR=LOW (-0.007924 < -0.003262),0.0001241,97.2694,-0.0079239,15.83898196
STARLINK-36894,2026-038M,2,INCLINATION=HIGH (97.271200 > 83.857200); BSTAR=LOW (-0.008346 < -0.003262),0.0001196,97.2712,-0.0083457,15.82930705
STARLINK-36900,2026-038N,2,INCLINATION=HIGH (97.270900 > 83.857200); BSTAR=LOW (-0.007864 < -0.003262),0.0001489,97.2709,-0.007864,15.83502819
STARLINK-36901,2026-038P,2,INCLINATION=HIGH (97.271500 > 83.857200); BSTAR=LOW (-0.008292 < -0.003262),0.000125,97.2715,-0.0082915,15.83083496
STARLINK-36904,2026-038S,2,INCLINATION=HIGH (97.269300 > 83.857200); BSTAR=LOW (-0.007663 < -0.003262),0.0001422,97.2693,-0.0076626,15.83988015
STARLINK-36912,2026-038A,2,INCLINATION=HIGH (97.276300 > 83.857200); BSTAR=LOW (-0.004013 < -0.003262),0.0001214,97.2763,-0.0040131,15.81299684
STARLINK-3775,2022-041AA,2,ECCENTRICITY=HIGH (0.001493 > 0.000535); MEAN_MOTION=HIGH (16.581246 > 16.566038),0.0014928,53.2444,0.00012817,16.58124573
STARLINK-3787,2022-041S,2,ECCENTRICITY=HIGH (0.000763 > 0.000535); BSTAR=HIGH (0.005309 > 0.004463),0.0007633,53.1807,0.005309,16.35936547
STARLINK-3905,2022-049AW,2,ECCENTRICITY=HIGH (0.000562 > 0.000535); BSTAR=HIGH (0.004514 > 0.004463),0.0005617,53.2057,0.0045141,16.24418437
STARLINK-4081,2022-053E,2,ECCENTRICITY=HIGH (0.001642 > 0.000535); BSTAR=LOW (-0.022154 < -0.003262),0.0016418,53.2161,-0.022154,15.06368243
STARLINK-4306,2022-077AA,2,ECCENTRICITY=HIGH (0.001266 > 0.000535); INCLINATION=HIGH (97.637900 > 83.857200),0.0012656,97.6379,0.00059112,16.38195156
STARLINK-4315,2022-077AL,2,ECCENTRICITY=HIGH (0.000910 > 0.000535); INCLINATION=HIGH (97.594600 > 83.857200),0.00091003,97.5946,0.0021323155,16.36286171
STARLINK-4318,2022-077AV,2,INCLINATION=HIGH (97.599700 > 83.857200); BSTAR=HIGH (0.006645 > 0.004463),0.0002412,97.5997,0.006645,15.02065231
STARLINK-4329,2022-077AW,2,ECCENTRICITY=HIGH (0.000924 > 0.000535); INCLINATION=HIGH (97.639200 > 83.857200),0.00092391,97.6392,0.00021397245,16.44910878
STARLINK-4354,2022-084AL,2,ECCENTRICITY=HIGH (0.001614 > 0.000535); INCLINATION=HIGH (97.629200 > 83.857200),0.0016142,97.6292,0.0016355,16.42302014
STARLINK-4378,2022-099M,2,INCLINATION=HIGH (97.602000 > 83.857200); BSTAR=HIGH (0.005237 > 0.004463),9.32e-05,97.602,0.0052373,15.01835085
STARLINK-4379,2022-084AE,2,ECCENTRICITY=HIGH (0.001634 > 0.000535); INCLINATION=HIGH (97.627200 > 83.857200),0.0016343,97.6272,0.00016208,16.48676139
STARLINK-4381,2022-084AK,2,ECCENTRICITY=HIGH (0.003703 > 0.000535); INCLINATION=HIGH (97.622500 > 83.857200),0.0037034,97.6225,0.0001,16.54933179
STARLINK-4401,2022-099U,2,ECCENTRICITY=HIGH (0.001003 > 0.000535); INCLINATION=HIGH (97.632400 > 83.857200),0.00100342,97.6324,0.00016399102,16.47053539
STARLINK-4419,2022-084Y,2,ECCENTRICITY=HIGH (0.001035 > 0.000535); INCLINATION=HIGH (97.626800 > 83.857200),0.0010351,97.6268,0.00011556,16.55008459
STARLINK-4441,2022-099AX,2,ECCENTRICITY=HIGH (0.001085 > 0.000535); INCLINATION=HIGH (97.648400 > 83.857200),0.0010853,97.6484,0.00091101,16.30977839
STARLINK-4444,2022-099AU,2,ECCENTRICITY=HIGH (0.001291 > 0.000535); INCLINATION=HIGH (97.640500 > 83.857200),0.0012908,97.6405,0.00018489,16.48922664
STARLINK-4446,2022-099AS,2,INCLINATION=HIGH (97.602400 > 83.857200); BSTAR=HIGH (0.013209 > 0.004463),0.0001232,97.6024,0.013209,15.41110709
STARLINK-4449,2022-105U,2,ECCENTRICITY=HIGH (0.000568 > 0.000535); INCLINATION=HIGH (97.634800 > 83.857200),0.0005683,97.6348,0.0012762,16.25857663
STARLINK-4451,2022-099AD,2,INCLINATION=HIGH (97.604100 > 83.857200); BSTAR=HIGH (0.004626 > 0.004463),0.0001168,97.6041,0.0046256,15.01759928
STARLINK-4463,2022-105M,2,ECCENTRICITY=HIGH (0.000889 > 0.000535); INCLINATION=HIGH (97.576500 > 83.857200),0.00088906,97.5765,0.0001206128,16.5098564
STARLINK-4562,2022-105AT,2,ECCENTRICITY=HIGH (0.001025 > 0.000535); INCLINATION=HIGH (97.626900 > 83.857200),0.0010247,97.6269,0.00029485,16.46111521
STARLINK-4613,2022-107AR,2,ECCENTRICITY=HIGH (0.000582 > 0.000535); MEAN_MOTION=HIGH (16.567117 > 16.566038),0.0005817,53.1929,0.00019962,16.56711661
STARLINK-5056,2022-119AA,2,ECCENTRICITY=HIGH (0.011421 > 0.000535); BSTAR=HIGH (0.033405 > 0.004463),0.01142137,53.2039,0.033404886,16.05679517
STARLINK-5967,2023-058P,2,ECCENTRICITY=HIGH (0.001338 > 0.000535); INCLINATION=HIGH (97.629300 > 83.857200),0.0013381,97.6293,0.0006916,16.36616867
STARLINK-6221,2023-064AN,2,ECCENTRICITY=HIGH (0.000602 > 0.000535); BSTAR=LOW (-0.019855 < -0.003262),0.0006016,70.0035,-0.019855,14.96564842
STARLINK-1011,2019-074E,1,ECCENTRICITY=HIGH (0.000673 > 0.000535),0.0006732,53.0288,0.00028445,16.45144333
STARLINK-1013,2019-074G,1,ECCENTRICITY=HIGH (0.000748 > 0.000535),0.000748,53.0317,0.00016607693,16.48582617
STARLINK-1014,2019-074H,1,ECCENTRICITY=HIGH (0.000932 > 0.000535),0.0009322,53.01,0.00046957,16.4470335
STARLINK-1016,2019-074K,1,ECCENTRICITY=HIGH (0.000777 > 0.000535),0.000777,53.0438,0.0036491,16.32045528
STARLINK-1022,2019-074Q,1,ECCENTRICITY=HIGH (0.002346 > 0.000535),0.002346,53.0301,0.00047929,16.49981586
STARLINK-1023,2019-074R,1,ECCENTRICITY=HIGH (0.001193 > 0.000535),0.0011926,53.0564,0.0026659,16.28816035
STARLINK-1024,2019-074S,1,ECCENTRICITY=HIGH (0.000989 > 0.000535),0.0009894,52.9937,0.002562,16.4296098
STARLINK-1030,2019-074Y,1,ECCENTRICITY=HIGH (0.000675 > 0.000535),0.00067531,53.0281,0.00023704608,16.47034254
STARLINK-1033,2019-074AB,1,ECCENTRICITY=HIGH (0.000755 > 0.000535),0.0007554,53.0523,0.0041565,16.3378625
STARLINK-1034,2019-074AC,1,ECCENTRICITY=HIGH (0.001916 > 0.000535),0.0019164,52.9355,0.0012395,16.3741221
STARLINK-1037,2019-074AF,1,ECCENTRICITY=HIGH (0.001888 > 0.000535),0.0018882,52.9167,0.00072129,16.44535964
STARLINK-1040,2019-074AJ,1,ECCENTRICITY=HIGH (0.000688 > 0.000535),0.0006885,52.9611,0.00015628,16.52708336
STARLINK-1041,2019-074AK,1,ECCENTRICITY=HIGH (0.001385 > 0.000535),0.0013845,53.0253,0.0032783,16.34059545
STARLINK-1051,2019-074AV,1,ECCENTRICITY=HIGH (0.000545 > 0.000535),0.0005448,53.0268,0.0026442,16.29058133
STARLINK-1053,2019-074AX,1,ECCENTRICITY=HIGH (0.000719 > 0.000535),0.0007195,53.0264,0.0011294,15.93230379
STARLINK-1058,2019-074BC,1,ECCENTRICITY=HIGH (0.000742 > 0.000535),0.0007421,53.0213,0.00062136,16.44988688
STARLINK-1061,2019-074BF,1,ECCENTRICITY=HIGH (0.000581 > 0.000535),0.0005806,53.0335,0.00042999,16.43867673
STARLINK-1062,2019-074BG,1,ECCENTRICITY=HIGH (0.000759 > 0.000535),0.0007595,53.0164,0.00034241,16.47040245
STARLINK-1063,2019-074BH,1,BSTAR=LOW (-0.029858 < -0.003262),0.00012189,53.1603,-0.029857537,15.29959368
STARLINK-1065,2019-074BK,1,ECCENTRICITY=HIGH (0.000778 > 0.000535),0.0007777,52.9765,0.0028676,16.37686665
STARLINK-1070,2020-001AU,1,ECCENTRICITY=HIGH (0.000835 > 0.000535),0.0008347,53.0279,0.0035668,16.32007217
STARLINK-1071,2020-001W,1,ECCENTRICITY=HIGH (0.000722 > 0.000535),0.00072219,53.0342,0.00082931546,16.2490163
STARLINK-1072,2020-001X,1,ECCENTRICITY=HIGH (0.000736 > 0.000535),0.0007355,53.0327,0.0025673,16.36428089
STARLINK-1073,2020-001A,1,ECCENTRICITY=HIGH (0.000831 > 0.000535),0.0008309,53.0208,0.00021182,16.4876018
STARLINK-1074,2020-001AV,1,BSTAR=HIGH (0.004967 > 0.004463),0.0002974,53.0354,0.0049672,16.26677468
STARLINK-1078,2020-001Y,1,ECCENTRICITY=HIGH (0.000709 > 0.000535),0.0007095,53.0447,0.0024373,16.3339266
STARLINK-1079,2020-001Z,1,ECCENTRICITY=HIGH (0.001102 > 0.000535),0.0011018,53.0111,0.00025855,16.46700183
STARLINK-1080,2020-001AZ,1,ECCENTRICITY=HIGH (0.000707 > 0.000535),0.0007068,53.0531,0.002373,15.47496528
STARLINK-1081,2020-001BA,1,ECCENTRICITY=HIGH (0.000899 > 0.000535),0.0008986,53.0419,0.0015747,16.35847011
STARLINK-1082,2020-001AA,1,ECCENTRICITY=HIGH (0.000573 > 0.000535),0.0005729,53.0254,0.0034264,16.35148036
STARLINK-1084,2020-001B,1,ECCENTRICITY=HIGH (0.000590 > 0.000535),0.0005896,53.0234,0.00033634,16.47840276
STARLINK-1085,2020-001BB,1,ECCENTRICITY=HIGH (0.000579 > 0.000535),0.0005789,52.9473,0.0040975,16.37645075
STARLINK-1086,2020-001BC,1,ECCENTRICITY=HIGH (0.000544 > 0.000535),0.0005438,53.0319,0.0028081,16.3281343
STARLINK-1087,2020-001BD,1,ECCENTRICITY=HIGH (0.000898 > 0.000535),0.0008979,52.9928,0.0012102,16.43727123
STARLINK-1090,2020-001BG,1,BSTAR=HIGH (0.035489 > 0.004463),0.0001723,53.1274,0.035489,15.23000647
STARLINK-1093,2020-001BJ,1,ECCENTRICITY=HIGH (0.000854 > 0.000535),0.0008544,53.0216,0.00019451,16.46500284
STARLINK-1095,2020-001BK,1,ECCENTRICITY=HIGH (0.001058 > 0.000535),0.0010582,53.005,0.002298,16.34923731
STARLINK-1101,2020-001F,1,ECCENTRICITY=HIGH (0.000790 > 0.000535),0.0007898,53.032,0.0028111,16.3070588
STARLINK-1102,2020-001G,1,ECCENTRICITY=HIGH (0.000608 > 0.000535),0.0006078,53.0188,0.00048657,16.44291222
STARLINK-1103,2020-001H,1,ECCENTRICITY=HIGH (0.000961 > 0.000535),0.0009606,53.026,0.00043848,16.41044111
STARLINK-1105,2020-012AS,1,ECCENTRICITY=HIGH (0.000785 > 0.000535),0.0007847,53.0234,0.0015318,16.41032458
STARLINK-1106,2020-001K,1,ECCENTRICITY=HIGH (0.000780 > 0.000535),0.0007798,52.9788,0.00094775,16.33644178
STARLINK-1108,2020-001AG,1,ECCENTRICITY=HIGH (0.001061 > 0.000535),0.0010605,53.0272,0.0032342,16.29851318
STARLINK-1109,2020-001AH,1,ECCENTRICITY=HIGH (0.000719 > 0.000535),0.0007194,53.0165,0.00030558,16.48296294
STARLINK-1111,2020-001L,1,ECCENTRICITY=HIGH (0.000744 > 0.000535),0.0007436,53.0344,0.0023454,16.41198591
STARLINK-1112,2020-001M,1,ECCENTRICITY=HIGH (0.000870 > 0.000535),0.0008699,53.0266,0.00095747,16.27502922
STARLINK-11126,2024-107G,1,ECCENTRICITY=HIGH (0.000855 > 0.000535),0.0008552,53.1317,0.00091491,16.30035905
STARLINK-1113,2020-001N,1,ECCENTRICITY=HIGH (0.000595 > 0.000535),0.0005948,53.0318,0.0030255,16.37428369
STARLINK-1114,2020-001P,1,ECCENTRICITY=HIGH (0.000824 > 0.000535),0.0008238,53.0506,0.0013827,15.50592116
STARLINK-11143,2024-107J,1,ECCENTRICITY=HIGH (0.000578 > 0.000535),0.00057776,53.1316,0.0038496499,16.28535631
STARLINK-1116,2020-001AK,1,ECCENTRICITY=HIGH (0.000906 > 0.000535),0.0009057,53.0204,0.0012786,16.46399868
STARLINK-1117,2020-001AQ,1,ECCENTRICITY=HIGH (0.000650 > 0.000535),0.0006501,53.027,0.00034859,16.45645907
STARLINK-1118,2020-001AL,1,ECCENTRICITY=HIGH (0.000646 > 0.000535),0.0006458,52.9916,0.0015322,16.33333815
STARLINK-1119,2020-001Q,1,ECCENTRICITY=HIGH (0.000799 > 0.000535),0.0007991,53.0443,0.003819,16.29846001
STARLINK-11202,2024-129B,1,ECCENTRICITY=HIGH (0.001225 > 0.000535),0.0012251,53.111,0.0001682,16.50784614
STARLINK-11208,2024-133L,1,ECCENTRICITY=HIGH (0.001191 > 0.000535),0.0011906,53.1363,0.0034763,16.34303904
STARLINK-1121,2020-001R,1,ECCENTRICITY=HIGH (0.000548 > 0.000535),0.0005482,53.0447,0.0038401,16.26054304
STARLINK-1124,2020-001AR,1,ECCENTRICITY=HIGH (0.000538 > 0.000535),0.0005381,53.0342,0.0029237,16.34513801
STARLINK-11248,2024-154M,1,ECCENTRICITY=HIGH (0.000820 > 0.000535),0.00082045,53.1338,0.0013585994,16.12858205
STARLINK-1125,2020-001AN,1,ECCENTRICITY=HIGH (0.000871 > 0.000535),0.0008709,53.016,0.0011996,16.48379275
STARLINK-1126,2020-001AP,1,ECCENTRICITY=HIGH (0.000595 > 0.000535),0.0005953,52.9854,0.0035623,16.30377494
STARLINK-1127,2020-006AZ,1,ECCENTRICITY=HIGH (0.001592 > 0.000535),0.0015922,53.0439,0.0030047,16.22978305
STARLINK-1128,2020-001T,1,ECCENTRICITY=HIGH (0.001317 > 0.000535),0.001317,53.0166,0.0014781,16.32828144
STARLINK-1129,2020-006C,1,ECCENTRICITY=HIGH (0.001658 > 0.000535),0.0016581,52.9815,0.0019061,16.23881913
STARLINK-11331,2024-184F,1,ECCENTRICITY=HIGH (0.000992 > 0.000535),0.0009923,53.1493,0.0010538,15.88231699
STARLINK-11336,2024-195M,1,ECCENTRICITY=HIGH (0.000739 > 0.000535),0.00073946,53.1356,0.0035497894,16.29379039
STARLINK-1134,2020-006E,1,ECCENTRICITY=HIGH (0.000797 > 0.000535),0.0007974,53.0322,0.0010633,15.44166668
STARLINK-1135,2020-006F,1,ECCENTRICITY=HIGH (0.000616 > 0.000535),0.0006162,53.0546,0.00040641,16.45145985
STARLINK-11355,2024-249G,1,BSTAR=HIGH (0.005084 > 0.004463),0.000175,43.0009,0.0050843,15.70374602
STARLINK-1137,2020-006BA,1,ECCENTRICITY=HIGH (0.001118 > 0.000535),0.0011182,53.0404,0.0034335,16.19875315
STARLINK-1141,2020-006H,1,ECCENTRICITY=HIGH (0.001085 > 0.000535),0.0010851,53.0231,0.0017176,16.42856538
STARLINK-1142,2020-006BB,1,ECCENTRICITY=HIGH (0.000700 > 0.000535),0.00070046,53.0093,0.00048895373,16.43654353
STARLINK-1143,2020-012B,1,ECCENTRICITY=HIGH (0.000726 > 0.000535),0.00072647,53.0474,0.00074583382,15.63189003
STARLINK-11439,2024-249L,1,ECCENTRICITY=HIGH (0.000878 > 0.000535),0.00087769,42.9949,0.0040255797,16.21984644
STARLINK-1144,2020-001V,1,ECCENTRICITY=HIGH (0.000638 > 0.000535),0.00063768,53.0203,0.00049643794,16.42239465
STARLINK-1145,2020-006Y,1,ECCENTRICITY=HIGH (0.060346 > 0.000535),0.0603455,52.2463,0.0001,16.35636332
STARLINK-1146,2020-006BC,1,ECCENTRICITY=HIGH (0.000583 > 0.000535),0.00058281,53.03,0.00064418358,16.40479495
STARLINK-1147,2020-006BD,1,ECCENTRICITY=HIGH (0.000765 > 0.000535),0.0007652,53.0232,0.00044136016,16.43031994
STARLINK-11486,2024-254F,1,ECCENTRICITY=HIGH (0.000572 > 0.000535),0.0005722,42.9997,0.0020692,15.7082872
STARLINK-1150,2020-006Z,1,ECCENTRICITY=HIGH (0.000646 > 0.000535),0.00064566,53.0298,0.00075374281,16.37461882
STARLINK-11511,2024-254G,1,ECCENTRICITY=HIGH (0.000551 > 0.000535),0.0005509,43.0005,0.00026148,15.70867757
STARLINK-11532,2025-008K,1,ECCENTRICITY=HIGH (0.001097 > 0.000535),0.0010969,42.9852,0.0019453,16.20457176
STARLINK-1154,2020-012W,1,ECCENTRICITY=HIGH (0.000722 > 0.000535),0.00072241,53.0491,0.0016998135,15.46363054
STARLINK-1158,2020-006N,1,ECCENTRICITY=HIGH (0.000820 > 0.000535),0.0008198,52.9843,0.0021678,16.30609258
STARLINK-11606,2025-075M,1,ECCENTRICITY=HIGH (0.000761 > 0.000535),0.0007613,42.9999,0.0017875,15.71043184
STARLINK-11611,2025-043G,1,ECCENTRICITY=HIGH (0.000553 > 0.000535),0.0005532,42.9935,0.001664,15.70873465
STARLINK-1163,2020-006AB,1,ECCENTRICITY=HIGH (0.000749 > 0.000535),0.0007487,53.0005,0.0014421,16.42723338
STARLINK-11649,2025-107F,1,ECCENTRICITY=HIGH (0.000539 > 0.000535),0.00053944,43.0001,0.0019855566,15.70820506
STARLINK-11687,2025-075H,1,ECCENTRICITY=HIGH (0.001000 > 0.000535),0.0009996,42.9901,0.0011323,15.90318723
STARLINK-1170,2020-006AF,1,ECCENTRICITY=HIGH (0.000906 > 0.000535),0.000906,53.0281,0.00029598,16.4584675
STARLINK-11712,2025-111N,1,ECCENTRICITY=HIGH (0.000661 > 0.000535),0.0006612,42.9987,0.0026631,15.71168032
STARLINK-1174,2020-006AH,1,ECCENTRICITY=HIGH (0.000587 > 0.000535),0.0005868,53.0296,0.00030164,16.46573732
STARLINK-1175,2020-006BF,1,ECCENTRICITY=HIGH (0.001142 > 0.000535),0.0011421,52.9706,0.0021011,16.30956567
STARLINK-1178,2020-006V,1,ECCENTRICITY=HIGH (0.000747 > 0.000535),0.0007466,53.0514,0.0029622,16.22256711
STARLINK-1180,2020-006AJ,1,BSTAR=HIGH (0.005039 > 0.004463),6.84e-05,53.0404,0.0050391,16.21971783
STARLINK-1181,2020-006AU,1,ECCENTRICITY=HIGH (0.001357 > 0.000535),0.0013567,52.9335,0.0025868,16.36331104
STARLINK-1187,2020-012AT,1,ECCENTRICITY=HIGH (0.001070 > 0.000535),0.0010697,53.0207,0.00020137,16.4695535
STARLINK-1189,2020-012AV,1,BSTAR=HIGH (0.004869 > 0.004463),0.000275,53.0398,0.0048687,16.26109859
STARLINK-1192,2020-012C,1,ECCENTRICITY=HIGH (0.002661 > 0.000535),0.0026615,52.9727,0.001547,16.38040394
STARLINK-1194,2020-006BK,1,ECCENTRICITY=HIGH (0.000801 > 0.000535),0.0008006,53.0287,0.00027618,16.46493991
STARLINK-1196,2020-006BM,1,ECCENTRICITY=HIGH (0.000617 > 0.000535),0.0006174,53.0391,0.0034588,16.30664796
STARLINK-1197,2020-012X,1,ECCENTRICITY=HIGH (0.000608 > 0.000535),0.0006081,53.0233,0.0026027,16.37310024
STARLINK-1198,2020-012Y,1,ECCENTRICITY=HIGH (0.001272 > 0.000535),0.001272,53.0232,0.0021821,16.35947635
STARLINK-1200,2020-012D,1,ECCENTRICITY=HIGH (0.000641 > 0.000535),0.0006413,53.0314,0.00022263,16.47340083
STARLINK-1203,2020-012AA,1,ECCENTRICITY=HIGH (0.000691 > 0.000535),0.0006914,52.9271,0.0025856,16.40004376
STARLINK-1204,2020-012AB,1,ECCENTRICITY=HIGH (0.000732 > 0.000535),0.0007325,53.0388,0.002898,16.26592171
STARLINK-1206,2020-012AC,1,ECCENTRICITY=HIGH (0.000860 > 0.000535),0.0008596,53.0166,0.00031586,16.44542577
STARLINK-1209,2020-012AE,1,ECCENTRICITY=HIGH (0.000596 > 0.000535),0.0005957,53.0465,0.0021188,15.51461858
STARLINK-1210,2020-012AF,1,ECCENTRICITY=HIGH (0.000691 > 0.000535),0.0006915,52.9966,0.00052265,16.41479168
STARLINK-1212,2020-012AX,1,ECCENTRICITY=HIGH (0.000602 > 0.000535),0.0006015,53.0498,0.0014762,15.52471454
STARLINK-1213,2020-019AS,1,ECCENTRICITY=HIGH (0.001061 > 0.000535),0.0010614,53.0409,0.00017296,16.4889259
STARLINK-1214,2020-012AY,1,ECCENTRICITY=HIGH (0.000808 > 0.000535),0.000808,53.0228,0.0032777,16.28352603
STARLINK-1217,2020-012BA,1,ECCENTRICITY=HIGH (0.000544 > 0.000535),0.00054427,53.0256,0.0003301672,16.44822732
STARLINK-1220,2020-012AK,1,ECCENTRICITY=HIGH (0.002745 > 0.000535),0.0027451,53.0024,0.0041594,15.75746283
STARLINK-1229,2020-012BF,1,ECCENTRICITY=HIGH (0.000739 > 0.000535),0.0007385,53.0128,0.0029375,16.40790287
STARLINK-1235,2020-012BG,1,ECCENTRICITY=HIGH (0.000578 > 0.000535),0.000578,53.0145,0.00038649,16.46950264
STARLINK-1237,2020-012Q,1,ECCENTRICITY=HIGH (0.000609 > 0.000535),0.0006094,53.0359,0.00034107,16.44284184
STARLINK-1239,2020-012R,1,ECCENTRICITY=HIGH (0.001194 > 0.000535),0.0011943,53.03,0.0042009,16.27624006
STARLINK-1241,2020-012T,1,ECCENTRICITY=HIGH (0.001115 > 0.000535),0.0011154,53.0144,0.00105,16.47976116
STARLINK-1243,2020-012BJ,1,ECCENTRICITY=HIGH (0.000798 > 0.000535),0.0007985,53.0329,0.003139,16.2240933
STARLINK-1245,2020-012AP,1,ECCENTRICITY=HIGH (0.000960 > 0.000535),0.0009599,53.036,0.0036648,16.2100831
STARLINK-1254,2020-012AQ,1,ECCENTRICITY=HIGH (0.000923 > 0.000535),0.0009225,53.0248,0.0016834,16.4069628
STARLINK-1256,2020-019AT,1,ECCENTRICITY=HIGH (0.000648 > 0.000535),0.0006482,53.0229,0.00021835,16.50290217
STARLINK-1257,2020-019AU,1,ECCENTRICITY=HIGH (0.001102 > 0.000535),0.0011023,53.0053,0.003351,16.17580957
STARLINK-1261,2020-025AS,1,ECCENTRICITY=HIGH (0.000650 > 0.000535),0.0006501,53.0021,0.0011503,16.38457363
STARLINK-1264,2020-019Y,1,ECCENTRICITY=HIGH (0.000598 > 0.000535),0.0005985,53.0001,0.0015199,16.41726757
STARLINK-1268,2020-019AB,1,ECCENTRICITY=HIGH (0.000621 > 0.000535),0.0006213,52.9836,0.001756,16.38817508
STARLINK-1275,2020-019AZ,1,ECCENTRICITY=HIGH (0.001028 > 0.000535),0.0010277,53.0249,0.0037666,16.32444524
STARLINK-1276,2020-019J,1,BSTAR=HIGH (0.004948 > 0.004463),0.0001954,53.0683,0.0049485,15.10599712
STARLINK-1288,2020-019N,1,ECCENTRICITY=HIGH (0.000967 > 0.000535),0.0009673,53.0303,0.0030381,16.3643365
STARLINK-1289,2020-019AH,1,ECCENTRICITY=HIGH (0.001020 > 0.000535),0.0010196,53.0436,0.0011446,16.43234845
STARLINK-1291,2020-019AK,1,ECCENTRICITY=HIGH (0.001171 > 0.000535),0.0011711,53.0335,0.0020696,16.43063456
STARLINK-1293,2020-019BD,1,ECCENTRICITY=HIGH (0.000792 > 0.000535),0.000792,53.0155,0.0032455,16.37754237
STARLINK-1298,2020-019BF,1,ECCENTRICITY=HIGH (0.000538 > 0.000535),0.0005376,53.0337,0.00062625,15.98202943
STARLINK-1299,2020-019BL,1,ECCENTRICITY=HIGH (0.001747 > 0.000535),0.0017465,52.9657,0.0036517,16.24941513
STARLINK-1303,2020-019AN,1,ECCENTRICITY=HIGH (0.000990 > 0.000535),0.0009896,53.0352,0.0011203,16.12199949
STARLINK-1309,2020-019BG,1,ECCENTRICITY=HIGH (0.000594 > 0.000535),0.0005937,53.0672,0.0014346,15.55203734
STARLINK-1311,2020-019D,1,ECCENTRICITY=HIGH (0.000808 > 0.000535),0.0008084,52.9669,0.0014683,16.35871284
STARLINK-1320,2020-025AT,1,ECCENTRICITY=HIGH (0.000709 > 0.000535),0.00070865,53.0499,0.0007154578,15.68956851
STARLINK-1321,2020-025AU,1,ECCENTRICITY=HIGH (0.000568 > 0.000535),0.000568,53.0502,0.0019963,15.48704185
STARLINK-1322,2020-025X,1,ECCENTRICITY=HIGH (0.001587 > 0.000535),0.0015871,53.0195,0.0024055,16.37691147
STARLINK-1325,2020-025Z,1,ECCENTRICITY=HIGH (0.000766 > 0.000535),0.00076594,53.0367,0.00091665963,16.39928328
STARLINK-1326,2020-025AW,1,ECCENTRICITY=HIGH (0.000801 > 0.000535),0.0008012,52.9598,0.0026085,16.3784713
STARLINK-1327,2020-025AA,1,ECCENTRICITY=HIGH (0.000664 > 0.000535),0.0006639,53.0473,0.0016664,15.54371824
STARLINK-1330,2020-025AY,1,ECCENTRICITY=HIGH (0.000681 > 0.000535),0.0006805,52.9788,0.001588,16.41626916
STARLINK-1332,2020-025BA,1,ECCENTRICITY=HIGH (0.000776 > 0.000535),0.0007765,53.0181,0.00038647,16.43890752
STARLINK-1334,2020-025AB,1,ECCENTRICITY=HIGH (0.000722 > 0.000535),0.0007217,53.0193,0.0001367,16.49739738
STARLINK-1336,2020-025AC,1,ECCENTRICITY=HIGH (0.000770 > 0.000535),0.0007703,53.0229,0.00021372,16.47598051
STARLINK-1339,2020-025C,1,ECCENTRICITY=HIGH (0.000811 > 0.000535),0.0008111,53.0245,0.0027679,16.36185557
STARLINK-1340,2020-025BE,1,ECCENTRICITY=HIGH (0.000887 > 0.000535),0.0008872,53.0298,0.0042994,16.23207736
STARLINK-1341,2020-025D,1,ECCENTRICITY=HIGH (0.000772 > 0.000535),0.0007722,53.0256,0.0008969,16.30148902
STARLINK-1342,2020-025AD,1,BSTAR=HIGH (0.005745 > 0.004463),0.00043057,53.0417,0.0057446222,16.16137913
STARLINK-1345,2020-025BG,1,ECCENTRICITY=HIGH (0.000969 > 0.000535),0.000969,53.0423,0.0018328,16.3810635
STARLINK-1346,2020-025AF,1,ECCENTRICITY=HIGH (0.000772 > 0.000535),0.000772,53.0264,0.00030076,16.46877525
STARLINK-1347,2020-025BH,1,ECCENTRICITY=HIGH (0.000589 > 0.000535),0.0005891,53.046,0.0016791,15.54449349
STARLINK-1349,2020-025BJ,1,ECCENTRICITY=HIGH (0.000722 > 0.000535),0.0007216,53.0321,0.00072267,16.35818339
STARLINK-1353,2020-025G,1,ECCENTRICITY=HIGH (0.000898 > 0.000535),0.0008981,52.9444,0.0039887,16.31694892
STARLINK-1354,2020-025AH,1,ECCENTRICITY=HIGH (0.000723 > 0.000535),0.0007225,53.0383,0.00030349,16.46749353
STARLINK-1356,2020-025AK,1,ECCENTRICITY=HIGH (0.000612 > 0.000535),0.0006122,53.0523,0.0017927,15.45150099
STARLINK-1358,2020-025AM,1,ECCENTRICITY=HIGH (0.001172 > 0.000535),0.0011723,53.0219,0.00040601,16.44477035
STARLINK-1361,2020-025AN,1,ECCENTRICITY=HIGH (0.000776 > 0.000535),0.000776,53.0508,0.0015374,15.47991107
STARLINK-1362,2020-025H,1,BSTAR=LOW (-0.007725 < -0.003262),0.00019302,53.1641,-0.0077249033,15.29922952
STARLINK-1363,2020-025AP,1,ECCENTRICITY=HIGH (0.000806 > 0.000535),0.0008064,53.0424,0.00075581,15.77127762
STARLINK-1364,2020-025BL,1,ECCENTRICITY=HIGH (0.000766 > 0.000535),0.0007658,53.0507,0.00096686,15.49917931
STARLINK-1366,2020-025AQ,1,ECCENTRICITY=HIGH (0.000838 > 0.000535),0.0008384,53.0439,0.000718,15.76255976
STARLINK-1367,2020-025J,1,ECCENTRICITY=HIGH (0.000843 > 0.000535),0.0008427,53.0199,0.0016009,16.41341338
STARLINK-1370,2020-035AT,1,ECCENTRICITY=HIGH (0.001124 > 0.000535),0.0011241,53.0292,0.0033017,16.34852731
STARLINK-1374,2020-025Q,1,ECCENTRICITY=HIGH (0.000671 > 0.000535),0.0006709,53.0216,0.00036935,16.44852345
STARLINK-1375,2020-025R,1,ECCENTRICITY=HIGH (0.000778 > 0.000535),0.0007781,53.03,0.0004209,16.44748846
STARLINK-1377,2020-025S,1,ECCENTRICITY=HIGH (0.000803 > 0.000535),0.0008025,53.0274,0.0039847,16.32311541
STARLINK-1378,2020-025T,1,ECCENTRICITY=HIGH (0.000712 > 0.000535),0.0007118,53.024,0.00074662,16.37409185
STARLINK-1379,2020-025U,1,ECCENTRICITY=HIGH (0.000536 > 0.000535),0.0005365,53.0256,0.0023059,16.38082968
STARLINK-1390,2020-025V,1,ECCENTRICITY=HIGH (0.000778 > 0.000535),0.0007779,53.0231,0.00019771,16.43430149
STARLINK-1391,2020-038W,1,ECCENTRICITY=HIGH (0.001099 > 0.000535),0.0010985,53.0362,0.0001,16.53084791
STARLINK-1393,2020-035X,1,ECCENTRICITY=HIGH (0.000804 > 0.000535),0.0008039,53.0245,0.00027272,16.4720501
STARLINK-1395,2020-035Z,1,ECCENTRICITY=HIGH (0.000996 > 0.000535),0.0009961,53.0347,0.0041478,16.29445543
STARLINK-1397,2020-035AB,1,ECCENTRICITY=HIGH (0.001211 > 0.000535),0.0012108,53.0394,0.0020965,16.39806504
STARLINK-1400,2020-035AV,1,ECCENTRICITY=HIGH (0.000800 > 0.000535),0.0007999,53.0514,0.0016495,15.50865477
STARLINK-1401,2020-035AD,1,ECCENTRICITY=HIGH (0.000751 > 0.000535),0.0007512,53.0249,0.00031795,16.46124799
STARLINK-1403,2020-035AW,1,BSTAR=HIGH (0.069497 > 0.004463),0.0002188,53.1231,0.069497,15.22140775
STARLINK-1405,2020-035AX,1,ECCENTRICITY=HIGH (0.000858 > 0.000535),0.00085841,53.0165,0.0012931236,16.33521214
STARLINK-1407,2020-035AY,1,ECCENTRICITY=HIGH (0.001021 > 0.000535),0.0010211,53.035,0.0015262,15.60305635
STARLINK-1409,2020-035AZ,1,ECCENTRICITY=HIGH (0.001555 > 0.000535),0.0015551,53.0216,0.0025394,16.36297659
STARLINK-1410,2020-035BA,1,ECCENTRICITY=HIGH (0.000555 > 0.000535),0.0005553,53.035,0.0031609,16.35230808
STARLINK-1412,2020-035BC,1,ECCENTRICITY=HIGH (0.001355 > 0.000535),0.0013554,53.0349,0.00018987,16.48056526
STARLINK-1414,2020-035AK,1,ECCENTRICITY=HIGH (0.000873 > 0.000535),0.0008727,53.0236,0.00045382,16.44721945
STARLINK-1415,2020-035AL,1,ECCENTRICITY=HIGH (0.000580 > 0.000535),0.0005795,53.0476,0.003273,16.35988559
STARLINK-1423,2020-035BF,1,ECCENTRICITY=HIGH (0.000763 > 0.000535),0.0007627,53.0508,0.0014099,15.53201506
STARLINK-1433,2020-035BG,1,ECCENTRICITY=HIGH (0.000767 > 0.000535),0.0007666,53.0509,0.0016869,15.55214515
STARLINK-1434,2020-035BH,1,ECCENTRICITY=HIGH (0.000545 > 0.000535),0.00054525,53.0538,0.0021218769,15.26967399
STARLINK-1436,2020-035BJ,1,ECCENTRICITY=HIGH (0.000938 > 0.000535),0.0009378,53.0443,0.0026026,16.38860796
STARLINK-1437,2020-035BK,1,ECCENTRICITY=HIGH (0.001050 > 0.000535),0.0010502,53.0273,0.0033288,16.3638535
STARLINK-1438,2020-035BL,1,ECCENTRICITY=HIGH (0.001731 > 0.000535),0.0017306,52.9459,0.001034,16.49940395
STARLINK-1439,2020-035BM,1,ECCENTRICITY=HIGH (0.000821 > 0.000535),0.0008207,52.9774,0.0033595,16.31867954
STARLINK-1440,2020-035A,1,ECCENTRICITY=HIGH (0.002805 > 0.000535),0.0028054,53.0001,0.00047903,16.46735707
STARLINK-1441,2020-035B,1,ECCENTRICITY=HIGH (0.000889 > 0.000535),0.0008895,53.0076,0.00337,16.32117728
STARLINK-1442,2020-035C,1,ECCENTRICITY=HIGH (0.001073 > 0.000535),0.0010725,53.0303,0.0031812,16.33440417
STARLINK-1444,2020-035E,1,ECCENTRICITY=HIGH (0.001015 > 0.000535),0.0010154,53.0279,0.00070862,16.41588247
STARLINK-1447,2020-035H,1,ECCENTRICITY=HIGH (0.000843 > 0.000535),0.0008431,52.9766,0.0019438,16.30075266
STARLINK-1448,2020-035J,1,ECCENTRICITY=HIGH (0.000799 > 0.000535),0.0007987,53.0514,0.0018965,15.52728404
STARLINK-1452,2020-035N,1,ECCENTRICITY=HIGH (0.000740 > 0.000535),0.00073971,53.0327,0.0019746589,15.45306424
STARLINK-1453,2020-035P,1,ECCENTRICITY=HIGH (0.000650 > 0.000535),0.0006499,53.0475,0.0019375,15.52994821
STARLINK-1454,2020-035Q,1,ECCENTRICITY=HIGH (0.000894 > 0.000535),0.00089374,53.0524,0.0017825029,15.51375689
STARLINK-1455,2020-035R,1,ECCENTRICITY=HIGH (0.000711 > 0.000535),0.0007108,53.0251,0.001514,16.34944932
STARLINK-1457,2020-035T,1,ECCENTRICITY=HIGH (0.000892 > 0.000535),0.0008925,53.0478,0.00087963,15.79119851
STARLINK-1458,2020-035U,1,ECCENTRICITY=HIGH (0.000676 > 0.000535),0.0006757,53.0537,0.0016165,15.43447166
STARLINK-1459,2020-038AR,1,ECCENTRICITY=HIGH (0.002348 > 0.000535),0.0023481,53.037,0.0001,16.49749732
STARLINK-1461,2020-038A,1,ECCENTRICITY=HIGH (0.000958 > 0.000535),0.0009579,53.0197,0.00099483,16.4562721
STARLINK-1462,2020-038AS,1,BSTAR=HIGH (0.006350 > 0.004463),0.0004727,53.0289,0.0063497,16.15242984
STARLINK-1463,2020-038AT,1,ECCENTRICITY=HIGH (0.000808 > 0.000535),0.0008084,53.019,0.00039471,16.49182084
STARLINK-1468,2020-038E,1,ECCENTRICITY=HIGH (0.001159 > 0.000535),0.0011586,53.0396,0.0005897,16.41093828
STARLINK-1472,2020-038G,1,ECCENTRICITY=HIGH (0.000566 > 0.000535),0.0005664,53.0159,0.00051958,16.39904782
STARLINK-1473,2020-038H,1,ECCENTRICITY=HIGH (0.000542 > 0.000535),0.0005422,52.9645,0.0018688,16.33801791
STARLINK-1475,2020-038K,1,ECCENTRICITY=HIGH (0.000884 > 0.000535),0.00088356,53.0284,0.00045900301,16.41213359
STARLINK-1476,2020-038Z,1,ECCENTRICITY=HIGH (0.000950 > 0.000535),0.0009499,53.0048,0.00032197,16.44771939
STARLINK-1480,2020-038M,1,ECCENTRICITY=HIGH (0.000668 > 0.000535),0.0006683,53.0509,0.00056397,15.47739467
STARLINK-1486,2020-038AD,1,ECCENTRICITY=HIGH (0.000557 > 0.000535),0.0005572,53.0411,0.0004966,16.43497623
STARLINK-1487,2020-038AE,1,ECCENTRICITY=HIGH (0.000615 > 0.000535),0.00061517,53.0009,0.00013402463,16.49934373
STARLINK-1488,2020-038AX,1,ECCENTRICITY=HIGH (0.000727 > 0.000535),0.0007268,53.0486,0.0006857,16.34872281
STARLINK-1494,2020-038AG,1,ECCENTRICITY=HIGH (0.000589 > 0.000535),0.0005888,53.048,0.00070822,15.74141821
STARLINK-1501,2020-038AK,1,ECCENTRICITY=HIGH (0.000896 > 0.000535),0.0008961,53.0354,0.00059367,16.51149013
STARLINK-1503,2020-038R,1,ECCENTRICITY=HIGH (0.000793 > 0.000535),0.0007926,53.023,0.00031339,16.47241954
STARLINK-1507,2020-038U,1,ECCENTRICITY=HIGH (0.000696 > 0.000535),0.0006955,53.0115,0.00027244,16.48463699
STARLINK-1508,2020-038AM,1,ECCENTRICITY=HIGH (0.000655 > 0.000535),0.000655,53.0323,0.001693,16.43351418
STARLINK-1511,2020-038AP,1,ECCENTRICITY=HIGH (0.000718 > 0.000535),0.0007185,53.0174,0.00034534,16.46186639
STARLINK-1515,2020-055AQ,1,ECCENTRICITY=HIGH (0.001526 > 0.000535),0.0015262,53.0253,0.0027789,16.34234437
STARLINK-1516,2020-038V,1,ECCENTRICITY=HIGH (0.000698 > 0.000535),0.000698,52.9609,0.00023872,16.43106914
STARLINK-1517,2020-038BK,1,ECCENTRICITY=HIGH (0.000536 > 0.000535),0.0005361,53.0252,0.00050785,16.40539802
STARLINK-1521,2020-038AQ,1,ECCENTRICITY=HIGH (0.000625 > 0.000535),0.0006252,53.03,0.0019819,16.38364016
STARLINK-1523,2020-055B,1,BSTAR=HIGH (0.004852 > 0.004463),6.93e-05,53.1135,0.0048518,15.20634907
STARLINK-1526,2020-055C,1,BSTAR=HIGH (0.004718 > 0.004463),4.53e-05,53.115,0.0047177,15.20808631
STARLINK-1529,2020-055AS,1,ECCENTRICITY=HIGH (0.000927 > 0.000535),0.000927,53.0263,0.00087169,16.38792081
STARLINK-1530,2020-055Y,1,ECCENTRICITY=HIGH (0.001398 > 0.000535),0.001398,53.0387,0.002524,16.34111887
STARLINK-1531,2020-070AS,1,ECCENTRICITY=HIGH (0.000718 > 0.000535),0.0007185,53.0534,0.0015122,15.63988266
STARLINK-1532,2020-055AT,1,ECCENTRICITY=HIGH (0.000844 > 0.000535),0.0008439,53.0313,0.0014722,16.16197534
STARLINK-1533,2020-055AU,1,ECCENTRICITY=HIGH (0.000672 > 0.000535),0.0006715,53.022,0.00042081,16.44840186
STARLINK-1535,2020-055Z,1,ECCENTRICITY=HIGH (0.000786 > 0.000535),0.0007859,53.0317,0.0026315,16.33666062
STARLINK-1539,2020-055AX,1,ECCENTRICITY=HIGH (0.000893 > 0.000535),0.0008928,53.0438,0.003966,16.26694941
STARLINK-1544,2020-055E,1,ECCENTRICITY=HIGH (0.001101 > 0.000535),0.001101,53.0226,0.001452,16.47875018
STARLINK-1546,2020-062X,1,ECCENTRICITY=HIGH (0.001497 > 0.000535),0.0014974,53.0347,0.0025804,16.31404291
STARLINK-1550,2020-062AS,1,ECCENTRICITY=HIGH (0.000839 > 0.000535),0.0008388,53.0312,0.00090677,16.37125342
STARLINK-1555,2020-055F,1,BSTAR=HIGH (0.031454 > 0.004463),0.0001618,53.1143,0.031454,15.20173825
STARLINK-1556,2020-055G,1,BSTAR=HIGH (0.044515 > 0.004463),0.0001452,53.1182,0.044515,15.21085547
STARLINK-1557,2020-055H,1,BSTAR=HIGH (0.004812 > 0.004463),0.0002135,53.1209,0.0048117,15.22201401
STARLINK-1558,2020-055J,1,BSTAR=HIGH (0.050415 > 0.004463),0.0001936,53.1165,0.050415,15.20691906
STARLINK-1560,2020-055K,1,BSTAR=HIGH (0.039429 > 0.004463),0.0001528,53.128,0.039429,15.23295938
STARLINK-1561,2020-055AF,1,ECCENTRICITY=HIGH (0.000827 > 0.000535),0.000827,53.0058,0.00095673,16.35546657
STARLINK-1562,2020-055AG,1,ECCENTRICITY=HIGH (0.000968 > 0.000535),0.0009677,53.0084,0.001128,16.4453984
STARLINK-1563,2020-055BD,1,ECCENTRICITY=HIGH (0.000828 > 0.000535),0.0008275,53.0258,0.00073325,16.42778523
STARLINK-1565,2020-055L,1,ECCENTRICITY=HIGH (0.000889 > 0.000535),0.0008895,53.0143,0.0025298,16.34006915
STARLINK-1567,2020-055M,1,BSTAR=HIGH (0.043312 > 0.004463),0.0001325,53.0882,0.043312,15.21243905
STARLINK-1568,2020-055BF,1,ECCENTRICITY=HIGH (0.000636 > 0.000535),0.0006361,53.0627,0.00084979,15.46690838
STARLINK-1569,2020-055N,1,BSTAR=HIGH (0.005631 > 0.004463),0.0002162,53.113,0.005631,15.20414837
STARLINK-1571,2020-055BG,1,ECCENTRICITY=HIGH (0.001399 > 0.000535),0.0013991,53.0452,0.0001,16.43085236
STARLINK-1575,2020-062AA,1,ECCENTRICITY=HIGH (0.000715 > 0.000535),0.0007152,53.0271,0.0013468,15.84536212
STARLINK-1580,2020-055Q,1,ECCENTRICITY=HIGH (0.001484 > 0.000535),0.0014842,53.0289,0.0012283,16.21384319
STARLINK-1581,2020-055R,1,ECCENTRICITY=HIGH (0.001106 > 0.000535),0.0011061,53.0365,0.0034036,16.32901481
STARLINK-1582,2020-055S,1,BSTAR=HIGH (0.057873 > 0.004463),0.0001599,53.1154,0.057873,15.20754086
STARLINK-1587,2020-057AS,1,ECCENTRICITY=HIGH (0.000716 > 0.000535),0.0007162,53.0291,0.0012313,15.99562277
STARLINK-1588,2020-057B,1,ECCENTRICITY=HIGH (0.000774 > 0.000535),0.0007738,53.0242,0.0002547,16.5253665
STARLINK-1590,2020-057X,1,ECCENTRICITY=HIGH (0.000674 > 0.000535),0.0006738,53.0236,0.0008059,16.41930499
STARLINK-1591,2020-055U,1,BSTAR=HIGH (0.005400 > 0.004463),4.19e-05,53.1122,0.0054005,15.20202282
STARLINK-1592,2020-057Y,1,ECCENTRICITY=HIGH (0.000601 > 0.000535),0.000601,53.0321,0.0011462,16.39498705
STARLINK-1594,2020-057Z,1,ECCENTRICITY=HIGH (0.000669 > 0.000535),0.0006692,53.019,0.0010036,16.38561209
STARLINK-1595,2020-057AU,1,ECCENTRICITY=HIGH (0.000636 > 0.000535),0.00063556,53.049,0.0019981165,15.50481142
STARLINK-1597,2020-057AB,1,ECCENTRICITY=HIGH (0.000720 > 0.000535),0.00072022,53.0493,0.0016733941,15.56466248
STARLINK-1600,2020-057AW,1,ECCENTRICITY=HIGH (0.000994 > 0.000535),0.0009938,53.0065,0.00034767,16.47327399
STARLINK-1601,2020-057D,1,ECCENTRICITY=HIGH (0.000675 > 0.000535),0.00067506,53.0255,0.00047437165,16.43249837
STARLINK-1603,2020-057AX,1,ECCENTRICITY=HIGH (0.001190 > 0.000535),0.0011905,53.0139,0.0001,16.48085623
STARLINK-1607,2020-057AE,1,ECCENTRICITY=HIGH (0.000716 > 0.000535),0.0007159,53.0359,0.00097752,16.49789798
STARLINK-1610,2020-057AY,1,ECCENTRICITY=HIGH (0.000658 > 0.000535),0.0006584,53.0127,0.00049294,16.45378281
STARLINK-1611,2020-057AG,1,ECCENTRICITY=HIGH (0.002900 > 0.000535),0.0029004,53.0142,0.0001,16.53368354
STARLINK-1613,2020-057BA,1,ECCENTRICITY=HIGH (0.000887 > 0.000535),0.0008873,53.0837,0.0031125,16.32364456
STARLINK-1617,2020-062AB,1,ECCENTRICITY=HIGH (0.001444 > 0.000535),0.0014437,53.0306,0.0039212,16.33671739
STARLINK-1619,2020-057K,1,ECCENTRICITY=HIGH (0.000843 > 0.000535),0.0008434,53.0136,0.00073487,16.42632463
STARLINK-1623,2020-057N,1,ECCENTRICITY=HIGH (0.000680 > 0.000535),0.0006802,53.0496,0.0022191,15.52956139
STARLINK-1625,2020-057Q,1,ECCENTRICITY=HIGH (0.000571 > 0.000535),0.000571,53.0451,0.001066,15.85220758
STARLINK-1626,2020-057BC,1,ECCENTRICITY=HIGH (0.000718 > 0.000535),0.0007181,53.0481,0.002064,15.54911202
STARLINK-1628,2020-057BE,1,ECCENTRICITY=HIGH (0.000700 > 0.000535),0.0007003,53.021,0.0037836,16.25483041
STARLINK-1630,2020-057R,1,ECCENTRICITY=HIGH (0.000941 > 0.000535),0.0009414,53.0345,0.00058145,16.42990473
STARLINK-1631,2020-057AL,1,ECCENTRICITY=HIGH (0.000865 > 0.000535),0.000865,53.0215,0.00065173,16.43449201
STARLINK-1632,2020-057BF,1,ECCENTRICITY=HIGH (0.001412 > 0.000535),0.001412,53.041,0.0021929,16.3655041
STARLINK-1634,2020-057AM,1,BSTAR=HIGH (0.004629 > 0.004463),0.0003621,53.0327,0.0046288,16.24454441
STARLINK-1637,2020-057S,1,ECCENTRICITY=HIGH (0.000624 > 0.000535),0.0006243,53.0155,0.0011493,16.33591677
STARLINK-1638,2020-057T,1,ECCENTRICITY=HIGH (0.000667 > 0.000535),0.0006673,53.0276,0.0037371,16.32552602
STARLINK-1639,2020-057U,1,ECCENTRICITY=HIGH (0.000909 > 0.000535),0.0009089,53.0151,0.0003422,16.49896577
STARLINK-1640,2020-057BJ,1,ECCENTRICITY=HIGH (0.000814 > 0.000535),0.0008138,53.0506,0.0024678,15.5424804
STARLINK-1642,2020-057AP,1,ECCENTRICITY=HIGH (0.000651 > 0.000535),0.00065074,53.0212,0.00031282833,16.45810611
STARLINK-1645,2021-012C,1,ECCENTRICITY=HIGH (0.000942 > 0.000535),0.0009417,53.0415,0.00058096,15.82519805
STARLINK-1646,2020-062AC,1,ECCENTRICITY=HIGH (0.000571 > 0.000535),0.0005705,53.0468,0.0021714,15.55826536
STARLINK-1648,2020-070B,1,ECCENTRICITY=HIGH (0.000658 > 0.000535),0.0006578,53.0424,0.0012561,15.92237087
STARLINK-1649,2020-070W,1,ECCENTRICITY=HIGH (0.000746 > 0.000535),0.0007459,53.0042,0.0029024,16.29633022
STARLINK-1650,2020-070AT,1,ECCENTRICITY=HIGH (0.000897 > 0.000535),0.0008972,53.0214,0.0015423,16.42915184
STARLINK-1651,2020-062AT,1,ECCENTRICITY=HIGH (0.000642 > 0.000535),0.00064168,53.0202,0.00052075545,16.42914037
STARLINK-1652,2020-062AU,1,ECCENTRICITY=HIGH (0.001298 > 0.000535),0.0012977,53.0465,0.0018768,16.39292647
STARLINK-1653,2020-062AD,1,ECCENTRICITY=HIGH (0.000622 > 0.000535),0.0006221,53.0452,0.0022227,15.59626749
STARLINK-1660,2020-070AU,1,ECCENTRICITY=HIGH (0.000586 > 0.000535),0.00058614,53.0118,0.00039744593,16.44613833
STARLINK-1662,2020-062AW,1,ECCENTRICITY=HIGH (0.000765 > 0.000535),0.0007653,53.0327,0.0001,16.42343631
STARLINK-1666,2020-062AJ,1,ECCENTRICITY=HIGH (0.000606 > 0.000535),0.0006057,53.0477,0.0020607,15.58550313
STARLINK-1668,2020-070E,1,ECCENTRICITY=HIGH (0.000543 > 0.000535),0.0005431,53.0296,0.0027842,16.36122802
STARLINK-1669,2021-012E,1,ECCENTRICITY=HIGH (0.000859 > 0.000535),0.0008594,53.0359,0.0018224,15.76155155
STARLINK-1671,2020-070Y,1,ECCENTRICITY=HIGH (0.000799 > 0.000535),0.0007991,53.0141,0.00051823,16.46467522
STARLINK-1673,2020-062C,1,ECCENTRICITY=HIGH (0.000915 > 0.000535),0.0009148,53.0026,0.0003368,16.45128228
STARLINK-1674,2020-070Z,1,ECCENTRICITY=HIGH (0.000721 > 0.000535),0.0007206,53.03,0.0025337,16.37425545
STARLINK-1675,2020-070AV,1,ECCENTRICITY=HIGH (0.000575 > 0.000535),0.00057504,53.0201,0.00065916317,16.41476381
STARLINK-1680,2020-070AC,1,ECCENTRICITY=HIGH (0.000781 > 0.000535),0.0007808,53.04,0.0010867,15.76903157
STARLINK-1681,2020-070AD,1,ECCENTRICITY=HIGH (0.000854 > 0.000535),0.0008536,53.0485,0.0011436,15.78292911
STARLINK-1683,2020-070AY,1,ECCENTRICITY=HIGH (0.000721 > 0.000535),0.0007209,53.0099,0.0006939,15.8156649
STARLINK-1684,2020-070H,1,ECCENTRICITY=HIGH (0.001604 > 0.000535),0.0016043,53.0551,0.00067596,16.46645661
STARLINK-1685,2020-070J,1,ECCENTRICITY=HIGH (0.001172 > 0.000535),0.0011721,53.0581,0.0036837,16.33090103
STARLINK-1686,2020-062D,1,ECCENTRICITY=HIGH (0.000558 > 0.000535),0.0005583,53.044,0.00099851611,15.70757395
STARLINK-1688,2020-062AY,1,ECCENTRICITY=HIGH (0.001081 > 0.000535),0.0010805,53.0306,0.0037951,16.28298332
STARLINK-1689,2020-062AZ,1,ECCENTRICITY=HIGH (0.001141 > 0.000535),0.0011415,53.0123,0.00093903,16.33461248
STARLINK-1690,2020-062AK,1,ECCENTRICITY=HIGH (0.000861 > 0.000535),0.0008607,53.0229,0.0016703,16.36058045
STARLINK-1691,2020-062BA,1,ECCENTRICITY=HIGH (0.002500 > 0.000535),0.0024998,53.0406,0.00048391,16.49810577
STARLINK-1692,2020-070L,1,ECCENTRICITY=HIGH (0.000549 > 0.000535),0.00054903,53.0194,0.00054812684,16.42959819
STARLINK-1693,2020-070M,1,ECCENTRICITY=HIGH (0.000611 > 0.000535),0.0006112,53.0175,0.00040746,16.45417673
STARLINK-1694,2020-070N,1,ECCENTRICITY=HIGH (0.000536 > 0.000535),0.0005363,53.0259,0.00033642,16.48982657
STARLINK-1695,2020-062E,1,ECCENTRICITY=HIGH (0.000580 > 0.000535),0.00057984,53.0508,0.001836383,15.54566033
STARLINK-1697,2020-070Q,1,ECCENTRICITY=HIGH (0.000991 > 0.000535),0.0009908,53.0272,0.0012494,16.3251154
STARLINK-1698,2020-070R,1,ECCENTRICITY=HIGH (0.000903 > 0.000535),0.0009027,53.0216,0.0042057,16.34787944
STARLINK-1702,2020-070V,1,ECCENTRICITY=HIGH (0.001050 > 0.000535),0.0010495,52.9647,0.00077239,16.48963428
STARLINK-1706,2020-070AE,1,ECCENTRICITY=HIGH (0.001947 > 0.000535),0.0019473,52.9901,0.00098642,16.43156836
STARLINK-1710,2020-062F,1,ECCENTRICITY=HIGH (0.000660 > 0.000535),0.0006597,53.0162,0.00076683,16.38910115
STARLINK-1713,2020-062AM,1,ECCENTRICITY=HIGH (0.000673 > 0.000535),0.0006731,53.0327,0.00078815,16.38521427
STARLINK-1716,2020-073C,1,ECCENTRICITY=HIGH (0.000663 > 0.000535),0.0006633,53.0443,9.9796e-06,15.64913771
STARLINK-1717,2020-073D,1,BSTAR=HIGH (0.005017 > 0.004463),0.0001361,53.0285,0.0050173,16.26620237
STARLINK-1721,2020-062H,1,ECCENTRICITY=HIGH (0.000745 > 0.000535),0.0007454,53.0038,0.00046989,16.45881975
STARLINK-1722,2020-062AN,1,ECCENTRICITY=HIGH (0.000724 > 0.000535),0.0007237,53.0236,0.0006104,16.44122734
STARLINK-1723,2020-062J,1,ECCENTRICITY=HIGH (0.000584 > 0.000535),0.00058356,53.0308,0.00035779686,16.45467237
STARLINK-1726,2020-062AP,1,ECCENTRICITY=HIGH (0.000537 > 0.000535),0.0005369,53.0344,0.0013416,15.9809645
STARLINK-1729,2020-070BD,1,ECCENTRICITY=HIGH (0.001446 > 0.000535),0.0014459,53.0335,0.00025766,16.50583367
STARLINK-1734,2020-062A,1,ECCENTRICITY=HIGH (0.000607 > 0.000535),0.00060734,53.0034,0.00068890328,16.3999736
STARLINK-1738,2020-062M,1,ECCENTRICITY=HIGH (0.000712 > 0.000535),0.0007118,53.0204,0.0012217,16.19277963
STARLINK-1740,2020-070AL,1,ECCENTRICITY=HIGH (0.000553 > 0.000535),0.0005535,53.0268,0.00062041,16.4180257
STARLINK-1742,2020-062BD,1,ECCENTRICITY=HIGH (0.000723 > 0.000535),0.000723,53.0262,0.0012522,15.83116388
STARLINK-1744,2020-070BH,1,ECCENTRICITY=HIGH (0.001031 > 0.000535),0.0010309,53.0389,0.00051031,16.50797342
STARLINK-1745,2020-062BE,1,ECCENTRICITY=HIGH (0.000772 > 0.000535),0.0007721,53.0358,0.00161,16.36524688
STARLINK-1747,2020-070AP,1,ECCENTRICITY=HIGH (0.000537 > 0.000535),0.0005367,53.0282,0.0010326,16.50892994
STARLINK-1748,2020-070AQ,1,ECCENTRICITY=HIGH (0.000576 > 0.000535),0.0005759,52.9881,0.0016267,16.34794384
STARLINK-1749,2020-070BK,1,ECCENTRICITY=HIGH (0.000749 > 0.000535),0.0007487,53.0189,0.000478,16.45663399
STARLINK-1750,2020-062N,1,ECCENTRICITY=HIGH (0.000644 > 0.000535),0.0006444,53.0217,0.00030997,16.46245969
STARLINK-1751,2020-062BF,1,ECCENTRICITY=HIGH (0.000654 > 0.000535),0.0006538,53.0287,0.0035619,16.32048383
STARLINK-1753,2020-070AR,1,ECCENTRICITY=HIGH (0.000753 > 0.000535),0.0007526,53.0312,0.0030211,16.39393126
STARLINK-1754,2020-070BL,1,ECCENTRICITY=HIGH (0.000905 > 0.000535),0.0009052,53.0329,0.0035949,16.35980005
STARLINK-1756,2020-062BG,1,ECCENTRICITY=HIGH (0.001285 > 0.000535),0.0012845,53.0099,0.0011437,16.42612458
STARLINK-1757,2020-062Q,1,ECCENTRICITY=HIGH (0.002074 > 0.000535),0.0020743,53.0241,0.0012515,16.43596696
STARLINK-1758,2020-062BH,1,ECCENTRICITY=HIGH (0.000701 > 0.000535),0.0007011,53.0256,0.0007862,16.42175163
STARLINK-1760,2020-062S,1,ECCENTRICITY=HIGH (0.000599 > 0.000535),0.000599,53.0286,0.00046978,16.44382374
STARLINK-1761,2021-012G,1,ECCENTRICITY=HIGH (0.001462 > 0.000535),0.0014622,53.0305,0.00025114,16.47248742
STARLINK-1766,2020-073H,1,ECCENTRICITY=HIGH (0.002369 > 0.000535),0.0023688,53.0263,0.00062886,16.50969968
STARLINK-1768,2020-062BJ,1,ECCENTRICITY=HIGH (0.002923 > 0.000535),0.0029226,52.9854,0.00033324,16.47033332
STARLINK-1772,2020-073J,1,ECCENTRICITY=HIGH (0.000744 > 0.000535),0.0007438,53.0395,0.0010634,16.45355
STARLINK-1773,2020-073K,1,ECCENTRICITY=HIGH (0.000691 > 0.000535),0.0006915,53.0104,0.00026364,16.5225474
STARLINK-1774,2020-073L,1,ECCENTRICITY=HIGH (0.000884 > 0.000535),0.0008844,53.0214,0.000841,16.49006033
STARLINK-1776,2020-073N,1,ECCENTRICITY=HIGH (0.000696 > 0.000535),0.0006955,53.0273,0.00092856,16.36432438
STARLINK-1778,2020-073P,1,ECCENTRICITY=HIGH (0.001264 > 0.000535),0.0012641,53.0363,0.0024443,16.40698884
STARLINK-1779,2020-088B,1,ECCENTRICITY=HIGH (0.001016 > 0.000535),0.0010161,53.0409,0.0024444,16.34338817
STARLINK-1782,2021-009A,1,ECCENTRICITY=HIGH (0.000558 > 0.000535),0.0005578,53.0394,0.0008691,16.38496757
STARLINK-1783,2020-073S,1,BSTAR=HIGH (0.004574 > 0.004463),0.0002354,53.0447,0.0045736,16.23328042
STARLINK-1785,2020-088C,1,ECCENTRICITY=HIGH (0.000663 > 0.000535),0.0006625,53.0264,0.00086726,16.39567584
STARLINK-1787,2020-088D,1,ECCENTRICITY=HIGH (0.000951 > 0.000535),0.0009508,53.0646,0.0017292,16.39348706
STARLINK-1789,2020-073W,1,ECCENTRICITY=HIGH (0.000731 > 0.000535),0.0007305,53.0221,0.00043071,16.4397432
STARLINK-1791,2020-073Y,1,ECCENTRICITY=HIGH (0.000769 > 0.000535),0.0007692,53.0261,0.00050266,16.44863811
STARLINK-1793,2020-073AA,1,ECCENTRICITY=HIGH (0.000670 > 0.000535),0.0006704,53.0355,0.00071431,16.41689244
STARLINK-1796,2020-073AD,1,ECCENTRICITY=HIGH (0.002075 > 0.000535),0.0020752,53.0257,0.00010741,16.47119031
STARLINK-1801,2020-073AH,1,ECCENTRICITY=HIGH (0.000556 > 0.000535),0.0005558,53.0451,0.00027058,15.72081558
STARLINK-1803,2020-073AK,1,ECCENTRICITY=HIGH (0.000667 > 0.000535),0.0006667,53.0191,0.0010505,16.38094899
STARLINK-1806,2021-009B,1,ECCENTRICITY=HIGH (0.000955 > 0.000535),0.0009553,53.0302,0.0014414,16.4025785
STARLINK-1808,2020-073AP,1,ECCENTRICITY=HIGH (0.000693 > 0.000535),0.0006929,53.0151,0.00062444,16.44115334
STARLINK-1814,2020-073AU,1,ECCENTRICITY=HIGH (0.000982 > 0.000535),0.0009824,53.0356,0.00098952,15.96820017
STARLINK-1818,2020-073AY,1,ECCENTRICITY=HIGH (0.001101 > 0.000535),0.0011012,53.02,0.00028357,16.4721261
STARLINK-1819,2020-073A,1,ECCENTRICITY=HIGH (0.001186 > 0.000535),0.0011864,53.0515,0.0026642,16.28223676
STARLINK-1820,2020-073AZ,1,ECCENTRICITY=HIGH (0.000620 > 0.000535),0.0006196,53.0386,0.0010395,15.88951985
STARLINK-1823,2020-073BC,1,ECCENTRICITY=HIGH (0.000902 > 0.000535),0.0009024,53.0403,0.0026916,16.37229523
STARLINK-1824,2020-073BD,1,ECCENTRICITY=HIGH (0.000935 > 0.000535),0.0009348,52.9856,0.0007362,16.2578029
STARLINK-1827,2020-073BG,1,ECCENTRICITY=HIGH (0.000743 > 0.000535),0.0007431,53.0033,0.0010431,16.45081037
STARLINK-1829,2020-073BJ,1,ECCENTRICITY=HIGH (0.000990 > 0.000535),0.00099,53.0185,0.0010124,16.4343117
STARLINK-1833,2020-074W,1,ECCENTRICITY=HIGH (0.000553 > 0.000535),0.0005534,53.0278,0.00043297,16.47044187
STARLINK-1834,2020-074AU,1,ECCENTRICITY=HIGH (0.000806 > 0.000535),0.0008056,53.0338,0.0010569,16.37178269
STARLINK-1835,2020-074AV,1,ECCENTRICITY=HIGH (0.000562 > 0.000535),0.000562,53.046,0.001324,15.58919209
STARLINK-1836,2020-088F,1,ECCENTRICITY=HIGH (0.000564 > 0.000535),0.0005638,53.0447,0.0020636,16.38136078
STARLINK-1839,2020-088J,1,ECCENTRICITY=HIGH (0.000677 > 0.000535),0.0006767,53.021,0.00087303,16.43942311
STARLINK-1840,2020-088K,1,ECCENTRICITY=HIGH (0.000684 > 0.000535),0.0006843,53.0417,0.0030643,16.2840087
STARLINK-1841,2020-073BM,1,ECCENTRICITY=HIGH (0.000624 > 0.000535),0.0006244,53.0411,0.00053587,16.52992505
STARLINK-1842,2020-088L,1,ECCENTRICITY=HIGH (0.001204 > 0.000535),0.001204,53.037,0.00085446,16.4658811
STARLINK-1846,2020-088Q,1,ECCENTRICITY=HIGH (0.000802 > 0.000535),0.0008015,53.0267,0.00083205,16.3775781
STARLINK-1847,2020-074A,1,ECCENTRICITY=HIGH (0.000795 > 0.000535),0.0007949,53.0227,0.00098088,16.45376551
STARLINK-1848,2020-074B,1,ECCENTRICITY=HIGH (0.000649 > 0.000535),0.0006491,53.0202,0.00062757,16.41157069
STARLINK-1849,2020-088R,1,ECCENTRICITY=HIGH (0.000683 > 0.000535),0.0006829,53.029,0.0011653,16.29635817
STARLINK-1854,2020-088V,1,ECCENTRICITY=HIGH (0.000585 > 0.000535),0.000585,53.0268,0.00053835,16.42122864
STARLINK-1855,2020-088W,1,ECCENTRICITY=HIGH (0.001354 > 0.000535),0.0013538,53.0412,0.0027296,16.28633317
STARLINK-1856,2020-088X,1,ECCENTRICITY=HIGH (0.000667 > 0.000535),0.0006673,53.0515,0.0022342,15.49480523
STARLINK-1858,2020-088Z,1,ECCENTRICITY=HIGH (0.000851 > 0.000535),0.0008508,53.0291,0.004139,16.3363126
STARLINK-1860,2020-088AB,1,ECCENTRICITY=HIGH (0.001033 > 0.000535),0.0010331,52.9886,0.0012573,16.35746701
STARLINK-1861,2020-088AC,1,ECCENTRICITY=HIGH (0.000538 > 0.000535),0.0005383,53.0197,0.00050079,16.4454373
STARLINK-1862,2020-088AD,1,ECCENTRICITY=HIGH (0.000768 > 0.000535),0.000768,53.0221,0.00078618,16.39588131
STARLINK-1863,2020-088AE,1,ECCENTRICITY=HIGH (0.000574 > 0.000535),0.0005736,53.0205,0.00076338,16.39214133
STARLINK-1864,2020-088AF,1,ECCENTRICITY=HIGH (0.000598 > 0.000535),0.0005981,53.0223,0.00058209,16.43579509
STARLINK-1865,2020-074C,1,ECCENTRICITY=HIGH (0.000925 > 0.000535),0.0009253,53.029,0.0012153,16.2913342
STARLINK-1866,2020-088AG,1,ECCENTRICITY=HIGH (0.000667 > 0.000535),0.0006668,53.0023,0.00039985,16.4458697
STARLINK-1867,2020-088AH,1,ECCENTRICITY=HIGH (0.001109 > 0.000535),0.0011091,53.0161,0.00037506,16.45683032
STARLINK-1868,2020-088AJ,1,ECCENTRICITY=HIGH (0.000902 > 0.000535),0.0009019,53.0419,0.0016779,16.43074321
STARLINK-1870,2020-088AL,1,ECCENTRICITY=HIGH (0.000959 > 0.000535),0.0009593,53.0262,0.0030527,16.33312256
STARLINK-1872,2020-074D,1,ECCENTRICITY=HIGH (0.000892 > 0.000535),0.0008922,53.0269,0.0027139,16.35150253
STARLINK-1873,2020-088AN,1,ECCENTRICITY=HIGH (0.000807 > 0.000535),0.0008069,53.0477,0.0011784,15.57339238
STARLINK-1874,2020-088AP,1,ECCENTRICITY=HIGH (0.001545 > 0.000535),0.0015449,53.0685,0.00084336,16.49563746
STARLINK-1875,2020-088AQ,1,ECCENTRICITY=HIGH (0.000647 > 0.000535),0.0006475,53.0303,0.0019945,16.38456062
STARLINK-1877,2020-088AS,1,ECCENTRICITY=HIGH (0.001136 > 0.000535),0.0011355,53.0171,0.00028416,16.47833997
STARLINK-1879,2020-088AU,1,ECCENTRICITY=HIGH (0.000888 > 0.000535),0.000888,53.0094,0.00094986,16.39176706
STARLINK-1880,2020-088AV,1,ECCENTRICITY=HIGH (0.000764 > 0.000535),0.000764,53.0243,0.00061861,16.43313928
STARLINK-1882,2020-074AX,1,ECCENTRICITY=HIGH (0.000608 > 0.000535),0.0006078,53.0528,0.0021495,15.62541055
STARLINK-1883,2020-074AY,1,ECCENTRICITY=HIGH (0.000936 > 0.000535),0.0009362,53.0295,0.00042096,16.46053685
STARLINK-1886,2020-088AZ,1,ECCENTRICITY=HIGH (0.000617 > 0.000535),0.000617,53.0528,0.0010068,16.46835505
STARLINK-1889,2020-088BC,1,ECCENTRICITY=HIGH (0.000632 > 0.000535),0.0006319,53.0306,0.0040205,16.26177084
STARLINK-1890,2020-088BD,1,ECCENTRICITY=HIGH (0.000738 > 0.000535),0.0007382,53.0081,0.00028086,16.45910676
STARLINK-1895,2020-088BF,1,ECCENTRICITY=HIGH (0.000597 > 0.000535),0.0005973,53.034,0.00061492,16.43066884
STARLINK-1897,2020-074Y,1,ECCENTRICITY=HIGH (0.000873 > 0.000535),0.0008725,53.041,0.00091011,16.41686468
STARLINK-1899,2020-074BA,1,ECCENTRICITY=HIGH (0.000653 > 0.000535),0.0006532,53.02,0.0014562,16.40922832
STARLINK-1900,2020-088BG,1,ECCENTRICITY=HIGH (0.001091 > 0.000535),0.001091,53.0596,0.00090621,16.45525817
STARLINK-1902,2020-074AA,1,ECCENTRICITY=HIGH (0.000537 > 0.000535),0.0005374,53.0043,0.000878,16.48525241
STARLINK-1903,2020-074AB,1,ECCENTRICITY=HIGH (0.000576 > 0.000535),0.0005756,52.9944,0.00093897,16.33816165
STARLINK-1906,2020-074AC,1,ECCENTRICITY=HIGH (0.000779 > 0.000535),0.0007789,53.0328,0.00091567,16.38797151
STARLINK-1907,2020-088BH,1,ECCENTRICITY=HIGH (0.000989 > 0.000535),0.0009893,53.015,0.00046944,16.45997355
STARLINK-1908,2020-074J,1,ECCENTRICITY=HIGH (0.000830 > 0.000535),0.0008304,53.0181,0.0012197,16.34287441
STARLINK-1910,2020-074K,1,ECCENTRICITY=HIGH (0.002167 > 0.000535),0.002167,53.0009,0.0015314,16.33376938
STARLINK-1912,2020-088BJ,1,ECCENTRICITY=HIGH (0.000765 > 0.000535),0.00076536,53.0519,0.0021470997,15.56141318
STARLINK-1914,2020-088BL,1,ECCENTRICITY=HIGH (0.000887 > 0.000535),0.0008872,53.0402,0.0030219,16.31518727
STARLINK-1915,2020-074M,1,ECCENTRICITY=HIGH (0.001144 > 0.000535),0.0011441,53.0425,0.0014304,16.41727675
STARLINK-1916,2020-074AD,1,ECCENTRICITY=HIGH (0.000911 > 0.000535),0.0009108,53.0333,0.0004991,16.44866309
STARLINK-1917,2020-074AE,1,ECCENTRICITY=HIGH (0.000608 > 0.000535),0.0006083,53.0359,0.0005377,16.44255836
STARLINK-1918,2020-074AF,1,ECCENTRICITY=HIGH (0.002913 > 0.000535),0.0029132,53.0218,0.00021938,16.51411414
STARLINK-1919,2020-074AG,1,ECCENTRICITY=HIGH (0.000578 > 0.000535),0.0005777,53.0374,0.0032486,16.34796425
STARLINK-1920,2020-074N,1,ECCENTRICITY=HIGH (0.001231 > 0.000535),0.001231,53.0036,0.0020579,16.35945919
STARLINK-1921,2020-074P,1,ECCENTRICITY=HIGH (0.000708 > 0.000535),0.0007084,53.034,0.00062186,16.41354407
STARLINK-1923,2020-074R,1,ECCENTRICITY=HIGH (0.000704 > 0.000535),0.0007043,53.0296,0.001194,16.37847989
STARLINK-1924,2020-074S,1,ECCENTRICITY=HIGH (0.000864 > 0.000535),0.0008635,53.0267,0.0006147,16.41959269
STARLINK-1925,2020-074T,1,ECCENTRICITY=HIGH (0.000841 > 0.000535),0.0008408,53.0138,0.0012239,16.48268014
STARLINK-1927,2020-088BM,1,ECCENTRICITY=HIGH (0.001413 > 0.000535),0.0014127,53.0509,0.0011873,16.38298537
STARLINK-1929,2020-074BB,1,ECCENTRICITY=HIGH (0.002414 > 0.000535),0.0024138,53.0145,0.00062128,16.46739593
STARLINK-1930,2020-074BC,1,ECCENTRICITY=HIGH (0.000882 > 0.000535),0.0008819,53.0188,0.0011028,16.34518778
STARLINK-1932,2020-074AH,1,ECCENTRICITY=HIGH (0.000728 > 0.000535),0.0007276,53.0262,0.0011393,16.43948716
STARLINK-1933,2020-074BE,1,ECCENTRICITY=HIGH (0.000767 > 0.000535),0.0007673,53.034,0.0010831,16.30758744
STARLINK-1935,2020-074AJ,1,ECCENTRICITY=HIGH (0.001110 > 0.000535),0.0011103,53.0413,0.0011212,16.45403155
STARLINK-1936,2020-074AK,1,ECCENTRICITY=HIGH (0.000714 > 0.000535),0.0007145,53.033,0.000575,16.4393126
STARLINK-1937,2020-074AL,1,ECCENTRICITY=HIGH (0.000711 > 0.000535),0.0007112,53.0302,0.0015869,16.43154917
STARLINK-1938,2021-009D,1,ECCENTRICITY=HIGH (0.000639 > 0.000535),0.0006389,53.0204,0.00053694,16.43646985
STARLINK-1939,2020-074AM,1,ECCENTRICITY=HIGH (0.000993 > 0.000535),0.0009929,53.0171,0.002405,16.38531595
STARLINK-1946,2020-074AP,1,ECCENTRICITY=HIGH (0.000579 > 0.000535),0.0005794,53.0219,0.0024749,16.41989887
STARLINK-1948,2020-074BM,1,ECCENTRICITY=HIGH (0.001259 > 0.000535),0.0012587,52.9837,0.0004686,16.44594925
STARLINK-1949,2020-074AQ,1,ECCENTRICITY=HIGH (0.000909 > 0.000535),0.0009085,53.0424,0.0036768,16.24403207
STARLINK-1950,2020-074AR,1,ECCENTRICITY=HIGH (0.000993 > 0.000535),0.0009929,53.0237,0.0020389,16.3809109
STARLINK-1952,2021-005A,1,ECCENTRICITY=HIGH (0.000662 > 0.000535),0.0006623,53.0016,0.0017861,16.44537875
STARLINK-1953,2021-009G,1,ECCENTRICITY=HIGH (0.000755 > 0.000535),0.0007547,53.0321,0.00087064,16.40181792
STARLINK-1956,2021-009K,1,ECCENTRICITY=HIGH (0.000595 > 0.000535),0.0005954,53.0338,0.0010364,16.25720337
STARLINK-1959,2021-009N,1,ECCENTRICITY=HIGH (0.001026 > 0.000535),0.0010257,53.0139,0.00035472,16.45861438
STARLINK-1960,2021-009P,1,ECCENTRICITY=HIGH (0.000991 > 0.000535),0.0009905,53.0201,0.00044478,16.45149143
STARLINK-1961,2021-009Q,1,ECCENTRICITY=HIGH (0.000622 > 0.000535),0.0006219,53.0237,0.00076125,16.41161504
STARLINK-1962,2021-009R,1,ECCENTRICITY=HIGH (0.000812 > 0.000535),0.0008122,53.0449,0.0015475,15.62557338
STARLINK-1963,2021-009S,1,ECCENTRICITY=HIGH (0.000612 > 0.000535),0.0006117,53.0215,0.00038564,16.46808234
STARLINK-1965,2021-009U,1,ECCENTRICITY=HIGH (0.000773 > 0.000535),0.0007733,53.0134,0.0012797,15.82860292
STARLINK-1966,2021-009V,1,ECCENTRICITY=HIGH (0.000795 > 0.000535),0.0007947,53.0012,0.00041151,16.43557308
STARLINK-1968,2021-009X,1,ECCENTRICITY=HIGH (0.000701 > 0.000535),0.0007006,53.0413,0.003676,16.25274572
STARLINK-1970,2021-009Z,1,ECCENTRICITY=HIGH (0.001030 > 0.000535),0.0010305,53.0329,0.0010862,16.32529484
STARLINK-1976,2021-009AC,1,ECCENTRICITY=HIGH (0.000978 > 0.000535),0.0009781,53.0246,0.001035,16.31994009
STARLINK-1977,2021-009AD,1,ECCENTRICITY=HIGH (0.000746 > 0.000535),0.0007459,53.0251,0.00045029,16.45856586
STARLINK-1981,2021-009AH,1,ECCENTRICITY=HIGH (0.001280 > 0.000535),0.0012795,53.0175,0.00031269,16.45985662
STARLINK-1982,2021-009AJ,1,ECCENTRICITY=HIGH (0.001240 > 0.000535),0.0012403,53.0189,0.00027215,16.46787518
STARLINK-1984,2021-009AK,1,ECCENTRICITY=HIGH (0.000607 > 0.000535),0.0006067,53.0259,0.0014257,16.31583757
STARLINK-1985,2021-012M,1,ECCENTRICITY=HIGH (0.000901 > 0.000535),0.0009005,53.0267,0.00094409,16.10757291
STARLINK-1990,2021-009AQ,1,ECCENTRICITY=HIGH (0.000808 > 0.000535),0.0008076,53.0291,0.0010275,16.35187487
STARLINK-1994,2021-009AT,1,ECCENTRICITY=HIGH (0.000917 > 0.000535),0.000917,53.0491,0.00098712,15.57442354
STARLINK-1995,2021-009AU,1,ECCENTRICITY=HIGH (0.000712 > 0.000535),0.0007115,53.0475,0.00080261,15.56662097
STARLINK-1996,2021-009AV,1,ECCENTRICITY=HIGH (0.000653 > 0.000535),0.0006526,53.0268,0.0031067,16.3592826
STARLINK-1997,2021-009AW,1,ECCENTRICITY=HIGH (0.000756 > 0.000535),0.0007557,53.0427,0.00095835,15.65844811
STARLINK-1998,2021-009AX,1,ECCENTRICITY=HIGH (0.000871 > 0.000535),0.000871,53.0316,0.0012562,16.20782513
STARLINK-2000,2021-009AZ,1,ECCENTRICITY=HIGH (0.000548 > 0.000535),0.0005483,53.0195,0.00051788,16.43835243
STARLINK-2004,2021-009BD,1,ECCENTRICITY=HIGH (0.000899 > 0.000535),0.0008987,53.0257,0.0023109,16.35159601
STARLINK-2006,2021-009BF,1,ECCENTRICITY=HIGH (0.000683 > 0.000535),0.0006826,53.0339,0.00063798,16.40608852
STARLINK-2007,2021-009BG,1,ECCENTRICITY=HIGH (0.001034 > 0.000535),0.001034,53.0105,0.0012425,16.40221141
STARLINK-2008,2021-009BH,1,ECCENTRICITY=HIGH (0.000734 > 0.000535),0.0007339,53.0266,0.0007807,16.4198706
STARLINK-2013,2021-012S,1,ECCENTRICITY=HIGH (0.000598 > 0.000535),0.0005985,53.0197,0.00057487,16.45253699
STARLINK-2020,2021-012Y,1,ECCENTRICITY=HIGH (0.000612 > 0.000535),0.0006121,53.0264,0.0010147,16.38527497
STARLINK-2021,2021-009BJ,1,ECCENTRICITY=HIGH (0.000680 > 0.000535),0.0006799,53.0444,0.00096375,15.65493142
STARLINK-2027,2021-012AB,1,ECCENTRICITY=HIGH (0.001286 > 0.000535),0.001286,53.016,0.00038633,16.47836919
STARLINK-2029,2021-036AW,1,BSTAR=HIGH (0.045905 > 0.004463),0.0001257,53.1316,0.045905,15.24306182
STARLINK-2030,2021-012AD,1,ECCENTRICITY=HIGH (0.001202 > 0.000535),0.0012024,53.0232,0.00027888,16.45543286
STARLINK-2032,2021-012AF,1,ECCENTRICITY=HIGH (0.001002 > 0.000535),0.0010023,53.043,0.00090194,15.65852755
STARLINK-2033,2021-012AG,1,BSTAR=HIGH (0.006493 > 0.004463),0.0001501,53.1571,0.0064933,15.30307415
STARLINK-2038,2021-012AL,1,ECCENTRICITY=HIGH (0.000544 > 0.000535),0.000544,53.03,0.00040887,16.45649818
STARLINK-2043,2021-012AR,1,ECCENTRICITY=HIGH (0.000933 > 0.000535),0.000933,53.0142,0.00055467,16.4316428
STARLINK-2047,2021-005G,1,BSTAR=HIGH (0.032534 > 0.004463),0.0001949,53.1386,0.032534,15.25684819
STARLINK-2050,2021-005J,1,BSTAR=HIGH (0.066492 > 0.004463),0.0001618,53.099,0.066492,15.17115365
STARLINK-2053,2021-012AV,1,ECCENTRICITY=HIGH (0.000688 > 0.000535),0.0006882,53.0226,0.00033291,16.47093166
STARLINK-2058,2021-012AZ,1,ECCENTRICITY=HIGH (0.000752 > 0.000535),0.0007521,53.0395,0.00059664,15.82641972
STARLINK-2059,2021-012BA,1,ECCENTRICITY=HIGH (0.001030 > 0.000535),0.0010295,53.0273,0.00036888,16.47186361
STARLINK-2060,2021-012BB,1,ECCENTRICITY=HIGH (0.003193 > 0.000535),0.0031933,53.0584,0.00056945,16.46421909
STARLINK-2062,2021-012BC,1,ECCENTRICITY=HIGH (0.000580 > 0.000535),0.0005803,53.0275,0.00057222,16.45378035
STARLINK-2065,2021-012BE,1,ECCENTRICITY=HIGH (0.000654 > 0.000535),0.00065396,53.1525,0.0010079789,15.69215815
STARLINK-2067,2021-012BG,1,ECCENTRICITY=HIGH (0.000868 > 0.000535),0.0008678,53.0175,0.00026372,16.53466435
STARLINK-2069,2021-005L,1,ECCENTRICITY=HIGH (0.000648 > 0.000535),0.00064754,52.9955,0.0033366839,16.19776909
STARLINK-2070,2021-005M,1,ECCENTRICITY=HIGH (0.000949 > 0.000535),0.0009491,53.0236,0.0035265,16.36545204
STARLINK-2077,2021-005Q,1,ECCENTRICITY=HIGH (0.000739 > 0.000535),0.0007388,53.0279,0.0013966,16.31901158
STARLINK-2079,2021-005R,1,ECCENTRICITY=HIGH (0.000583 > 0.000535),0.0005826,53.0308,0.0020712,16.41953257
STARLINK-2080,2021-005S,1,ECCENTRICITY=HIGH (0.001237 > 0.000535),0.0012372,53.0053,0.0026517,16.3904209
STARLINK-2082,2021-005U,1,BSTAR=HIGH (0.004471 > 0.004463),0.0002314,53.0774,0.0044706,15.12563786
STARLINK-2083,2021-012BJ,1,ECCENTRICITY=HIGH (0.000706 > 0.000535),0.0007057,53.0504,0.0024207,15.55646332
STARLINK-2085,2021-005W,1,ECCENTRICITY=HIGH (0.001177 > 0.000535),0.0011771,53.0496,0.0027092,16.41732854
STARLINK-2086,2021-005X,1,ECCENTRICITY=HIGH (0.000545 > 0.000535),0.0005447,53.0198,0.00043007,16.43907648
STARLINK-2090,2021-012BK,1,ECCENTRICITY=HIGH (0.000559 > 0.000535),0.000559,53.0274,0.00052845,16.44087482
STARLINK-2091,2021-012BL,1,ECCENTRICITY=HIGH (0.000711 > 0.000535),0.0007107,52.9893,0.0025279,16.35628365
STARLINK-2094,2021-005AC,1,BSTAR=HIGH (0.071294 > 0.004463),8.25e-05,53.0834,0.071294,15.13248372
STARLINK-2095,2021-012BM,1,ECCENTRICITY=HIGH (0.000603 > 0.000535),0.0006027,53.0265,0.0016553,15.74924224
STARLINK-21,2019-029L,1,ECCENTRICITY=HIGH (0.000687 > 0.000535),0.0006865,53.0037,0.0014539,16.42788868
STARLINK-2100,2021-005AH,1,BSTAR=HIGH (0.066852 > 0.004463),7.08e-05,53.0527,0.066852,15.15021384
STARLINK-2101,2021-005AJ,1,BSTAR=HIGH (0.047807 > 0.004463),0.0001098,53.1047,0.047807,15.1820284
STARLINK-2118,2021-005AZ,1,ECCENTRICITY=HIGH (0.000589 > 0.000535),0.0005886,53.0303,0.0022501,16.33407735
STARLINK-2125,2021-017D,1,ECCENTRICITY=HIGH (0.000720 > 0.000535),0.0007201,53.0345,0.0011606,16.34610363
STARLINK-2132,2021-017H,1,ECCENTRICITY=HIGH (0.000770 > 0.000535),0.0007698,53.0339,0.0017281,16.36261474
STARLINK-2133,2021-005BK,1,ECCENTRICITY=HIGH (0.000738 > 0.000535),0.00073835,53.0235,0.00077613022,16.36031453
STARLINK-2140,2021-017J,1,BSTAR=HIGH (0.027627 > 0.004463),0.0001259,53.1063,0.027627,15.18371831
STARLINK-2146,2021-017P,1,ECCENTRICITY=HIGH (0.001003 > 0.000535),0.0010027,53.0334,0.00067831,16.41577059
STARLINK-2148,2021-017R,1,ECCENTRICITY=HIGH (0.001210 > 0.000535),0.00121,53.0201,0.0026648,16.36173982
STARLINK-2154,2021-017V,1,ECCENTRICITY=HIGH (0.000982 > 0.000535),0.0009822,53.0223,0.0016994,16.37437916
STARLINK-2158,2021-017Y,1,ECCENTRICITY=HIGH (0.001199 > 0.000535),0.0011986,53.0377,0.0033923,16.36161107
STARLINK-2162,2021-017AC,1,BSTAR=HIGH (0.015517 > 0.004463),0.0001039,53.1589,0.015517,15.46030837
STARLINK-2168,2021-017AF,1,BSTAR=HIGH (0.004917 > 0.004463),0.0002904,53.0345,0.0049173,16.27283085
STARLINK-2172,2021-017AK,1,ECCENTRICITY=HIGH (0.001552 > 0.000535),0.0015522,53.0396,0.0028584,16.28509594
STARLINK-2176,2021-017AN,1,ECCENTRICITY=HIGH (0.000843 > 0.000535),0.0008435,53.0412,0.002761,16.38369764
STARLINK-2177,2021-017AP,1,ECCENTRICITY=HIGH (0.000645 > 0.000535),0.0006452,53.0246,0.0031496,16.40965658
STARLINK-2179,2021-017AR,1,ECCENTRICITY=HIGH (0.000554 > 0.000535),0.0005538,53.0265,0.00041125,16.46326158
STARLINK-2182,2021-017AU,1,ECCENTRICITY=HIGH (0.000828 > 0.000535),0.000828,53.0235,0.00034011,16.44214951
STARLINK-2184,2021-017AW,1,ECCENTRICITY=HIGH (0.000980 > 0.000535),0.0009798,53.0328,0.00069079,16.40165202
STARLINK-2187,2021-041K,1,BSTAR=HIGH (0.005347 > 0.004463),0.0001357,53.1604,0.0053472,15.30974859
STARLINK-2191,2021-041N,1,ECCENTRICITY=HIGH (0.000707 > 0.000535),0.0007067,53.0087,0.00029921,16.47833897
STARLINK-2192,2021-017AZ,1,ECCENTRICITY=HIGH (0.000588 > 0.000535),0.0005879,53.0196,0.0004988,16.44978566
STARLINK-2197,2021-017BE,1,ECCENTRICITY=HIGH (0.000588 > 0.000535),0.0005877,53.0301,0.0003391,16.5005881
STARLINK-2198,2021-017BF,1,ECCENTRICITY=HIGH (0.000587 > 0.000535),0.0005873,53.0214,0.00063639,16.43528035
STARLINK-2210,2021-017BH,1,ECCENTRICITY=HIGH (0.000796 > 0.000535),0.000796,53.0249,0.00042865,16.45244964
STARLINK-2211,2021-017BJ,1,BSTAR=HIGH (0.017050 > 0.004463),0.0001103,53.1612,0.01705,15.37477087
STARLINK-2216,2021-024AM,1,ECCENTRICITY=HIGH (0.000688 > 0.000535),0.000688,53.0135,0.0021349,16.42242396
STARLINK-2223,2021-017BM,1,ECCENTRICITY=HIGH (0.000576 > 0.000535),0.0005758,53.0309,0.001084,16.33297609
STARLINK-2233,2021-041AC,1,BSTAR=HIGH (0.005354 > 0.004463),0.000513,53.0426,0.0053538,16.20378515
STARLINK-2239,2021-024AS,1,ECCENTRICITY=HIGH (0.001040 > 0.000535),0.0010396,53.0257,0.0017717,16.42327626
STARLINK-2243,2021-024AN,1,ECCENTRICITY=HIGH (0.000596 > 0.000535),0.0005956,53.0209,0.00052786,16.4465338
STARLINK-2246,2021-041AP,1,ECCENTRICITY=HIGH (0.000950 > 0.000535),0.0009505,53.0349,0.0027439,16.33902926
STARLINK-2247,2021-040U,1,BSTAR=HIGH (0.006127 > 0.004463),0.0004879,53.0428,0.0061266,16.21283769
STARLINK-2255,2021-041AW,1,BSTAR=HIGH (0.007099 > 0.004463),0.000187,53.1579,0.0070988,15.30002666
STARLINK-2258,2021-021A,1,ECCENTRICITY=HIGH (0.000702 > 0.000535),0.0007025,53.0321,0.00091442,16.38361482
STARLINK-2259,2021-024AG,1,ECCENTRICITY=HIGH (0.000629 > 0.000535),0.0006288,53.0262,0.0026147,16.38204287
STARLINK-2260,2021-024V,1,ECCENTRICITY=HIGH (0.000642 > 0.000535),0.0006415,53.0106,0.00042362,16.46011684
STARLINK-2261,2021-024AD,1,ECCENTRICITY=HIGH (0.000804 > 0.000535),0.0008042,53.0137,0.0035965,16.29338516
STARLINK-2264,2021-024BD,1,ECCENTRICITY=HIGH (0.000615 > 0.000535),0.0006153,53.027,0.00060128,16.41606423
STARLINK-2271,2021-024AH,1,ECCENTRICITY=HIGH (0.000587 > 0.000535),0.0005873,53.0265,0.00066658,16.44102317
STARLINK-2273,2021-024S,1,BSTAR=HIGH (0.005636 > 0.004463),0.0001285,53.1231,0.0056358,15.22765756
STARLINK-2275,2021-041AZ,1,ECCENTRICITY=HIGH (0.000969 > 0.000535),0.0009691,53.0319,0.00027394,16.47151683
STARLINK-2276,2021-041BA,1,ECCENTRICITY=HIGH (0.001257 > 0.000535),0.001257,53.0429,0.0021469,16.28904837
STARLINK-2278,2021-024BB,1,ECCENTRICITY=HIGH (0.001012 > 0.000535),0.0010121,53.0415,0.0021897,16.42596041
STARLINK-2281,2021-024AQ,1,ECCENTRICITY=HIGH (0.002271 > 0.000535),0.0022711,52.9542,0.00086601,16.43043185
STARLINK-2283,2021-024AP,1,ECCENTRICITY=HIGH (0.000748 > 0.000535),0.0007475,53.0371,0.00081457,16.41855164
STARLINK-2284,2021-024AR,1,ECCENTRICITY=HIGH (0.000788 > 0.000535),0.0007882,53.0162,0.00036711,16.46735785
STARLINK-2286,2021-024BJ,1,ECCENTRICITY=HIGH (0.000919 > 0.000535),0.0009188,53.0335,0.0010397,16.34332187
STARLINK-2287,2021-024BL,1,ECCENTRICITY=HIGH (0.000946 > 0.000535),0.0009456,53.0322,0.0029854,16.30620198
STARLINK-2288,2021-024BK,1,ECCENTRICITY=HIGH (0.000778 > 0.000535),0.0007779,53.0341,0.00099764,16.38723877
STARLINK-2289,2021-024G,1,ECCENTRICITY=HIGH (0.000852 > 0.000535),0.0008518,53.0305,0.0032983,16.32435068
STARLINK-2294,2021-024AV,1,ECCENTRICITY=HIGH (0.000741 > 0.000535),0.000741,53.0299,0.0010972,16.38278407
STARLINK-2295,2021-024BM,1,ECCENTRICITY=HIGH (0.000798 > 0.000535),0.0007985,53.0271,0.00052837,16.45339422
STARLINK-2301,2021-024AW,1,ECCENTRICITY=HIGH (0.001031 > 0.000535),0.0010309,53.0253,0.0003619,16.47123037
STARLINK-2302,2021-024AZ,1,ECCENTRICITY=HIGH (0.005114 > 0.000535),0.0051143,53.0023,0.00046491,16.45073709
STARLINK-2304,2021-021E,1,ECCENTRICITY=HIGH (0.000538 > 0.000535),0.0005375,53.0263,0.00066859,16.42957095
STARLINK-2309,2021-024U,1,ECCENTRICITY=HIGH (0.001023 > 0.000535),0.00102283,53.0228,0.00030073139,16.45181496
STARLINK-2313,2021-024K,1,ECCENTRICITY=HIGH (0.000795 > 0.000535),0.0007948,53.0036,0.0013578,16.44270126
STARLINK-2316,2021-024H,1,ECCENTRICITY=HIGH (0.000794 > 0.000535),0.0007937,53.0303,0.0028471,16.30872857
STARLINK-2317,2021-024F,1,ECCENTRICITY=HIGH (0.000722 > 0.000535),0.000722,53.019,0.00046554,16.45037195
STARLINK-2318,2021-024BA,1,ECCENTRICITY=HIGH (0.000804 > 0.000535),0.0008042,53.0274,0.0028446,16.32615543
STARLINK-2320,2021-021G,1,ECCENTRICITY=HIGH (0.000574 > 0.000535),0.000574,53.0333,0.00083579,16.39654297
STARLINK-2328,2021-021N,1,ECCENTRICITY=HIGH (0.001029 > 0.000535),0.0010288,53.0395,0.003533,15.8946113
STARLINK-2330,2021-021Q,1,BSTAR=HIGH (0.039555 > 0.004463),9.08e-05,53.1133,0.039555,15.19996266
STARLINK-2337,2021-021W,1,ECCENTRICITY=HIGH (0.000938 > 0.000535),0.0009381,53.0213,0.00025867,16.49041975
STARLINK-2341,2021-018H,1,ECCENTRICITY=HIGH (0.000885 > 0.000535),0.0008848,53.0223,0.0025,16.44634197
STARLINK-2342,2021-021Z,1,BSTAR=HIGH (0.004694 > 0.004463),9.33e-05,53.1596,0.0046944,15.44499797
STARLINK-2343,2021-021AA,1,BSTAR=HIGH (0.004467 > 0.004463),0.0001657,53.1529,0.0044667,15.29196768
STARLINK-2345,2021-021AC,1,ECCENTRICITY=HIGH (0.000665 > 0.000535),0.0006646,53.0284,0.0042379,16.32311469
STARLINK-2346,2021-021AD,1,BSTAR=HIGH (0.034904 > 0.004463),0.00014,53.136,0.034904,15.25188827
STARLINK-2348,2021-021AE,1,ECCENTRICITY=HIGH (0.001125 > 0.000535),0.0011245,53.0303,0.00048834,16.44679878
STARLINK-2350,2021-021AG,1,ECCENTRICITY=HIGH (0.000759 > 0.000535),0.0007594,52.9984,0.0017011,16.43078655
STARLINK-2353,2021-021AK,1,ECCENTRICITY=HIGH (0.000892 > 0.000535),0.0008917,53.0247,0.00085397,16.45878566
STARLINK-2357,2021-021AP,1,ECCENTRICITY=HIGH (0.000865 > 0.000535),0.0008646,53.0205,0.0010598,16.42650294
STARLINK-2359,2021-021AR,1,ECCENTRICITY=HIGH (0.000697 > 0.000535),0.000697,53.008,0.00097067,16.44876487
STARLINK-2360,2021-021AS,1,ECCENTRICITY=HIGH (0.001236 > 0.000535),0.0012361,53.0256,0.00080147,16.4156899
STARLINK-2365,2021-021AX,1,ECCENTRICITY=HIGH (0.000594 > 0.000535),0.000594,53.0294,0.0010138,16.38020719
STARLINK-2366,2021-021AY,1,ECCENTRICITY=HIGH (0.001411 > 0.000535),0.0014111,52.9756,0.0015278,16.42635037
STARLINK-2367,2021-021AZ,1,BSTAR=HIGH (0.032154 > 0.004463),6.78e-05,53.1513,0.032154,15.28570187
STARLINK-2368,2021-021BA,1,ECCENTRICITY=HIGH (0.000601 > 0.000535),0.00060115,53.0305,0.00045604735,16.43405093
STARLINK-2374,2021-021BF,1,ECCENTRICITY=HIGH (0.001252 > 0.000535),0.0012523,53.0334,0.00032714,16.45812783
STARLINK-2376,2021-021BH,1,ECCENTRICITY=HIGH (0.001002 > 0.000535),0.0010015,53.0239,0.0035908,16.31290962
STARLINK-2380,2021-018N,1,BSTAR=HIGH (0.054098 > 0.004463),0.0001243,53.0964,0.054098,15.1603382
STARLINK-2384,2021-018S,1,ECCENTRICITY=HIGH (0.000755 > 0.000535),0.0007552,53.0342,0.0011213,16.33449201
STARLINK-2390,2021-018Y,1,ECCENTRICITY=HIGH (0.000708 > 0.000535),0.000708,53.0212,0.00076252,16.35594942
STARLINK-2392,2021-018AA,1,ECCENTRICITY=HIGH (0.001336 > 0.000535),0.0013355,53.0472,0.0017956,16.46462032
STARLINK-2394,2021-018AC,1,ECCENTRICITY=HIGH (0.000825 > 0.000535),0.0008246,53.0314,0.0037072,16.28152752
STARLINK-2398,2021-021BL,1,ECCENTRICITY=HIGH (0.000568 > 0.000535),0.000568,53.0363,0.0011196,16.3020902
STARLINK-24,2019-029D,1,ECCENTRICITY=HIGH (0.000713 > 0.000535),0.0007129,52.9908,0.0041432,16.35579023
STARLINK-2403,2021-018AK,1,ECCENTRICITY=HIGH (0.000664 > 0.000535),0.0006643,53.0448,0.0013017,16.3034371
STARLINK-2405,2021-021BM,1,BSTAR=HIGH (0.037469 > 0.004463),0.0001185,53.1425,0.037469,15.26599476
STARLINK-2413,2021-018AS,1,BSTAR=HIGH (0.049697 > 0.004463),0.0001285,53.1029,0.049697,15.17717736
STARLINK-2437,2021-027L,1,ECCENTRICITY=HIGH (0.000753 > 0.000535),0.00075258,53.027,0.00076838197,16.40730924
STARLINK-2441,2021-036BM,1,ECCENTRICITY=HIGH (0.000610 > 0.000535),0.00061,53.0049,0.0022154,16.42418685
STARLINK-2442,2021-027Q,1,BSTAR=HIGH (0.069547 > 0.004463),6.52e-05,53.0929,0.069547,15.15471304
STARLINK-2443,2021-027R,1,BSTAR=HIGH (0.004689 > 0.004463),0.0001807,53.0687,0.0046891,15.11078537
STARLINK-2444,2021-027S,1,ECCENTRICITY=HIGH (0.000695 > 0.000535),0.0006952,53.0218,0.0026406,16.34279667
STARLINK-2451,2021-027Y,1,ECCENTRICITY=HIGH (0.001151 > 0.000535),0.0011513,52.9864,0.00051333,16.44327929
STARLINK-2456,2021-018BM,1,ECCENTRICITY=HIGH (0.001100 > 0.000535),0.0011003,53.0387,0.003503,16.35584136
STARLINK-2459,2021-027AD,1,BSTAR=HIGH (0.051995 > 0.004463),0.0001392,53.0757,0.051995,15.11800567
STARLINK-2463,2021-027AG,1,ECCENTRICITY=HIGH (0.000591 > 0.000535),0.0005911,53.0267,0.00039791,16.47213842
STARLINK-2467,2021-027AL,1,BSTAR=HIGH (0.079382 > 0.004463),0.0002138,53.0783,0.079382,15.12261673
STARLINK-2469,2021-027AN,1,BSTAR=HIGH (0.004906 > 0.004463),0.0001825,53.1065,0.0049063,15.19148204
STARLINK-2482,2021-027AZ,1,BSTAR=HIGH (0.046112 > 0.004463),0.0001289,53.081,0.046112,15.12889759
STARLINK-2485,2021-027BC,1,BSTAR=HIGH (0.005124 > 0.004463),0.00016211,53.0548,0.0051240068,15.06763849
STARLINK-2487,2021-027BE,1,BSTAR=HIGH (0.075579 > 0.004463),0.0001038,53.0832,0.075579,15.13376769
STARLINK-2490,2021-027BH,1,BSTAR=HIGH (0.004549 > 0.004463),0.0003247,53.0286,0.0045489,16.33123474
STARLINK-2492,2021-027BK,1,BSTAR=HIGH (0.071778 > 0.004463),0.0002023,53.0909,0.071778,15.14957944
STARLINK-2493,2021-027BL,1,BSTAR=HIGH (0.064492 > 0.004463),0.0002029,53.092,0.064492,15.15323507
STARLINK-2495,2021-036BB,1,BSTAR=HIGH (0.005517 > 0.004463),0.0002036,53.1512,0.0055173,15.29150743
STARLINK-2498,2021-036BC,1,BSTAR=HIGH (0.032202 > 0.004463),0.0001626,53.1474,0.032202,15.2721283
STARLINK-2508,2021-040AE,1,BSTAR=HIGH (0.005628 > 0.004463),0.0001681,53.0322,0.0056285,16.27090294
STARLINK-2509,2021-036AU,1,BSTAR=HIGH (0.049901 > 0.004463),0.0001926,53.121,0.049901,15.2180333
STARLINK-2515,2021-036AZ,1,BSTAR=HIGH (0.004641 > 0.004463),0.0001583,53.1522,0.0046409,15.29202431
STARLINK-2520,2021-036F,1,ECCENTRICITY=HIGH (0.000812 > 0.000535),0.0008118,53.0361,0.0010165,16.34198133
STARLINK-2536,2021-036AL,1,BSTAR=HIGH (0.005186 > 0.004463),0.0001664,53.1541,0.0051855,15.29134088
STARLINK-2546,2021-036W,1,ECCENTRICITY=HIGH (0.000596 > 0.000535),0.0005963,53.0392,0.0011077,16.34356196
STARLINK-2556,2021-036AC,1,ECCENTRICITY=HIGH (0.000538 > 0.000535),0.0005378,53.0241,0.00035494,16.49153892
STARLINK-2562,2021-036N,1,ECCENTRICITY=HIGH (0.000755 > 0.000535),0.0007551,53.0284,0.00078528,16.39191342
STARLINK-2563,2021-038BK,1,BSTAR=HIGH (0.061379 > 0.004463),0.0001162,53.1443,0.061379,15.26843401
STARLINK-2580,2021-036D,1,ECCENTRICITY=HIGH (0.000656 > 0.000535),0.0006564,53.0356,0.0010666,16.3352596
STARLINK-2588,2021-038AX,1,ECCENTRICITY=HIGH (0.000597 > 0.000535),0.0005974,53.0732,0.002189,15.15193137
STARLINK-2595,2021-038BG,1,ECCENTRICITY=HIGH (0.000862 > 0.000535),0.00086217,53.0079,0.0012763323,16.3135178
STARLINK-2599,2021-038AG,1,ECCENTRICITY=HIGH (0.001318 > 0.000535),0.0013183,53.0305,0.0042393,16.25391218
STARLINK-2602,2021-038AS,1,ECCENTRICITY=HIGH (0.000542 > 0.000535),0.0005418,53.0469,0.00082712,16.39758528
STARLINK-2617,2021-044BD,1,ECCENTRICITY=HIGH (0.000834 > 0.000535),0.0008336,53.0328,0.00081947,16.34740949
STARLINK-2626,2021-038L,1,ECCENTRICITY=HIGH (0.000753 > 0.000535),0.0007526,53.0237,0.0016693,16.39537857
STARLINK-2631,2021-038P,1,ECCENTRICITY=HIGH (0.000739 > 0.000535),0.0007394,53.031,0.00073614,16.40691725
STARLINK-2632,2021-040W,1,BSTAR=HIGH (0.005537 > 0.004463),0.0003606,53.0347,0.0055371,16.23186927
STARLINK-2638,2021-040BB,1,ECCENTRICITY=HIGH (0.000957 > 0.000535),0.0009567,53.0189,0.001094,16.43956428
STARLINK-2652,2021-040Z,1,ECCENTRICITY=HIGH (0.000649 > 0.000535),0.0006489,53.0328,0.0036555,16.3332055
STARLINK-2653,2021-044AD,1,BSTAR=HIGH (0.004724 > 0.004463),0.0002102,53.0305,0.0047238,16.28693205
STARLINK-2659,2021-040AR,1,BSTAR=HIGH (0.053896 > 0.004463),0.0001927,53.1486,0.053896,15.27844743
STARLINK-2661,2021-040AT,1,BSTAR=HIGH (0.039056 > 0.004463),0.0001375,53.1498,0.039056,15.28410789
STARLINK-2681,2021-040AP,1,BSTAR=HIGH (0.061627 > 0.004463),0.000164,53.1383,0.061627,15.25533306
STARLINK-2684,2021-040AV,1,BSTAR=HIGH (0.020211 > 0.004463),7.9e-05,53.1537,0.020211,15.28890909
STARLINK-2685,2021-040AS,1,BSTAR=HIGH (0.058159 > 0.004463),0.0001623,53.1365,0.058159,15.25271353
STARLINK-2687,2021-040AQ,1,BSTAR=HIGH (0.054462 > 0.004463),0.0001036,53.1432,0.054462,15.26725274
STARLINK-2690,2021-040BE,1,ECCENTRICITY=HIGH (0.002044 > 0.000535),0.0020436,53.0059,0.0011649,16.42139045
STARLINK-2691,2021-044K,1,ECCENTRICITY=HIGH (0.000551 > 0.000535),0.0005513,53.0365,0.0006315,16.43543036
STARLINK-2693,2021-040AK,1,ECCENTRICITY=HIGH (0.000580 > 0.000535),0.0005801,53.0315,0.0012442,16.32316456
STARLINK-2696,2021-040BJ,1,ECCENTRICITY=HIGH (0.000666 > 0.000535),0.00066633,53.0153,0.003957019,16.24797635
STARLINK-2699,2021-040F,1,BSTAR=HIGH (0.068465 > 0.004463),4.19e-05,53.0997,0.068465,15.16985109
STARLINK-2700,2021-040D,1,BSTAR=HIGH (0.073164 > 0.004463),0.0001261,53.0887,0.073164,15.14689937
STARLINK-2708,2021-044Z,1,ECCENTRICITY=HIGH (0.000725 > 0.000535),0.0007249,52.9981,0.00027866,16.48219523
STARLINK-2709,2021-044AC,1,ECCENTRICITY=HIGH (0.000863 > 0.000535),0.0008633,53.0312,0.00045711,16.45047046
STARLINK-2715,2021-044BM,1,ECCENTRICITY=HIGH (0.000785 > 0.000535),0.0007854,52.993,0.00050331,16.49582148
STARLINK-2727,2021-044Q,1,BSTAR=HIGH (0.026800 > 0.004463),0.0001368,53.051,0.0268,15.37177776
STARLINK-2729,2021-040C,1,ECCENTRICITY=HIGH (0.002643 > 0.000535),0.0026434,53.0675,0.0011392,16.42022762
STARLINK-2733,2021-044H,1,ECCENTRICITY=HIGH (0.000750 > 0.000535),0.0007505,53.0188,0.00033637,16.45010751
STARLINK-2737,2021-044AP,1,BSTAR=HIGH (0.006651 > 0.004463),6.27e-05,53.0379,0.0066509,16.34372668
STARLINK-2758,2021-044A,1,ECCENTRICITY=HIGH (0.001818 > 0.000535),0.0018177,53.025,0.00086309,16.44532325
STARLINK-28,2019-029H,1,ECCENTRICITY=HIGH (0.000603 > 0.000535),0.000603,52.9881,0.00010198,16.52223162
STARLINK-29,2019-029J,1,ECCENTRICITY=HIGH (0.000811 > 0.000535),0.0008105,52.9786,0.00010982,16.50981164
STARLINK-30037,2023-026T,1,ECCENTRICITY=HIGH (0.003031 > 0.000535),0.0030305,42.9837,0.0010252,16.32895436
STARLINK-30038,2023-026B,1,ECCENTRICITY=HIGH (0.001111 > 0.000535),0.0011107,42.9813,0.0020037,16.21129109
STARLINK-3004,2021-059B,1,INCLINATION=HIGH (97.659100 > 83.857200),0.0002213,97.6591,0.00015461,15.01264689
STARLINK-30040,2023-026C,1,BSTAR=HIGH (0.005797 > 0.004463),0.0002579,42.9809,0.0057969,16.29187241
STARLINK-30041,2023-119M,1,BSTAR=HIGH (0.058096 > 0.004463),0.0001586,43.0015,0.058096,15.18469028
STARLINK-30042,2023-026H,1,ECCENTRICITY=HIGH (0.000803 > 0.000535),0.0008031,42.981,0.0010845,16.32165602
STARLINK-30043,2023-102P,1,BSTAR=HIGH (0.028549 > 0.004463),0.0001095,43.0005,0.028549,15.18441416
STARLINK-30047,2023-026Q,1,ECCENTRICITY=HIGH (0.001027 > 0.000535),0.0010271,42.9846,0.0020231,16.28320771
STARLINK-30048,2023-026S,1,ECCENTRICITY=HIGH (0.001081 > 0.000535),0.0010811,42.98,0.00059184,16.41917216
STARLINK-30049,2023-056J,1,BSTAR=HIGH (0.032801 > 0.004463),0.0001854,43.0005,0.032801,15.25863608
STARLINK-3005,2021-059C,1,INCLINATION=HIGH (97.658800 > 83.857200),0.0002361,97.6588,9.8928e-05,15.01263334
STARLINK-30050,2023-026A,1,ECCENTRICITY=HIGH (0.000983 > 0.000535),0.0009832,42.9867,0.0031565,16.37694755
STARLINK-30051,2023-026K,1,ECCENTRICITY=HIGH (0.001288 > 0.000535),0.0012881,42.9853,0.00080809,16.39359585
STARLINK-30052,2023-119K,1,BSTAR=HIGH (0.044724 > 0.004463),0.0001642,42.9994,0.044724,15.21190225
STARLINK-30055,2023-026E,1,ECCENTRICITY=HIGH (0.001338 > 0.000535),0.0013378,42.9904,0.0040694,16.26833846
STARLINK-30056,2023-119W,1,BSTAR=HIGH (0.043237 > 0.004463),0.0001462,43.0011,0.043237,15.20683735
STARLINK-30058,2023-026P,1,ECCENTRICITY=HIGH (0.000831 > 0.000535),0.0008312,42.985,0.0012608,16.46886742
STARLINK-30059,2023-026V,1,ECCENTRICITY=HIGH (0.001647 > 0.000535),0.0016471,42.9897,0.0036445,16.18790309
STARLINK-30060,2023-026N,1,ECCENTRICITY=HIGH (0.001140 > 0.000535),0.0011401,43.0011,0.0033416,16.27093362
STARLINK-30061,2023-026D,1,ECCENTRICITY=HIGH (0.000978 > 0.000535),0.0009785,42.9811,0.00096414,16.29630212
STARLINK-30064,2023-026F,1,ECCENTRICITY=HIGH (0.002732 > 0.000535),0.0027316,42.9973,0.0025563,16.21869713
STARLINK-30071,2023-067W,1,BSTAR=HIGH (0.058448 > 0.004463),0.0001833,42.9994,0.058448,15.16349892
STARLINK-30072,2023-113G,1,BSTAR=HIGH (0.055933 > 0.004463),0.0002094,42.9998,0.055933,15.24156943
STARLINK-30074,2023-113P,1,BSTAR=HIGH (0.031880 > 0.004463),0.0002114,43.0011,0.03188,15.24150453
STARLINK-30075,2023-119Q,1,BSTAR=HIGH (0.041353 > 0.004463),0.0001707,43.0008,0.041353,15.24896095
STARLINK-30076,2023-079S,1,BSTAR=HIGH (0.057145 > 0.004463),0.0001075,43.0005,0.057145,15.19568652
STARLINK-30083,2023-056K,1,BSTAR=HIGH (0.036040 > 0.004463),0.0001112,42.9988,0.03604,15.25958551
STARLINK-30084,2023-079C,1,BSTAR=HIGH (0.005018 > 0.004463),0.0001564,43.0,0.0050181,15.26534031
STARLINK-30090,2023-056H,1,BSTAR=HIGH (0.019823 > 0.004463),0.0001629,43.0003,0.019823,15.32524075
STARLINK-30096,2023-056A,1,ECCENTRICITY=HIGH (0.000872 > 0.000535),0.0008722,42.9937,0.0024326,16.13831722
STARLINK-30097,2023-056T,1,ECCENTRICITY=HIGH (0.001409 > 0.000535),0.0014089,42.9716,0.00085403,16.38811302
STARLINK-30100,2023-119X,1,BSTAR=HIGH (0.049387 > 0.004463),0.000176,43.0004,0.049387,15.19780721
STARLINK-30110,2023-107T,1,ECCENTRICITY=HIGH (0.001603 > 0.000535),0.00160283,42.9655,0.001114045,16.32642481
STARLINK-30114,2023-079D,1,BSTAR=HIGH (0.046560 > 0.004463),0.0001554,43.0006,0.04656,15.23115172
STARLINK-30119,2023-079A,1,BSTAR=HIGH (0.050036 > 0.004463),0.0001521,43.001,0.050036,15.21601736
STARLINK-30120,2023-079B,1,BSTAR=HIGH (0.051132 > 0.004463),0.0001455,43.0006,0.051132,15.20472009
STARLINK-30126,2023-067G,1,BSTAR=HIGH (0.073291 > 0.004463),0.0002213,42.9992,0.073291,15.25103822
STARLINK-30128,2023-079K,1,BSTAR=HIGH (0.057120 > 0.004463),0.0001519,42.9999,0.05712,15.1894087
STARLINK-30131,2023-079L,1,BSTAR=HIGH (0.051751 > 0.004463),0.0002086,43.001,0.051751,15.19994342
STARLINK-30132,2023-067R,1,BSTAR=HIGH (0.061984 > 0.004463),0.0001296,42.999,0.061984,15.24125732
STARLINK-30133,2023-079Q,1,BSTAR=HIGH (0.035945 > 0.004463),9.83e-05,43.0025,0.035945,15.2433574
STARLINK-30134,2023-079H,1,ECCENTRICITY=HIGH (0.000545 > 0.000535),0.0005449,42.9934,0.00033859,16.46370826
STARLINK-30135,2023-079V,1,BSTAR=HIGH (0.055411 > 0.004463),0.0001891,43.0001,0.055411,15.21439479
STARLINK-30136,2023-079X,1,BSTAR=HIGH (0.028972 > 0.004463),0.0001726,43.0029,0.028972,15.20856326
STARLINK-30137,2023-079W,1,BSTAR=HIGH (0.037993 > 0.004463),0.0001823,43.0021,0.037993,15.23028361
STARLINK-30138,2023-119D,1,BSTAR=HIGH (0.038818 > 0.004463),0.0001871,43.0021,0.038818,15.21349819
STARLINK-30139,2023-079G,1,ECCENTRICITY=HIGH (0.001254 > 0.000535),0.001254,42.9951,0.00075468,16.35519852
STARLINK-30141,2023-119U,1,BSTAR=HIGH (0.034281 > 0.004463),0.0001783,43.0032,0.034281,15.23612273
STARLINK-30143,2023-079J,1,BSTAR=HIGH (0.004744 > 0.004463),0.0003185,42.9961,0.0047445,16.22741372
STARLINK-30148,2023-119R,1,BSTAR=HIGH (0.032300 > 0.004463),0.0001772,43.0038,0.0323,15.24579045
STARLINK-30150,2023-119V,1,BSTAR=HIGH (0.042987 > 0.004463),0.0001613,43.0006,0.042987,15.2320202
STARLINK-30151,2023-079E,1,BSTAR=HIGH (0.053558 > 0.004463),0.0001348,43.0014,0.053558,15.20109947
STARLINK-30152,2023-079F,1,BSTAR=HIGH (0.052080 > 0.004463),0.0001639,42.9999,0.05208,15.21909001
STARLINK-30156,2023-107K,1,ECCENTRICITY=HIGH (0.001119 > 0.000535),0.0011191,42.987,0.001021,16.30550441
STARLINK-30159,2023-105L,1,BSTAR=HIGH (0.004923 > 0.004463),0.00032225,42.9903,0.004923227,16.15549679
STARLINK-30162,2023-105S,1,BSTAR=HIGH (0.046020 > 0.004463),0.0001807,42.9995,0.04602,15.17684775
STARLINK-30163,2023-096V,1,ECCENTRICITY=HIGH (0.001016 > 0.000535),0.00101578,42.9743,0.0013961364,16.30471755
STARLINK-30165,2023-107A,1,BSTAR=HIGH (0.004993 > 0.004463),0.00023663,43.0018,0.0049933451,15.27338715
STARLINK-30166,2023-119A,1,BSTAR=HIGH (0.045727 > 0.004463),0.0001427,43.0011,0.045727,15.22638092
STARLINK-30167,2023-107X,1,ECCENTRICITY=HIGH (0.000726 > 0.000535),0.0007263,42.9528,0.00061534,16.392693
STARLINK-30174,2023-119H,1,BSTAR=HIGH (0.050921 > 0.004463),0.0001841,43.0005,0.050921,15.20971385
STARLINK-30177,2023-096R,1,ECCENTRICITY=HIGH (0.002296 > 0.000535),0.00229592,42.9683,0.0039143548,16.18871213
STARLINK-30183,2023-105G,1,ECCENTRICITY=HIGH (0.001404 > 0.000535),0.00140435,42.964,0.0014399898,16.24088224
STARLINK-30187,2023-107S,1,ECCENTRICITY=HIGH (0.001652 > 0.000535),0.0016524,42.9924,0.0013624,15.82864935
STARLINK-30190,2023-107Q,1,ECCENTRICITY=HIGH (0.001812 > 0.000535),0.00181162,42.9647,0.0016443407,16.15280163
STARLINK-30192,2023-102B,1,ECCENTRICITY=HIGH (0.000979 > 0.000535),0.000979,42.9877,0.0027007,16.11754313
STARLINK-30199,2023-096K,1,ECCENTRICITY=HIGH (0.000540 > 0.000535),0.0005398,42.9682,0.0020926,16.29169021
STARLINK-30200,2023-096S,1,ECCENTRICITY=HIGH (0.001792 > 0.000535),0.00179234,42.9579,0.0044405404,16.21308952
STARLINK-30205,2023-102E,1,BSTAR=HIGH (0.028627 > 0.004463),0.000177,43.0008,0.028627,15.18392285
STARLINK-30208,2023-102M,1,BSTAR=HIGH (0.025573 > 0.004463),9.4e-05,43.0012,0.025573,15.19718343
STARLINK-30209,2023-096T,1,ECCENTRICITY=HIGH (0.002313 > 0.000535),0.00231269,42.9575,0.0021000159,16.25821908
STARLINK-30210,2023-096C,1,ECCENTRICITY=HIGH (0.002197 > 0.000535),0.00219676,42.9614,0.0014691202,16.09760918
STARLINK-30211,2023-096Q,1,ECCENTRICITY=HIGH (0.002837 > 0.000535),0.0028374,42.9779,0.001736,16.27838191
STARLINK-30218,2023-119C,1,BSTAR=HIGH (0.050043 > 0.004463),0.0001498,43.0003,0.050043,15.21008239
STARLINK-30220,2023-119T,1,ECCENTRICITY=HIGH (0.001164 > 0.000535),0.0011642,42.9786,0.00076941,16.35302397
STARLINK-30222,2023-102F,1,BSTAR=HIGH (0.042804 > 0.004463),0.0001532,42.9994,0.042804,15.21592982
STARLINK-30228,2023-113H,1,ECCENTRICITY=HIGH (0.002165 > 0.000535),0.00216485,42.9664,0.0016502599,16.09843406
STARLINK-30232,2023-096P,1,ECCENTRICITY=HIGH (0.001153 > 0.000535),0.001153,42.9626,0.0023127,16.31722938
STARLINK-30238,2023-096G,1,ECCENTRICITY=HIGH (0.002335 > 0.000535),0.0023351,42.9662,0.0043564696,16.1583906
STARLINK-30240,2023-102A,1,BSTAR=HIGH (0.041132 > 0.004463),0.0001395,42.9986,0.041132,15.21482271
STARLINK-30241,2023-096J,1,ECCENTRICITY=HIGH (0.002153 > 0.000535),0.00215314,42.9571,0.0035152158,16.23826978
STARLINK-30244,2023-119N,1,BSTAR=HIGH (0.063114 > 0.004463),0.0001368,43.0018,0.063114,15.18081519
STARLINK-30245,2023-119L,1,BSTAR=HIGH (0.040892 > 0.004463),0.0001507,43.0019,0.040892,15.20896677
STARLINK-30246,2023-119P,1,BSTAR=HIGH (0.055896 > 0.004463),0.0001632,43.0011,0.055896,15.16865516
STARLINK-30248,2023-119J,1,BSTAR=HIGH (0.050563 > 0.004463),0.0001289,43.0002,0.050563,15.20658978
STARLINK-30249,2023-119S,1,BSTAR=HIGH (0.029934 > 0.004463),0.0001849,43.0038,0.029934,15.25079727
STARLINK-30255,2023-119E,1,BSTAR=HIGH (0.005261 > 0.004463),0.0001378,43.0004,0.0052606,15.1864199
STARLINK-30258,2023-119G,1,BSTAR=HIGH (0.059531 > 0.004463),0.0002302,43.0006,0.059531,15.15518624
STARLINK-30284,2023-144P,1,BSTAR=HIGH (0.039090 > 0.004463),0.0001373,43.0002,0.03909,15.21720159
STARLINK-30289,2023-122X,1,BSTAR=HIGH (0.053049 > 0.004463),0.0002135,43.0003,0.053049,15.17106259
STARLINK-30294,2023-122V,1,BSTAR=HIGH (0.037994 > 0.004463),0.0001712,43.0021,0.037994,15.2130608
STARLINK-30304,2023-138A,1,ECCENTRICITY=HIGH (0.001793 > 0.000535),0.0017926,42.9716,0.0034821012,16.2102773
STARLINK-30307,2023-131R,1,BSTAR=HIGH (0.042556 > 0.004463),0.0001201,42.9997,0.042556,15.12764244
STARLINK-30308,2023-131L,1,BSTAR=HIGH (0.064591 > 0.004463),0.000102,42.9996,0.064591,15.15859494
STARLINK-30323,2023-122C,1,BSTAR=HIGH (0.054036 > 0.004463),0.000149,43.0006,0.054036,15.20370328
STARLINK-30327,2023-129K,1,ECCENTRICITY=HIGH (0.002206 > 0.000535),0.0022062,42.9976,0.0030072,15.26851819
STARLINK-30328,2023-122G,1,BSTAR=HIGH (0.051227 > 0.004463),0.0001438,42.9999,0.051227,15.20171356
STARLINK-30337,2023-129J,1,ECCENTRICITY=HIGH (0.000695 > 0.000535),0.0006951,42.9861,0.0035635,16.38552902
STARLINK-30341,2023-129S,1,BSTAR=HIGH (0.007679 > 0.004463),0.0002237,43.0015,0.0076786,15.07127
STARLINK-30342,2023-129H,1,ECCENTRICITY=HIGH (0.000715 > 0.000535),0.0007149,42.9964,0.0010495636,16.10932825
STARLINK-30351,2023-131G,1,BSTAR=HIGH (0.057390 > 0.004463),0.0001158,42.9992,0.05739,15.16115087
STARLINK-30359,2023-134J,1,BSTAR=HIGH (0.008524 > 0.004463),0.0001573,43.008,0.0085237,15.26677911
STARLINK-30361,2023-131M,1,BSTAR=HIGH (0.065996 > 0.004463),0.000142,42.9991,0.065996,15.15125737
STARLINK-30364,2023-131K,1,BSTAR=HIGH (0.061332 > 0.004463),0.0001504,42.9989,0.061332,15.16195607
STARLINK-30365,2023-131C,1,BSTAR=HIGH (0.078631 > 0.004463),0.0001652,42.9995,0.078631,15.14932474
STARLINK-30368,2023-131W,1,BSTAR=HIGH (0.080177 > 0.004463),0.0001013,43.0002,0.080177,15.13789668
STARLINK-30373,2023-134V,1,ECCENTRICITY=HIGH (0.002014 > 0.000535),0.00201445,42.9749,0.0026563416,16.21812878
STARLINK-30387,2023-134T,1,BSTAR=HIGH (0.025498 > 0.004463),0.0001218,43.0035,0.025498,15.25583228
STARLINK-30389,2023-134N,1,BSTAR=HIGH (0.027119 > 0.004463),0.0001481,43.0004,0.027119,15.1785127
STARLINK-30396,2023-151A,1,BSTAR=HIGH (0.004471 > 0.004463),0.00018062,43.0007,0.0044705443,15.27277112
STARLINK-3042,2021-082N,1,ECCENTRICITY=HIGH (0.001219 > 0.000535),0.001219,69.9835,0.00012971,16.51474736
STARLINK-30428,2023-146R,1,BSTAR=HIGH (0.104940 > 0.004463),0.0001722,43.0,0.10494,15.07779836
STARLINK-30443,2023-146D,1,BSTAR=HIGH (0.083909 > 0.004463),0.0002126,43.0009,0.083909,15.13157053
STARLINK-30449,2023-146N,1,BSTAR=HIGH (0.091094 > 0.004463),0.00018,42.9996,0.091094,15.09641753
STARLINK-30452,2023-147N,1,BSTAR=HIGH (0.079602 > 0.004463),0.0002459,42.9999,0.079602,15.24726096
STARLINK-30457,2023-146K,1,BSTAR=HIGH (0.116270 > 0.004463),0.0001964,43.001,0.11627,15.05499913
STARLINK-30458,2023-147X,1,ECCENTRICITY=HIGH (0.002033 > 0.000535),0.00203266,42.9693,0.0033645657,16.20483977
STARLINK-30459,2023-147Q,1,ECCENTRICITY=HIGH (0.000822 > 0.000535),0.00082227,42.9719,0.0027197142,16.34177119
STARLINK-30462,2023-146M,1,BSTAR=HIGH (0.095326 > 0.004463),0.0001744,42.9995,0.095326,15.09421097
STARLINK-30463,2023-146U,1,BSTAR=HIGH (0.006506 > 0.004463),0.00027,43.0011,0.0065064,15.05717023
STARLINK-30465,2023-146A,1,BSTAR=HIGH (0.053353 > 0.004463),0.0001943,43.0008,0.053353,15.17024285
STARLINK-30466,2023-146P,1,BSTAR=HIGH (0.094319 > 0.004463),0.0001948,43.0,0.094319,15.0997369
STARLINK-30467,2023-146E,1,BSTAR=HIGH (0.054909 > 0.004463),0.0001824,43.0006,0.054909,15.16403411
STARLINK-30469,2023-146F,1,BSTAR=HIGH (0.085275 > 0.004463),0.0001384,43.0003,0.085275,15.121408
STARLINK-3047,2021-082AW,1,ECCENTRICITY=HIGH (0.001065 > 0.000535),0.00106481,69.9497,0.0011967484,16.31705443
STARLINK-30470,2023-146B,1,BSTAR=HIGH (0.056755 > 0.004463),0.0001823,43.0008,0.056755,15.16209799
STARLINK-30471,2023-147V,1,BSTAR=HIGH (0.035469 > 0.004463),0.0001904,42.9993,0.035469,15.24870681
STARLINK-30473,2023-146C,1,BSTAR=HIGH (0.106560 > 0.004463),0.0001819,43.0,0.10656,15.08537758
STARLINK-30474,2023-146G,1,BSTAR=HIGH (0.067238 > 0.004463),0.0001807,43.0007,0.067238,15.13780358
STARLINK-30476,2023-147T,1,ECCENTRICITY=HIGH (0.001942 > 0.000535),0.0019419,42.9942,0.0025346,15.37178715
STARLINK-30478,2023-146W,1,BSTAR=HIGH (0.105040 > 0.004463),0.0001769,42.9992,0.10504,15.0953149
STARLINK-30479,2023-146H,1,BSTAR=HIGH (0.094952 > 0.004463),0.0001342,42.9996,0.094952,15.11274264
STARLINK-30481,2023-146J,1,BSTAR=HIGH (0.065561 > 0.004463),0.0001654,43.0008,0.065561,15.12413759
STARLINK-30504,2023-151S,1,ECCENTRICITY=HIGH (0.002394 > 0.000535),0.0023944,42.9749,0.0012774,15.99711023
STARLINK-3051,2021-082AD,1,ECCENTRICITY=HIGH (0.000634 > 0.000535),0.0006338,69.9975,0.00022437,15.04620965
STARLINK-30513,2023-158W,1,ECCENTRICITY=HIGH (0.002130 > 0.000535),0.0021301,42.9782,0.0014614,15.98666108
STARLINK-3053,2021-082V,1,ECCENTRICITY=HIGH (0.001019 > 0.000535),0.0010188,69.9857,0.00028467,16.45312138
STARLINK-30537,2023-153A,1,ECCENTRICITY=HIGH (0.000892 > 0.000535),0.0008919,43.0,0.0021624,15.27220138
STARLINK-30543,2023-153F,1,BSTAR=HIGH (0.007340 > 0.004463),0.0003913,42.9808,0.0073402,16.27830248
STARLINK-30551,2023-160J,1,BSTAR=HIGH (0.103010 > 0.004463),0.0001607,42.9998,0.10301,15.10230928
STARLINK-30557,2023-160N,1,BSTAR=HIGH (0.121990 > 0.004463),0.0001939,43.0001,0.12199,15.05449829
STARLINK-30559,2023-156M,1,ECCENTRICITY=HIGH (0.001563 > 0.000535),0.0015628,53.1339,0.0013099,15.99720799
STARLINK-30583,2023-160M,1,BSTAR=HIGH (0.108590 > 0.004463),0.0001886,42.9999,0.10859,15.08859407
STARLINK-30586,2023-160K,1,BSTAR=HIGH (0.109210 > 0.004463),0.0001783,42.9997,0.10921,15.08997485
STARLINK-30590,2023-160R,1,BSTAR=HIGH (0.120780 > 0.004463),0.0002123,43.0009,0.12078,15.0556284
STARLINK-30609,2023-160L,1,BSTAR=HIGH (0.103750 > 0.004463),0.0001771,42.9999,0.10375,15.09813032
STARLINK-30709,2023-148P,1,ECCENTRICITY=HIGH (0.001780 > 0.000535),0.00178006,53.1178,0.0034659775,16.20817961
STARLINK-3074,2021-082AS,1,ECCENTRICITY=HIGH (0.000640 > 0.000535),0.0006404,69.9775,0.00016868,16.48725365
STARLINK-30790,2023-162K,1,ECCENTRICITY=HIGH (0.001015 > 0.000535),0.0010147,42.9983,0.0025389,15.13318583
STARLINK-3081,2021-082Y,1,ECCENTRICITY=HIGH (0.001389 > 0.000535),0.0013889,69.9572,0.0027369,16.3616706
STARLINK-3082,2021-082AJ,1,ECCENTRICITY=HIGH (0.000807 > 0.000535),0.0008065,69.9794,0.00071995,16.40542432
STARLINK-30832,2023-177D,1,BSTAR=HIGH (0.044697 > 0.004463),0.0002051,43.0009,0.044697,15.23669076
STARLINK-3084,2021-082G,1,ECCENTRICITY=HIGH (0.001105 > 0.000535),0.00110485,69.9775,0.0004462609,16.41014459
STARLINK-30864,2023-171P,1,BSTAR=HIGH (0.048015 > 0.004463),0.000152,43.0011,0.048015,15.23931643
STARLINK-30879,2023-171F,1,ECCENTRICITY=HIGH (0.003074 > 0.000535),0.00307427,42.9847,3.8180123e-05,15.81824058
STARLINK-30901,2023-177A,1,ECCENTRICITY=HIGH (0.000875 > 0.000535),0.000875,42.9692,0.00083225,16.39281402
STARLINK-30903,2023-177E,1,BSTAR=HIGH (0.004580 > 0.004463),0.00025045,43.0003,0.004579941,15.27249349
STARLINK-30906,2023-180G,1,BSTAR=HIGH (0.082322 > 0.004463),0.0002635,43.0011,0.082322,15.24639839
STARLINK-3091,2021-082AU,1,ECCENTRICITY=HIGH (0.001295 > 0.000535),0.0012951,69.9932,0.00018567,16.47529858
STARLINK-30922,2023-180N,1,BSTAR=HIGH (0.007249 > 0.004463),0.0003534,43.0035,0.0072489,15.26625025
STARLINK-30941,2023-186C,1,BSTAR=HIGH (0.071335 > 0.004463),0.0001919,43.0004,0.071335,15.23669587
STARLINK-3096,2021-082B,1,BSTAR=HIGH (0.047122 > 0.004463),0.0003031,70.0009,0.047122,15.34946791
STARLINK-3097,2021-104AS,1,ECCENTRICITY=HIGH (0.000825 > 0.000535),0.0008246,53.2039,0.0017057,16.43360081
STARLINK-30980,2023-186D,1,BSTAR=HIGH (0.047852 > 0.004463),0.0001739,43.0017,0.047852,15.24325043
STARLINK-30985,2023-186W,1,BSTAR=HIGH (0.006497 > 0.004463),0.00014134,43.0028,0.0064971479,15.27352882
STARLINK-30995,2023-186B,1,ECCENTRICITY=HIGH (0.002450 > 0.000535),0.0024498,42.9755,0.0028033,16.02215483
STARLINK-31,2019-029A,1,ECCENTRICITY=HIGH (0.000904 > 0.000535),0.0009041,52.9736,0.00018159,16.46847225
STARLINK-3101,2021-082AQ,1,ECCENTRICITY=HIGH (0.001260 > 0.000535),0.0012604,69.9858,0.00029479,16.46132276
STARLINK-31023,2023-191Q,1,BSTAR=HIGH (0.028177 > 0.004463),0.0001527,43.0,0.028177,15.50609259
STARLINK-31027,2024-002R,1,ECCENTRICITY=HIGH (0.000840 > 0.000535),0.0008405,53.1513,0.0039559,15.46891932
STARLINK-3104,2021-082W,1,ECCENTRICITY=HIGH (0.001109 > 0.000535),0.0011086,69.9786,0.00027926,16.47722106
STARLINK-31062,2023-200B,1,BSTAR=HIGH (0.084539 > 0.004463),0.0001087,42.9993,0.084539,15.19026531
STARLINK-31069,2023-200U,1,BSTAR=HIGH (0.006480 > 0.004463),3.38e-05,42.9976,0.0064799,15.26174432
STARLINK-3107,2021-082AT,1,ECCENTRICITY=HIGH (0.000724 > 0.000535),0.0007239,69.9934,0.0013057,15.10577093
STARLINK-31072,2023-200L,1,ECCENTRICITY=HIGH (0.001248 > 0.000535),0.0012479,42.981,0.0033523,16.22419399
STARLINK-31079,2023-200K,1,ECCENTRICITY=HIGH (0.002681 > 0.000535),0.002681,42.9845,0.0036259,15.39385013
STARLINK-3108,2021-104AH,1,ECCENTRICITY=HIGH (0.000702 > 0.000535),0.0007023,53.1938,0.0019014,16.23801185
STARLINK-31103,2024-011R,1,ECCENTRICITY=HIGH (0.000763 > 0.000535),0.0007635,53.136,0.0030116,16.30210355
STARLINK-31105,2024-012U,1,ECCENTRICITY=HIGH (0.002438 > 0.000535),0.002438,42.978,0.004165,16.3455734
STARLINK-31118,2023-203C,1,ECCENTRICITY=HIGH (0.000774 > 0.000535),0.0007738,42.9759,0.0013502,16.21348884
STARLINK-31139,2023-211X,1,ECCENTRICITY=HIGH (0.002437 > 0.000535),0.00243718,42.9755,0.0015037308,16.24274956
STARLINK-31145,2024-011D,1,ECCENTRICITY=HIGH (0.000981 > 0.000535),0.0009813,53.1199,0.0013418,16.00241371
STARLINK-31150,2024-005C,1,ECCENTRICITY=HIGH (0.001241 > 0.000535),0.0012405,42.976,0.0031835,16.36190741
STARLINK-31154,2024-012N,1,ECCENTRICITY=HIGH (0.001072 > 0.000535),0.0010723,42.9876,0.0020714,16.31616087
STARLINK-31155,2024-005A,1,ECCENTRICITY=HIGH (0.001094 > 0.000535),0.0010941,42.987,0.0011712,16.21029081
STARLINK-31172,2024-017M,1,ECCENTRICITY=HIGH (0.001105 > 0.000535),0.0011051,53.1257,0.0017506,16.14036955
STARLINK-31175,2024-017H,1,ECCENTRICITY=HIGH (0.001363 > 0.000535),0.0013631,53.0949,0.000689,16.46551955
STARLINK-3118,2021-082L,1,ECCENTRICITY=HIGH (0.000989 > 0.000535),0.0009894,69.9679,0.00026047,16.46487793
STARLINK-31194,2024-012F,1,ECCENTRICITY=HIGH (0.002407 > 0.000535),0.0024073,42.9635,0.0020867,16.3311735
STARLINK-31204,2024-005D,1,ECCENTRICITY=HIGH (0.003171 > 0.000535),0.00317093,42.9836,0.0016765085,16.22636806
STARLINK-31216,2024-019E,1,BSTAR=HIGH (0.005963 > 0.004463),0.000447,42.9955,0.0059634,16.1980826
STARLINK-31227,2024-038D,1,ECCENTRICITY=HIGH (0.000579 > 0.000535),0.00057869,42.9914,0.0041611993,16.22052838
STARLINK-3123,2021-104X,1,ECCENTRICITY=HIGH (0.002616 > 0.000535),0.0026157,53.2103,0.00037312,16.36366297
STARLINK-31254,2024-020S,1,ECCENTRICITY=HIGH (0.000638 > 0.000535),0.00063769,53.1213,0.0030250308,16.30152007
STARLINK-31268,2024-049Q,1,ECCENTRICITY=HIGH (0.002395 > 0.000535),0.0023948,42.982,0.0014475,15.80847673
STARLINK-31288,2024-050G,1,ECCENTRICITY=HIGH (0.001127 > 0.000535),0.0011269,53.1178,0.0020649,16.14865751
STARLINK-31299,2024-041G,1,ECCENTRICITY=HIGH (0.002529 > 0.000535),0.0025294,42.9806,0.0022203,15.90692299
STARLINK-31301,2024-106P,1,ECCENTRICITY=HIGH (0.001389 > 0.000535),0.0013895,42.9989,0.0010098,16.29919159
STARLINK-31302,2024-041W,1,ECCENTRICITY=HIGH (0.001024 > 0.000535),0.0010236,42.961,0.0019845,16.35694234
STARLINK-31304,2024-049A,1,ECCENTRICITY=HIGH (0.002416 > 0.000535),0.0024159,42.9837,0.0014757,15.84520651
STARLINK-31352,2024-041T,1,ECCENTRICITY=HIGH (0.001009 > 0.000535),0.0010088,42.9916,0.00093773,16.23098358
STARLINK-31375,2024-068T,1,ECCENTRICITY=HIGH (0.001595 > 0.000535),0.0015948,42.9853,0.0019402,16.12686236
STARLINK-31376,2024-073P,1,ECCENTRICITY=HIGH (0.003355 > 0.000535),0.0033555,42.9809,0.0022860974,16.17001771
STARLINK-31418,2024-049W,1,ECCENTRICITY=HIGH (0.001460 > 0.000535),0.0014601,42.977,0.001007,16.30015967
STARLINK-31432,2024-106L,1,BSTAR=LOW (-0.005016 < -0.003262),0.0002562,42.9998,-0.0050158,15.27543516
STARLINK-3144,2021-104E,1,ECCENTRICITY=HIGH (0.000888 > 0.000535),0.0008877,53.192,0.00030567,16.43748436
STARLINK-31469,2024-056R,1,ECCENTRICITY=HIGH (0.000671 > 0.000535),0.0006713,42.9803,0.00088983,16.32721228
STARLINK-31482,2024-068G,1,ECCENTRICITY=HIGH (0.000591 > 0.000535),0.0005908,42.9728,0.00097603,16.33719624
STARLINK-3149,2021-104R,1,BSTAR=HIGH (0.004777 > 0.004463),8.34e-05,53.2153,0.0047775,15.84955898
STARLINK-3151,2021-104A,1,BSTAR=HIGH (0.018939 > 0.004463),0.0001242,53.218,0.018939,15.34020931
STARLINK-31525,2024-036D,1,ECCENTRICITY=HIGH (0.000619 > 0.000535),0.0006187,53.1212,0.0027784,16.36122763
STARLINK-31530,2024-057C,1,ECCENTRICITY=HIGH (0.001314 > 0.000535),0.0013143,42.9965,0.0033002,15.40802052
STARLINK-31618,2024-073T,1,ECCENTRICITY=HIGH (0.001541 > 0.000535),0.00154065,42.9702,0.0043813224,16.23216437
STARLINK-3165,2022-010R,1,ECCENTRICITY=HIGH (0.000584 > 0.000535),0.0005839,53.201,0.003945,16.37960387
STARLINK-31653,2024-071B,1,ECCENTRICITY=HIGH (0.001267 > 0.000535),0.0012667,42.9796,0.0013567,16.18649718
STARLINK-31655,2024-050D,1,ECCENTRICITY=HIGH (0.000654 > 0.000535),0.00065409,53.1187,0.0034804673,16.27638628
STARLINK-31673,2024-050J,1,ECCENTRICITY=HIGH (0.000934 > 0.000535),0.0009338,53.1244,0.0017979,16.33455564
STARLINK-31682,2024-065V,1,ECCENTRICITY=HIGH (0.001113 > 0.000535),0.0011131,53.1391,0.001375,16.20696527
STARLINK-31703,2024-098D,1,ECCENTRICITY=HIGH (0.001779 > 0.000535),0.0017787,42.9757,0.0014135,16.23859392
STARLINK-31704,2024-076Y,1,ECCENTRICITY=HIGH (0.000864 > 0.000535),0.0008643,42.9982,0.0030809,15.31271569
STARLINK-31752,2024-065H,1,ECCENTRICITY=HIGH (0.000661 > 0.000535),0.0006614,53.1385,0.00081809,16.2484832
STARLINK-31771,2024-080V,1,ECCENTRICITY=HIGH (0.001850 > 0.000535),0.0018502,42.9742,0.0013565,16.11468559
STARLINK-31790,2024-082T,1,ECCENTRICITY=HIGH (0.002416 > 0.000535),0.0024164,42.9793,0.0011621,16.09928298
STARLINK-31841,2024-090C,1,ECCENTRICITY=HIGH (0.001300 > 0.000535),0.00129952,42.9719,0.0033798131,16.26093728
STARLINK-31864,2024-111K,1,ECCENTRICITY=HIGH (0.000776 > 0.000535),0.0007761,53.1225,0.0028876,16.30256711
STARLINK-31867,2024-120E,1,ECCENTRICITY=HIGH (0.001205 > 0.000535),0.0012047,53.139,0.001372,15.8874644
STARLINK-31894,2024-084M,1,ECCENTRICITY=HIGH (0.000656 > 0.000535),0.0006562,42.9799,0.0020651,16.29697157
STARLINK-31901,2024-093M,1,ECCENTRICITY=HIGH (0.000589 > 0.000535),0.0005891,42.9821,0.0014621,16.18485959
STARLINK-31915,2024-093Q,1,ECCENTRICITY=HIGH (0.000648 > 0.000535),0.0006477,42.988,0.00352,16.34370322
STARLINK-32,2019-029V,1,ECCENTRICITY=HIGH (0.000733 > 0.000535),0.000733,52.9893,0.00080031,16.48299762
STARLINK-3206,2021-115AS,1,ECCENTRICITY=HIGH (0.000538 > 0.000535),0.0005378,53.2002,0.0027973,16.3357459
STARLINK-32095,2024-086L,1,ECCENTRICITY=HIGH (0.001057 > 0.000535),0.0010574,42.969,0.0024176,16.25565097
STARLINK-32110,2024-113V,1,ECCENTRICITY=HIGH (0.001205 > 0.000535),0.0012052,53.1511,0.00030165,16.43601315
STARLINK-32111,2024-113Q,1,ECCENTRICITY=HIGH (0.000855 > 0.000535),0.0008547,53.1448,0.00042677,16.42298544
STARLINK-32115,2024-113R,1,ECCENTRICITY=HIGH (0.001084 > 0.000535),0.0010845,53.1488,0.0003516,16.42810715
STARLINK-32116,2024-113S,1,ECCENTRICITY=HIGH (0.000615 > 0.000535),0.0006149,53.1284,0.00020309,16.56021312
STARLINK-32117,2024-113T,1,ECCENTRICITY=HIGH (0.001138 > 0.000535),0.0011381,53.1393,0.00012056,16.49579827
STARLINK-32119,2024-113P,1,ECCENTRICITY=HIGH (0.001514 > 0.000535),0.0015137,53.1745,0.00020752,16.43981037
STARLINK-32187,2024-136J,1,ECCENTRICITY=HIGH (0.001068 > 0.000535),0.0010681,53.1356,0.00084954,16.3051042
STARLINK-32272,2024-152R,1,ECCENTRICITY=HIGH (0.001622 > 0.000535),0.0016221,53.1392,0.0013724,15.84634145
STARLINK-3228,2021-115H,1,ECCENTRICITY=HIGH (0.001233 > 0.000535),0.0012331,53.1921,0.00055233,16.53046372
STARLINK-32286,2024-138C,1,ECCENTRICITY=HIGH (0.000660 > 0.000535),0.0006605,53.1358,0.0010112,16.33524131
STARLINK-32335,2024-195S,1,ECCENTRICITY=HIGH (0.001472 > 0.000535),0.0014717,53.147,0.0041701,15.54957728
STARLINK-32357,2024-158V,1,ECCENTRICITY=HIGH (0.000941 > 0.000535),0.0009413,53.1233,0.0012263,16.19280214
STARLINK-3237,2021-115C,1,ECCENTRICITY=HIGH (0.001046 > 0.000535),0.0010462,53.1816,0.0016463,16.38487699
STARLINK-32477,2024-216G,1,ECCENTRICITY=HIGH (0.001448 > 0.000535),0.0014475,42.9959,0.003779,15.40710913
STARLINK-3263,2021-125AS,1,ECCENTRICITY=HIGH (0.000930 > 0.000535),0.0009303,53.1991,0.0027524,16.39606601
STARLINK-32664,2024-229N,1,ECCENTRICITY=HIGH (0.000765 > 0.000535),0.0007652,43.0013,0.0038461,15.32848018
STARLINK-3269,2021-125AQ,1,ECCENTRICITY=HIGH (0.000660 > 0.000535),0.00065957,53.1881,0.00092033814,16.37618117
STARLINK-3275,2021-125AJ,1,ECCENTRICITY=HIGH (0.000647 > 0.000535),0.0006473,53.1718,0.00067514,16.45228929
STARLINK-32784,2025-008W,1,ECCENTRICITY=HIGH (0.000706 > 0.000535),0.000706,42.9993,0.0027512,15.31403639
STARLINK-3280,2021-125AE,1,ECCENTRICITY=HIGH (0.005935 > 0.000535),0.0059346,53.215,0.00064938,16.17012138
STARLINK-32838,2025-018X,1,BSTAR=HIGH (0.006621 > 0.004463),9.25e-05,53.1527,0.0066206,16.15283336
STARLINK-32906,2025-037D,1,BSTAR=HIGH (0.005799 > 0.004463),0.00036046,70.0027,0.0057992815,14.98245845
STARLINK-32911,2025-037V,1,BSTAR=LOW (-0.004632 < -0.003262),0.00043806,70.0041,-0.0046318376,14.98530061
STARLINK-32955,2025-039P,1,ECCENTRICITY=HIGH (0.001002 > 0.000535),0.0010016,43.0013,0.0021957,15.36199313
STARLINK-3296,2021-125N,1,ECCENTRICITY=HIGH (0.000546 > 0.000535),0.00054599,53.2002,0.00029265749,16.44740297
STARLINK-33,2019-029N,1,ECCENTRICITY=HIGH (0.000774 > 0.000535),0.000774,52.9823,0.00013439,16.51840845
STARLINK-3317,2021-125A,1,ECCENTRICITY=HIGH (0.000627 > 0.000535),0.0006268,53.1973,0.00027065,16.44832279
STARLINK-3337,2022-001Z,1,ECCENTRICITY=HIGH (0.001463 > 0.000535),0.0014629,53.1869,0.0032227,16.2825452
STARLINK-3340,2022-001X,1,ECCENTRICITY=HIGH (0.001166 > 0.000535),0.0011657,53.1891,0.00094834,16.41739118
STARLINK-3348,2022-001H,1,ECCENTRICITY=HIGH (0.001104 > 0.000535),0.0011041,53.1951,0.0023799,16.38637248
STARLINK-33667,2025-070Y,1,ECCENTRICITY=HIGH (0.001814 > 0.000535),0.00181382,42.9769,0.0013559564,16.1300804
STARLINK-3368,2022-005D,1,ECCENTRICITY=HIGH (0.000538 > 0.000535),0.0005376,53.1968,0.0020477,16.40967245
STARLINK-3373,2022-005U,1,ECCENTRICITY=HIGH (0.000781 > 0.000535),0.0007815,53.1958,0.00064011,16.44987962
STARLINK-33775,2025-093S,1,ECCENTRICITY=HIGH (0.000819 > 0.000535),0.0008186,43.0067,0.0032739,16.24254455
STARLINK-33793,2025-112V,1,INCLINATION=HIGH (97.602000 > 83.857200),0.00013811,97.602,0.00033688803,15.05655816
STARLINK-33858,2025-094X,1,BSTAR=LOW (-0.011173 < -0.003262),0.0002643,70.0017,-0.011173,14.97950346
STARLINK-33863,2025-094A,1,BSTAR=HIGH (0.005941 > 0.004463),0.0004994,70.003,0.0059408,14.98229915
STARLINK-3390,2022-005R,1,ECCENTRICITY=HIGH (0.000782 > 0.000535),0.0007823,53.2014,0.0019671,16.4255377
STARLINK-33924,2025-112D,1,INCLINATION=HIGH (97.604300 > 83.857200),0.00010133,97.6043,0.00044568376,15.05655291
STARLINK-33926,2025-112B,1,INCLINATION=HIGH (97.602800 > 83.857200),7.862e-05,97.6028,0.00022293903,15.05659043
STARLINK-33945,2025-112J,1,INCLINATION=HIGH (97.603800 > 83.857200),0.0001148,97.6038,0.00056301,15.05664449
STARLINK-33946,2025-102N,1,BSTAR=HIGH (0.052953 > 0.004463),0.0004742,70.0026,0.052953,14.99738032
STARLINK-33956,2025-098B,1,BSTAR=LOW (-0.013472 < -0.003262),0.00010552,70.0012,-0.013471642,14.97850556
STARLINK-33962,2025-098AA,1,BSTAR=LOW (-0.014139 < -0.003262),0.0002776,70.0016,-0.014139,14.98066585
STARLINK-33968,2025-094V,1,BSTAR=LOW (-0.005080 < -0.003262),0.000321,70.0021,-0.0050801,14.98370739
STARLINK-33993,2025-098Z,1,BSTAR=LOW (-0.010100 < -0.003262),0.0001391,70.0001,-0.0101,14.98093744
STARLINK-34008,2025-102R,1,BSTAR=HIGH (0.059078 > 0.004463),0.0005328,70.0012,0.059078,14.99896786
STARLINK-34059,2025-094J,1,ECCENTRICITY=HIGH (0.000775 > 0.000535),0.0007749,70.0018,0.00064189,14.98390164
STARLINK-34061,2025-094N,1,BSTAR=LOW (-0.005373 < -0.003262),0.0001266,70.0014,-0.0053735,14.98432309
STARLINK-34110,2025-092H,1,ECCENTRICITY=HIGH (0.001834 > 0.000535),0.0018341,42.9971,0.003993,15.50115466
STARLINK-34166,2025-112N,1,INCLINATION=HIGH (97.604000 > 83.857200),0.0001001,97.604,0.00044097,15.05656784
STARLINK-34175,2025-112Z,1,INCLINATION=HIGH (97.603700 > 83.857200),0.00010851,97.6037,0.00044055204,15.05657397
STARLINK-34209,2025-112E,1,INCLINATION=HIGH (97.603300 > 83.857200),5.572e-05,97.6033,0.00034874955,15.05659174
STARLINK-34210,2025-211B,1,INCLINATION=HIGH (97.602700 > 83.857200),0.00013952,97.6027,0.00030691793,15.05653916
STARLINK-34213,2025-112C,1,INCLINATION=HIGH (97.603000 > 83.857200),6.096e-05,97.603,0.00053268843,15.05676088
STARLINK-34230,2025-111Q,1,ECCENTRICITY=HIGH (0.001383 > 0.000535),0.0013828,42.9942,0.0033033,15.46732603
STARLINK-34263,2025-112U,1,INCLINATION=HIGH (97.602900 > 83.857200),0.00020832,97.6029,0.00037065314,15.05658593
STARLINK-34277,2025-112L,1,INCLINATION=HIGH (97.601900 > 83.857200),0.0001369,97.6019,-6.557e-06,15.05642313
STARLINK-34303,2025-112Y,1,INCLINATION=HIGH (97.604200 > 83.857200),7.11e-05,97.6042,0.00030903,15.0565515
STARLINK-34309,2025-112X,1,INCLINATION=HIGH (97.602900 > 83.857200),0.00012268,97.6029,0.00029597341,15.05654347
STARLINK-34313,2025-112W,1,INCLINATION=HIGH (97.601500 > 83.857200),0.0001627,97.6015,0.00036171,15.05647636
STARLINK-34314,2025-112A,1,INCLINATION=HIGH (97.602500 > 83.857200),0.00016646,97.6025,0.00040474457,15.05644454
STARLINK-34317,2025-112S,1,INCLINATION=HIGH (97.604400 > 83.857200),3.76e-05,97.6044,0.00083281,15.05651722
STARLINK-34338,2025-112F,1,INCLINATION=HIGH (97.604400 > 83.857200),0.00011651,97.6044,0.00030133163,15.05641918
STARLINK-34339,2025-112Q,1,INCLINATION=HIGH (97.602700 > 83.857200),0.0001705,97.6027,0.00034425,15.05660804
STARLINK-34340,2025-112T,1,INCLINATION=HIGH (97.602400 > 83.857200),0.00011907,97.6024,0.00035178113,15.0565833
STARLINK-34341,2025-112R,1,INCLINATION=HIGH (97.602300 > 83.857200),8.902e-05,97.6023,0.00027160767,15.05652826
STARLINK-34343,2025-112M,1,INCLINATION=HIGH (97.602700 > 83.857200),0.000202,97.6027,0.0017845,15.05698789
STARLINK-34344,2025-112P,1,INCLINATION=HIGH (97.603600 > 83.857200),0.0001299,97.6036,0.00030522,15.05666631
STARLINK-34345,2025-112H,1,INCLINATION=HIGH (97.601300 > 83.857200),9.35e-05,97.6013,0.00038232,15.05671098
STARLINK-34346,2025-112K,1,INCLINATION=HIGH (97.603600 > 83.857200),6.304e-05,97.6036,0.0015739036,15.05690655
STARLINK-34348,2025-112G,1,INCLINATION=HIGH (97.602400 > 83.857200),0.00017238,97.6024,0.0002679603,15.05654771
STARLINK-34357,2025-123V,1,BSTAR=LOW (-0.003342 < -0.003262),0.0003581,70.0014,-0.0033422,14.98356676
STARLINK-34373,2025-158N,1,INCLINATION=HIGH (97.603000 > 83.857200),0.0003175,97.603,0.00031535,15.05655001
STARLINK-34411,2025-192L,1,ECCENTRICITY=HIGH (0.001161 > 0.000535),0.0011608,53.1365,0.00089283,15.8827006
STARLINK-34447,2025-142Q,1,BSTAR=HIGH (0.005558 > 0.004463),0.0002999,70.0004,0.0055582,14.9828084
STARLINK-34457,2025-126AA,1,BSTAR=LOW (-0.037626 < -0.003262),0.0002196,70.0024,-0.037626,14.97316375
STARLINK-34458,2025-126S,1,BSTAR=LOW (-0.004360 < -0.003262),0.0002811,70.0021,-0.0043601,14.9835994
STARLINK-3448,2022-016Q,1,ECCENTRICITY=HIGH (0.023509 > 0.000535),0.0235087,53.6456,0.002734,16.10805178
STARLINK-34512,2025-129H,1,BSTAR=LOW (-0.061224 < -0.003262),0.0004355,70.0011,-0.061224,14.96758732
STARLINK-34515,2025-142S,1,BSTAR=HIGH (0.005622 > 0.004463),0.0002924,70.0013,0.0056218,14.9829814
STARLINK-34529,2025-158E,1,INCLINATION=HIGH (97.602800 > 83.857200),0.0002147,97.6028,0.00022076,15.05652383
STARLINK-34540,2025-211F,1,INCLINATION=HIGH (97.602400 > 83.857200),0.00024564,97.6024,0.000236084,15.05647143
STARLINK-34544,2025-152Z,1,INCLINATION=HIGH (97.602100 > 83.857200),0.0001479,97.6021,2.5085e-05,15.05628936
STARLINK-34560,2025-142E,1,BSTAR=HIGH (0.005450 > 0.004463),0.0003215,70.0006,0.0054504,14.98303205
STARLINK-34564,2025-152L,1,INCLINATION=HIGH (97.602700 > 83.857200),0.0002479,97.6027,0.00033482,15.05656435
STARLINK-34570,2025-152U,1,INCLINATION=HIGH (97.603000 > 83.857200),0.0001765,97.603,0.00045257,15.05668691
STARLINK-34575,2025-152T,1,INCLINATION=HIGH (97.602000 > 83.857200),0.0001615,97.602,0.00063265,15.05673616
STARLINK-34576,2025-142F,1,BSTAR=HIGH (0.005558 > 0.004463),0.0002754,70.0005,0.0055584,14.98303622
STARLINK-34578,2025-152Q,1,INCLINATION=HIGH (97.602000 > 83.857200),0.0001527,97.602,0.00033856,15.05656989
STARLINK-34580,2025-218T,1,INCLINATION=HIGH (97.602800 > 83.857200),0.0001447,97.6028,0.00042655,15.05658334
STARLINK-34586,2025-158U,1,INCLINATION=HIGH (97.602600 > 83.857200),0.0002277,97.6026,0.00012034,15.05649498
STARLINK-34613,2025-184X,1,INCLINATION=HIGH (97.601300 > 83.857200),0.0001845,97.6013,0.00036256,15.05649148
STARLINK-34628,2025-152Y,1,INCLINATION=HIGH (97.601900 > 83.857200),0.000277,97.6019,0.00024471,15.05663531
STARLINK-34630,2025-158S,1,INCLINATION=HIGH (97.604100 > 83.857200),0.0002013,97.6041,0.00041601,15.05656243
STARLINK-34631,2025-152P,1,INCLINATION=HIGH (97.602900 > 83.857200),0.0002184,97.6029,0.00033664,15.0565344
STARLINK-34651,2025-152V,1,INCLINATION=HIGH (97.603900 > 83.857200),8.23e-05,97.6039,0.0015753,15.01318546
STARLINK-34654,2025-152S,1,INCLINATION=HIGH (97.602000 > 83.857200),0.0002908,97.602,4.9294e-05,15.05656123
STARLINK-34668,2025-150AA,1,BSTAR=LOW (-0.004048 < -0.003262),0.000251,70.0036,-0.0040478,14.98309531
STARLINK-34674,2025-200G,1,INCLINATION=HIGH (97.603100 > 83.857200),4.351e-05,97.6031,0.00045822526,15.05657814
STARLINK-34676,2025-152M,1,INCLINATION=HIGH (97.603100 > 83.857200),0.000188,97.6031,0.00032513,15.05641969
STARLINK-34678,2025-194K,1,INCLINATION=HIGH (97.602600 > 83.857200),0.0002351,97.6026,0.0002821,15.05638819
STARLINK-34679,2025-194J,1,INCLINATION=HIGH (97.601800 > 83.857200),0.0001833,97.6018,-0.00023498,15.05605647
STARLINK-34682,2025-152N,1,INCLINATION=HIGH (97.601500 > 83.857200),0.0001746,97.6015,0.00044609,15.05636949
STARLINK-34683,2025-152R,1,INCLINATION=HIGH (97.601900 > 83.857200),0.0002256,97.6019,0.00037395,15.0565962
STARLINK-34684,2025-152W,1,INCLINATION=HIGH (97.601800 > 83.857200),0.0001722,97.6018,0.00041223,15.0566339
STARLINK-34689,2025-158T,1,INCLINATION=HIGH (97.603700 > 83.857200),0.0002172,97.6037,0.00012801,15.05651835
STARLINK-34690,2025-152X,1,INCLINATION=HIGH (97.601400 > 83.857200),0.0002205,97.6014,0.00038596,15.05656226
STARLINK-34701,2025-158X,1,INCLINATION=HIGH (97.603700 > 83.857200),0.0002674,97.6037,-0.0005152,15.05618888
STARLINK-34703,2025-191J,1,INCLINATION=HIGH (97.602700 > 83.857200),0.0002453,97.6027,0.00021807,15.05651928
STARLINK-34705,2025-158A,1,INCLINATION=HIGH (97.603200 > 83.857200),0.0002235,97.6032,0.00073455,15.05644995
STARLINK-34706,2025-152D,1,INCLINATION=HIGH (97.602200 > 83.857200),0.0002558,97.6022,0.00017436,15.05665332
STARLINK-34707,2025-175C,1,INCLINATION=HIGH (97.602900 > 83.857200),0.00022345,97.6029,0.00039542036,15.05656524
STARLINK-34708,2025-165G,1,INCLINATION=HIGH (97.601300 > 83.857200),0.00021199,97.6013,0.0012993355,15.05645311
STARLINK-34709,2025-152C,1,INCLINATION=HIGH (97.603500 > 83.857200),0.0002152,97.6035,0.00097181,15.05644835
STARLINK-34714,2025-158H,1,INCLINATION=HIGH (97.605100 > 83.857200),0.00014,97.6051,0.00040664,15.05656482
STARLINK-34717,2025-165E,1,INCLINATION=HIGH (97.605000 > 83.857200),3.08e-05,97.605,0.00033069,15.0565291
STARLINK-34719,2025-158M,1,INCLINATION=HIGH (97.601700 > 83.857200),0.00020482,97.6017,0.0003194795,15.05655302
STARLINK-34722,2025-152K,1,INCLINATION=HIGH (97.603900 > 83.857200),0.0001427,97.6039,0.00026769,15.05654612
STARLINK-34723,2025-152A,1,INCLINATION=HIGH (97.601600 > 83.857200),0.000204,97.6016,0.00013957,15.05655863
STARLINK-34725,2025-152B,1,INCLINATION=HIGH (97.603700 > 83.857200),0.0002274,97.6037,0.00027594,15.05636083
STARLINK-34726,2025-158D,1,INCLINATION=HIGH (97.601700 > 83.857200),0.00018773,97.6017,0.00053248337,15.05665206
STARLINK-34728,2025-194X,1,INCLINATION=HIGH (97.602600 > 83.857200),0.0001724,97.6026,0.00037041,15.05653115
STARLINK-34730,2025-158G,1,INCLINATION=HIGH (97.604700 > 83.857200),0.0001967,97.6047,0.00037822,15.05657884
STARLINK-34732,2025-158Z,1,INCLINATION=HIGH (97.601900 > 83.857200),0.00021145,97.6019,0.0002272742,15.0565163
STARLINK-34735,2025-165S,1,INCLINATION=HIGH (97.604400 > 83.857200),1.02e-05,97.6044,0.00046434,15.05660938
STARLINK-34736,2025-152E,1,INCLINATION=HIGH (97.602300 > 83.857200),0.000229,97.6023,0.00033288,15.05655381
STARLINK-34737,2025-158B,1,INCLINATION=HIGH (97.602600 > 83.857200),0.0002403,97.6026,-0.00010655,15.05646868
STARLINK-34738,2025-158V,1,INCLINATION=HIGH (97.602500 > 83.857200),0.0001738,97.6025,0.00034143,15.056505
STARLINK-34739,2025-165L,1,INCLINATION=HIGH (97.602200 > 83.857200),0.00012935,97.6022,0.00054225771,15.05660577
STARLINK-34740,2025-158K,1,INCLINATION=HIGH (97.602600 > 83.857200),0.0002373,97.6026,0.0007147,15.05666777
STARLINK-34742,2025-158L,1,INCLINATION=HIGH (97.602900 > 83.857200),0.0001402,97.6029,0.00023007,15.05653119
STARLINK-34743,2025-158F,1,INCLINATION=HIGH (97.602000 > 83.857200),0.0003615,97.602,0.0014508,15.05708804
STARLINK-34744,2025-158W,1,INCLINATION=HIGH (97.604000 > 83.857200),0.0002382,97.604,0.00048102,15.0565743
STARLINK-34745,2025-165B,1,INCLINATION=HIGH (97.601800 > 83.857200),0.0001352,97.6018,0.00038135,15.05659419
STARLINK-34746,2025-152F,1,INCLINATION=HIGH (97.602200 > 83.857200),0.0001978,97.6022,0.00025587,15.05651614
STARLINK-34747,2025-158R,1,INCLINATION=HIGH (97.600700 > 83.857200),0.0003035,97.6007,-0.0003755,15.0565705
STARLINK-34748,2025-152G,1,INCLINATION=HIGH (97.602000 > 83.857200),0.0002319,97.602,0.00061986,15.05657125
STARLINK-34749,2025-211Z,1,INCLINATION=HIGH (97.604600 > 83.857200),8.14e-05,97.6046,0.000413,15.05657259
STARLINK-34750,2025-165F,1,INCLINATION=HIGH (97.602300 > 83.857200),0.0001349,97.6023,0.00035945,15.0565975
STARLINK-34753,2025-158Q,1,INCLINATION=HIGH (97.601700 > 83.857200),0.00021965,97.6017,0.00049097885,15.05657045
STARLINK-34755,2025-158J,1,INCLINATION=HIGH (97.601300 > 83.857200),0.0001773,97.6013,0.00034361,15.01267282
STARLINK-34756,2025-152H,1,INCLINATION=HIGH (97.603000 > 83.857200),8.87e-05,97.603,0.0041692,15.04821334
STARLINK-34757,2025-152J,1,INCLINATION=HIGH (97.603400 > 83.857200),0.00023468,97.6034,0.00034065814,15.05655431
STARLINK-34758,2025-158P,1,INCLINATION=HIGH (97.601900 > 83.857200),0.0002169,97.6019,0.00027625,15.05654879
STARLINK-34761,2025-158Y,1,INCLINATION=HIGH (97.602700 > 83.857200),0.0002304,97.6027,0.00082702,15.05654268
STARLINK-34775,2025-158C,1,INCLINATION=HIGH (97.604300 > 83.857200),0.0001619,97.6043,0.0013086,15.05658128
STARLINK-34779,2025-165C,1,INCLINATION=HIGH (97.603100 > 83.857200),3.826e-05,97.6031,0.00058780694,15.05662548
STARLINK-34780,2025-165U,1,INCLINATION=HIGH (97.601800 > 83.857200),7.298e-05,97.6018,0.00059345741,15.05664261
STARLINK-34781,2025-165T,1,INCLINATION=HIGH (97.602300 > 83.857200),0.00011846,97.6023,0.00059658991,15.05663373
STARLINK-34786,2025-191N,1,INCLINATION=HIGH (97.602100 > 83.857200),0.0002685,97.6021,0.00026781,15.05654397
STARLINK-34788,2025-165A,1,INCLINATION=HIGH (97.603100 > 83.857200),8.635e-05,97.6031,0.00050801812,15.05674523
STARLINK-34793,2025-165J,1,INCLINATION=HIGH (97.604000 > 83.857200),4.03e-05,97.604,0.00050987,15.05662763
STARLINK-34794,2025-165Q,1,INCLINATION=HIGH (97.601700 > 83.857200),0.0001567,97.6017,0.00085521,15.05675888
STARLINK-34798,2025-165H,1,INCLINATION=HIGH (97.604100 > 83.857200),2.9e-05,97.6041,-2.5609e-05,15.05626527
STARLINK-34802,2025-165M,1,INCLINATION=HIGH (97.601800 > 83.857200),1.657e-05,97.6018,0.00058514059,15.05662869
STARLINK-34803,2025-165D,1,INCLINATION=HIGH (97.603600 > 83.857200),5.97e-05,97.6036,0.00056879,15.05663491
STARLINK-34805,2025-165R,1,INCLINATION=HIGH (97.601600 > 83.857200),6.51e-05,97.6016,0.00043066,15.05661511
STARLINK-34806,2025-165K,1,INCLINATION=HIGH (97.601600 > 83.857200),4.19e-05,97.6016,0.00061873,15.05654092
STARLINK-34809,2025-165P,1,INCLINATION=HIGH (97.602300 > 83.857200),0.00010353,97.6023,0.00059029306,15.0566218
STARLINK-34810,2025-165N,1,INCLINATION=HIGH (97.602000 > 83.857200),0.00011996,97.602,0.00037506561,15.05660794
STARLINK-34811,2025-191T,1,INCLINATION=HIGH (97.603000 > 83.857200),0.0002,97.603,1.5189e-05,15.05636102
STARLINK-34818,2025-179D,1,INCLINATION=HIGH (97.602200 > 83.857200),0.0001417,97.6022,0.00040576191,15.05656433
STARLINK-34834,2025-184Y,1,INCLINATION=HIGH (97.602800 > 83.857200),7.49e-05,97.6028,0.00033352,15.05670706
STARLINK-34836,2025-191W,1,INCLINATION=HIGH (97.602900 > 83.857200),0.0003166,97.6029,0.0011827,15.05701928
STARLINK-34842,2025-179A,1,INCLINATION=HIGH (97.603300 > 83.857200),0.0001056,97.6033,0.00059717,15.05661741
STARLINK-34845,2025-184S,1,INCLINATION=HIGH (97.603700 > 83.857200),0.00010841,97.6037,0.00037760943,15.05660461
STARLINK-34848,2025-191Z,1,INCLINATION=HIGH (97.602000 > 83.857200),0.0002845,97.602,0.00034091,15.05657274
STARLINK-34862,2025-175G,1,INCLINATION=HIGH (97.603700 > 83.857200),0.0002234,97.6037,0.00051998,15.05647974
STARLINK-34866,2025-175R,1,INCLINATION=HIGH (97.601900 > 83.857200),0.0002725,97.6019,0.00046953,15.05656305
STARLINK-34872,2025-184Z,1,INCLINATION=HIGH (97.602300 > 83.857200),0.0001341,97.6023,0.00034841,15.05657722
STARLINK-34876,2025-191X,1,INCLINATION=HIGH (97.602200 > 83.857200),0.00026,97.6022,0.00013666,15.0565043
STARLINK-34904,2025-184B,1,INCLINATION=HIGH (97.601800 > 83.857200),0.00011062,97.6018,0.00039581996,15.05648928
STARLINK-34909,2025-191Y,1,INCLINATION=HIGH (97.601900 > 83.857200),0.0002554,97.6019,0.0016798,15.05689423
STARLINK-34915,2025-175P,1,INCLINATION=HIGH (97.602300 > 83.857200),0.00023631,97.6023,0.00018701958,15.05653216
STARLINK-34917,2025-175S,1,INCLINATION=HIGH (97.602200 > 83.857200),0.0002229,97.6022,0.0034367,15.05624666
STARLINK-34919,2025-218M,1,INCLINATION=HIGH (97.604200 > 83.857200),0.0001395,97.6042,0.00091778,15.05632771
STARLINK-34920,2025-194P,1,INCLINATION=HIGH (97.601600 > 83.857200),0.0001053,97.6016,0.001188,15.05687797
STARLINK-34922,2025-184A,1,INCLINATION=HIGH (97.604800 > 83.857200),0.00010683,97.6048,0.00021690981,15.0564824
STARLINK-34923,2025-179N,1,INCLINATION=HIGH (97.602200 > 83.857200),0.0001188,97.6022,0.00039388122,15.05655851
STARLINK-34925,2025-179Q,1,INCLINATION=HIGH (97.602100 > 83.857200),0.00012041,97.6021,0.00031628971,15.05654875
STARLINK-34926,2025-175W,1,INCLINATION=HIGH (97.602300 > 83.857200),0.0002525,97.6023,0.00023323,15.05653556
STARLINK-34927,2025-175Y,1,INCLINATION=HIGH (97.601900 > 83.857200),0.0001657,97.6019,0.00027988,15.05653081
STARLINK-34928,2025-175X,1,INCLINATION=HIGH (97.601600 > 83.857200),0.0001656,97.6016,0.00027839,15.05655376
STARLINK-34929,2025-175E,1,INCLINATION=HIGH (97.603300 > 83.857200),0.00016767,97.6033,0.0006493224,15.0566256
STARLINK-34931,2025-191V,1,INCLINATION=HIGH (97.603100 > 83.857200),0.0001805,97.6031,0.0002805,15.05652742
STARLINK-34932,2025-175F,1,INCLINATION=HIGH (97.603800 > 83.857200),0.00018195,97.6038,0.0004154972,15.05659646
STARLINK-34933,2025-179U,1,INCLINATION=HIGH (97.603700 > 83.857200),7.34e-05,97.6037,0.00025623,15.05667146
STARLINK-34935,2025-184E,1,INCLINATION=HIGH (97.603600 > 83.857200),0.0001166,97.6036,0.00040258,15.05658115
STARLINK-34938,2025-179B,1,INCLINATION=HIGH (97.604900 > 83.857200),0.0001769,97.6049,0.00032708,15.05657425
STARLINK-34939,2025-175K,1,INCLINATION=HIGH (97.602400 > 83.857200),0.0002252,97.6024,-0.0011812,15.05628724
STARLINK-34940,2025-191U,1,INCLINATION=HIGH (97.602600 > 83.857200),0.0002261,97.6026,0.00039699884,15.05635383
STARLINK-34942,2025-175H,1,INCLINATION=HIGH (97.602100 > 83.857200),0.00034268,97.6021,0.00039021693,15.05631738
STARLINK-34944,2025-175J,1,INCLINATION=HIGH (97.603800 > 83.857200),0.0002286,97.6038,0.00014728,15.05661805
STARLINK-34945,2025-175M,1,INCLINATION=HIGH (97.602200 > 83.857200),0.0002228,97.6022,0.0004119206,15.0565306
STARLINK-34947,2025-175L,1,INCLINATION=HIGH (97.602500 > 83.857200),0.0002385,97.6025,0.00050166,15.05650716
STARLINK-34948,2025-175T,1,INCLINATION=HIGH (97.602200 > 83.857200),0.0002532,97.6022,0.00028484,15.05653757
STARLINK-34949,2025-175B,1,INCLINATION=HIGH (97.602900 > 83.857200),0.0002107,97.6029,0.00027851368,15.05653178
STARLINK-34950,2025-175V,1,INCLINATION=HIGH (97.601700 > 83.857200),0.0001618,97.6017,0.0013818,15.05658705
STARLINK-34951,2025-184W,1,INCLINATION=HIGH (97.602700 > 83.857200),7.155e-05,97.6027,0.00039555437,15.05657032
STARLINK-34952,2025-175Z,1,INCLINATION=HIGH (97.602200 > 83.857200),0.0002094,97.6022,0.00045796,15.05654074
STARLINK-34953,2025-179F,1,INCLINATION=HIGH (97.602700 > 83.857200),3.08e-05,97.6027,0.00052221,15.05675366
STARLINK-34954,2025-184C,1,INCLINATION=HIGH (97.602300 > 83.857200),0.00025585,97.6023,0.0022314411,15.057121
STARLINK-34955,2025-175U,1,INCLINATION=HIGH (97.601800 > 83.857200),0.000217,97.6018,0.00042526,15.05663823
STARLINK-34956,2025-175A,1,INCLINATION=HIGH (97.602900 > 83.857200),0.0002121,97.6029,0.00036583,15.05652621
STARLINK-34957,2025-191K,1,INCLINATION=HIGH (97.601900 > 83.857200),0.0001696,97.6019,0.00021169,15.05652917
STARLINK-34958,2025-179C,1,INCLINATION=HIGH (97.602400 > 83.857200),0.00012144,97.6024,0.0013925109,15.05665579
STARLINK-34959,2025-179M,1,INCLINATION=HIGH (97.602200 > 83.857200),5.795e-05,97.6022,0.00033312539,15.05654679
STARLINK-34961,2025-179T,1,INCLINATION=HIGH (97.604300 > 83.857200),0.00011194,97.6043,-8.095358e-05,15.05630035
STARLINK-34962,2025-179P,1,INCLINATION=HIGH (97.604300 > 83.857200),0.0001399,97.6043,0.00039011,15.05655216
STARLINK-34963,2025-179H,1,INCLINATION=HIGH (97.602100 > 83.857200),0.00024381,97.6021,0.00027869869,15.05663743
STARLINK-34964,2025-179E,1,INCLINATION=HIGH (97.602000 > 83.857200),0.00013848,97.602,0.00015816687,15.05660578
STARLINK-34965,2025-175N,1,INCLINATION=HIGH (97.602300 > 83.857200),0.0002744,97.6023,0.0003294,15.05655139
STARLINK-34966,2025-179Y,1,INCLINATION=HIGH (97.602500 > 83.857200),0.00017745,97.6025,0.00041932045,15.05655397
STARLINK-34967,2025-175D,1,INCLINATION=HIGH (97.603300 > 83.857200),0.00017947,97.6033,0.000560956,15.05649843
STARLINK-34968,2025-184D,1,INCLINATION=HIGH (97.602900 > 83.857200),8.225e-05,97.6029,0.0004088171,15.05655701
STARLINK-34969,2025-179G,1,INCLINATION=HIGH (97.603400 > 83.857200),0.00013747,97.6034,0.00021204697,15.05656223
STARLINK-34970,2025-194S,1,INCLINATION=HIGH (97.602400 > 83.857200),0.0001753,97.6024,0.00064578,15.05662367
STARLINK-34971,2025-179X,1,INCLINATION=HIGH (97.602800 > 83.857200),0.00012255,97.6028,0.0003141304,15.05654872
STARLINK-34972,2025-175Q,1,INCLINATION=HIGH (97.601000 > 83.857200),0.0002823,97.601,0.00089261,15.05647296
STARLINK-34973,2025-179R,1,INCLINATION=HIGH (97.602300 > 83.857200),9.79e-05,97.6023,0.00036877,15.05655112
STARLINK-34977,2025-179L,1,INCLINATION=HIGH (97.604600 > 83.857200),7e-05,97.6046,0.0004861,15.05646374
STARLINK-34978,2025-194B,1,INCLINATION=HIGH (97.601700 > 83.857200),0.0002952,97.6017,0.0001645,15.05651947
STARLINK-34979,2025-179V,1,INCLINATION=HIGH (97.602700 > 83.857200),0.00010567,97.6027,0.00033307208,15.05657888
STARLINK-34980,2025-179Z,1,INCLINATION=HIGH (97.604800 > 83.857200),0.0001177,97.6048,0.00065227,15.05652521
STARLINK-34982,2025-179J,1,INCLINATION=HIGH (97.604000 > 83.857200),4.69e-05,97.604,0.00035746,15.05659031
STARLINK-34984,2025-184T,1,INCLINATION=HIGH (97.604400 > 83.857200),8.15e-05,97.6044,0.0004116,15.05658702
STARLINK-34985,2025-191A,1,INCLINATION=HIGH (97.602900 > 83.857200),0.00017891,97.6029,0.00050693506,15.05656018
STARLINK-34987,2025-179W,1,INCLINATION=HIGH (97.604600 > 83.857200),5.89e-05,97.6046,0.00038879,15.0565741
STARLINK-34988,2025-194V,1,INCLINATION=HIGH (97.602500 > 83.857200),0.0002501,97.6025,0.00039955,15.01273171
STARLINK-34989,2025-179S,1,INCLINATION=HIGH (97.602400 > 83.857200),0.0001038,97.6024,0.00030749,15.05656619
STARLINK-34990,2025-179K,1,INCLINATION=HIGH (97.602800 > 83.857200),0.00019094,97.6028,0.00037331452,15.05655894
STARLINK-34991,2025-194N,1,INCLINATION=HIGH (97.602100 > 83.857200),0.0002584,97.6021,0.00035974,15.05657936
STARLINK-34993,2025-191L,1,INCLINATION=HIGH (97.602800 > 83.857200),0.0002468,97.6028,0.00055529766,15.0566809
STARLINK-34995,2025-184N,1,INCLINATION=HIGH (97.602600 > 83.857200),0.00011639,97.6026,0.0005068728,15.05643108
STARLINK-35000,2025-184F,1,INCLINATION=HIGH (97.602100 > 83.857200),0.0001494,97.6021,0.00078628,15.05680876
STARLINK-35001,2025-184H,1,INCLINATION=HIGH (97.603600 > 83.857200),8.675e-05,97.6036,0.00035863357,15.05654942
STARLINK-35002,2025-184U,1,INCLINATION=HIGH (97.602500 > 83.857200),8.9e-05,97.6025,0.00032543,15.05656991
STARLINK-35005,2025-194Y,1,INCLINATION=HIGH (97.601400 > 83.857200),0.0001405,97.6014,0.00040919,15.05658251
STARLINK-35006,2025-184M,1,INCLINATION=HIGH (97.603400 > 83.857200),0.00017438,97.6034,0.00043137095,15.05645969
STARLINK-35007,2025-184Q,1,INCLINATION=HIGH (97.602400 > 83.857200),7.94e-05,97.6024,0.00029507,15.05656616
STARLINK-35009,2025-194R,1,INCLINATION=HIGH (97.601600 > 83.857200),0.0001344,97.6016,0.00021028,15.05654177
STARLINK-35010,2025-184J,1,INCLINATION=HIGH (97.604200 > 83.857200),6.204e-05,97.6042,-0.00039641639,15.05623596
STARLINK-35012,2025-191F,1,INCLINATION=HIGH (97.603900 > 83.857200),0.0001606,97.6039,0.00044952,15.05656644
STARLINK-35015,2025-184L,1,INCLINATION=HIGH (97.603100 > 83.857200),4.49e-05,97.6031,0.00032396,15.05636847
STARLINK-35017,2025-184V,1,INCLINATION=HIGH (97.603400 > 83.857200),7.948e-05,97.6034,0.0003623175,15.05656543
STARLINK-35018,2025-184R,1,INCLINATION=HIGH (97.604400 > 83.857200),0.0001445,97.6044,0.0004049,15.056665
STARLINK-35021,2025-184K,1,INCLINATION=HIGH (97.602100 > 83.857200),0.00017821,97.6021,-0.000162175,15.05645494
STARLINK-35023,2025-184G,1,INCLINATION=HIGH (97.602600 > 83.857200),0.00010483,97.6026,0.00037239557,15.05657385
STARLINK-35028,2025-191C,1,INCLINATION=HIGH (97.602100 > 83.857200),0.0002032,97.6021,0.00017893,15.05650564
STARLINK-35029,2025-194M,1,INCLINATION=HIGH (97.602000 > 83.857200),0.0002453,97.602,0.00042193,15.05647796
STARLINK-35030,2025-194Q,1,INCLINATION=HIGH (97.603100 > 83.857200),0.0001855,97.6031,0.0004316,15.05648196
STARLINK-35032,2025-191D,1,INCLINATION=HIGH (97.603800 > 83.857200),0.0002113,97.6038,0.00052116,15.05677428
STARLINK-35039,2025-194T,1,INCLINATION=HIGH (97.602200 > 83.857200),0.00025772,97.6022,0.00042461565,15.05643893
STARLINK-35043,2025-194C,1,INCLINATION=HIGH (97.604100 > 83.857200),0.0002371,97.6041,0.00033199,15.01267271
STARLINK-35044,2025-200S,1,INCLINATION=HIGH (97.602400 > 83.857200),0.00014381,97.6024,0.00054241417,15.05659782
STARLINK-35045,2025-194F,1,INCLINATION=HIGH (97.602200 > 83.857200),0.0002703,97.6022,0.00044555,15.05644514
STARLINK-35047,2025-218R,1,INCLINATION=HIGH (97.602500 > 83.857200),0.000167,97.6025,0.00059632,15.05675625
STARLINK-35048,2025-184P,1,INCLINATION=HIGH (97.603000 > 83.857200),4.683e-05,97.603,0.00033019454,15.05657917
STARLINK-35049,2025-194L,1,INCLINATION=HIGH (97.602900 > 83.857200),0.0002127,97.6029,0.00036548,15.0565616
STARLINK-35050,2025-194G,1,INCLINATION=HIGH (97.601700 > 83.857200),0.0001814,97.6017,0.00087709,15.0564388
STARLINK-35051,2025-191B,1,INCLINATION=HIGH (97.602400 > 83.857200),0.0002371,97.6024,0.00015018,15.05650591
STARLINK-35052,2025-200W,1,INCLINATION=HIGH (97.601200 > 83.857200),4.33e-05,97.6012,0.00014955,15.05628634
STARLINK-35053,2025-207T,1,INCLINATION=HIGH (97.603400 > 83.857200),1.485e-05,97.6034,0.00092694007,15.05682772
STARLINK-35054,2025-191E,1,INCLINATION=HIGH (97.598400 > 83.857200),0.0002972,97.5984,7.4825e-05,15.05653657
STARLINK-35055,2025-200E,1,INCLINATION=HIGH (97.601900 > 83.857200),8.4e-05,97.6019,0.00042657,15.05659265
STARLINK-35057,2025-200F,1,INCLINATION=HIGH (97.604600 > 83.857200),8.747e-05,97.6046,0.00054892025,15.05663165
STARLINK-35058,2025-191R,1,INCLINATION=HIGH (97.605500 > 83.857200),0.0001935,97.6055,0.00065921,15.05661479
STARLINK-35059,2025-194W,1,INCLINATION=HIGH (97.604100 > 83.857200),0.000201,97.6041,0.00037737,15.01264587
STARLINK-35063,2025-200J,1,INCLINATION=HIGH (97.603300 > 83.857200),0.0001335,97.6033,0.0027426,15.05733322
STARLINK-35064,2025-200M,1,INCLINATION=HIGH (97.602300 > 83.857200),8.229e-05,97.6023,0.00055494881,15.05660371
STARLINK-35065,2025-194H,1,INCLINATION=HIGH (97.599700 > 83.857200),0.0001906,97.5997,0.0014972,15.05646702
STARLINK-35066,2025-191H,1,INCLINATION=HIGH (97.602200 > 83.857200),0.0002456,97.6022,0.00017361,15.05651526
STARLINK-35067,2025-200H,1,INCLINATION=HIGH (97.602700 > 83.857200),0.00015259,97.6027,0.00049576808,15.05661427
STARLINK-35068,2025-194E,1,INCLINATION=HIGH (97.601700 > 83.857200),0.0002095,97.6017,0.00034798,15.05656865
STARLINK-35073,2025-191G,1,INCLINATION=HIGH (97.602100 > 83.857200),0.00023056,97.6021,0.00035203369,15.05652974
STARLINK-35076,2025-194Z,1,INCLINATION=HIGH (97.602500 > 83.857200),0.0002993,97.6025,0.0007927,15.05669351
STARLINK-35077,2025-200K,1,INCLINATION=HIGH (97.602500 > 83.857200),7.531e-05,97.6025,0.00041425128,15.05658224
STARLINK-35078,2025-200D,1,INCLINATION=HIGH (97.602200 > 83.857200),9.592e-05,97.6022,0.00053204314,15.05659888
STARLINK-35080,2025-194D,1,INCLINATION=HIGH (97.602200 > 83.857200),0.0002271,97.6022,0.00044273,15.05659102
STARLINK-35082,2025-191P,1,INCLINATION=HIGH (97.601900 > 83.857200),0.0002032,97.6019,0.00042465,15.05658191
STARLINK-35083,2025-191M,1,INCLINATION=HIGH (97.602500 > 83.857200),0.0002985,97.6025,0.00039131,15.05635092
STARLINK-35084,2025-194U,1,INCLINATION=HIGH (97.603500 > 83.857200),0.0002121,97.6035,0.00040712,15.05658208
STARLINK-35087,2025-200X,1,INCLINATION=HIGH (97.601900 > 83.857200),2.63e-05,97.6019,0.00043114,15.05660164
STARLINK-35094,2025-191S,1,INCLINATION=HIGH (97.603800 > 83.857200),0.00014437,97.6038,0.00063044413,15.05660632
STARLINK-35097,2025-191Q,1,INCLINATION=HIGH (97.603700 > 83.857200),0.0002088,97.6037,0.00050779,15.05650671
STARLINK-35100,2025-200Y,1,INCLINATION=HIGH (97.603200 > 83.857200),7.74e-05,97.6032,0.00052419,15.05664508
STARLINK-35105,2025-200Z,1,INCLINATION=HIGH (97.603200 > 83.857200),5.262e-05,97.6032,0.00045160742,15.05648386
STARLINK-35110,2025-200V,1,INCLINATION=HIGH (97.604900 > 83.857200),4.376e-05,97.6049,0.00030216912,15.05667221
STARLINK-35112,2025-200A,1,INCLINATION=HIGH (97.603800 > 83.857200),0.0001153,97.6038,0.0011396,15.05638914
STARLINK-35115,2025-211P,1,INCLINATION=HIGH (97.603100 > 83.857200),0.00012634,97.6031,0.00028336414,15.05660364
STARLINK-35120,2025-211H,1,INCLINATION=HIGH (97.602200 > 83.857200),0.00016192,97.6022,0.00035414518,15.05657757
STARLINK-35125,2025-200Q,1,INCLINATION=HIGH (97.603600 > 83.857200),0.00015196,97.6036,0.00053036671,15.05661265
STARLINK-35133,2025-200R,1,INCLINATION=HIGH (97.602400 > 83.857200),3.801e-05,97.6024,0.00030960604,15.05635579
STARLINK-35136,2025-200T,1,INCLINATION=HIGH (97.602400 > 83.857200),0.00016109,97.6024,0.0007456678,15.05660361
STARLINK-35142,2025-194A,1,INCLINATION=HIGH (97.602200 > 83.857200),0.0001454,97.6022,0.00047615,15.05649797
STARLINK-35144,2025-200U,1,INCLINATION=HIGH (97.602400 > 83.857200),2.414e-05,97.6024,0.00073000886,15.05641806
STARLINK-35152,2025-200L,1,INCLINATION=HIGH (97.602000 > 83.857200),6.01e-05,97.602,0.00041133,15.05660014
STARLINK-35154,2025-207W,1,INCLINATION=HIGH (97.603400 > 83.857200),7.19e-05,97.6034,0.00051446,15.05661583
STARLINK-35156,2025-207R,1,INCLINATION=HIGH (97.603700 > 83.857200),0.0002302,97.6037,-0.00022347,15.05701914
STARLINK-35157,2025-218Z,1,INCLINATION=HIGH (97.602500 > 83.857200),0.00018302,97.6025,0.00043265616,15.05637063
STARLINK-35162,2025-207X,1,INCLINATION=HIGH (97.602000 > 83.857200),5.249e-05,97.602,0.00062118224,15.05660334
STARLINK-35170,2025-200N,1,INCLINATION=HIGH (97.604900 > 83.857200),0.00011351,97.6049,0.00053153385,15.05660158
STARLINK-35171,2025-207P,1,INCLINATION=HIGH (97.602000 > 83.857200),6.22e-05,97.602,0.0010038,15.05701264
STARLINK-35172,2025-200P,1,INCLINATION=HIGH (97.603200 > 83.857200),0.0002024,97.6032,0.00078361,15.05697182
STARLINK-35174,2025-207Z,1,INCLINATION=HIGH (97.602500 > 83.857200),9.849e-05,97.6025,-0.00022598414,15.05639072
STARLINK-35176,2025-211L,1,INCLINATION=HIGH (97.602100 > 83.857200),9.509e-05,97.6021,0.00033647714,15.05658166
STARLINK-35177,2025-211X,1,INCLINATION=HIGH (97.604700 > 83.857200),0.0001981,97.6047,0.00039371,15.05657795
STARLINK-35178,2025-207U,1,INCLINATION=HIGH (97.604000 > 83.857200),2.39e-05,97.604,0.00052721,15.0567054
STARLINK-35181,2025-211Q,1,INCLINATION=HIGH (97.603000 > 83.857200),0.00010076,97.603,0.00030646156,15.05654141
STARLINK-35185,2025-207S,1,INCLINATION=HIGH (97.601900 > 83.857200),2.82e-05,97.6019,0.00069439,15.05637453
STARLINK-35186,2025-207V,1,INCLINATION=HIGH (97.603100 > 83.857200),6.73e-05,97.6031,0.00042711,15.05660755
STARLINK-35187,2025-200B,1,INCLINATION=HIGH (97.602200 > 83.857200),3.771e-05,97.6022,0.00045475297,15.05658279
STARLINK-35188,2025-200C,1,INCLINATION=HIGH (97.603200 > 83.857200),9.154e-05,97.6032,0.00054385157,15.05657784
STARLINK-3519,2022-022AQ,1,ECCENTRICITY=HIGH (0.000618 > 0.000535),0.0006179,53.1548,0.0011447,16.39176262
STARLINK-35190,2025-211M,1,INCLINATION=HIGH (97.602800 > 83.857200),0.0001193,97.6028,0.001047,15.05693639
STARLINK-35191,2025-207C,1,INCLINATION=HIGH (97.602200 > 83.857200),0.0001194,97.6022,0.00044,15.05662432
STARLINK-35194,2025-211V,1,INCLINATION=HIGH (97.604800 > 83.857200),6.88e-05,97.6048,0.00036642,15.05655798
STARLINK-35195,2025-207Q,1,INCLINATION=HIGH (97.603700 > 83.857200),5.448e-05,97.6037,3.474068e-05,15.0563491
STARLINK-35198,2025-211W,1,INCLINATION=HIGH (97.605200 > 83.857200),0.0001284,97.6052,0.0004171,15.05657841
STARLINK-35201,2025-211N,1,INCLINATION=HIGH (97.602200 > 83.857200),0.00013859,97.6022,0.00040275887,15.05638988
STARLINK-35206,2025-207Y,1,INCLINATION=HIGH (97.602500 > 83.857200),0.00011282,97.6025,0.00032902832,15.05665423
STARLINK-35215,2025-218Y,1,INCLINATION=HIGH (97.602400 > 83.857200),0.0002368,97.6024,0.00044693,15.05645659
STARLINK-35220,2025-211K,1,INCLINATION=HIGH (97.602100 > 83.857200),9.04e-05,97.6021,0.0003499,15.0565669
STARLINK-35224,2025-218W,1,INCLINATION=HIGH (97.603500 > 83.857200),0.000461,97.6035,0.0003548,15.05679527
STARLINK-35227,2025-211C,1,INCLINATION=HIGH (97.602600 > 83.857200),0.0001461,97.6026,0.00029535327,15.05653832
STARLINK-35229,2025-207J,1,INCLINATION=HIGH (97.603500 > 83.857200),0.0001132,97.6035,0.00049048,15.05661658
STARLINK-35234,2025-207K,1,INCLINATION=HIGH (97.602100 > 83.857200),7.288e-05,97.6021,0.00030152721,15.05656058
STARLINK-35238,2025-221U,1,BSTAR=HIGH (0.004770 > 0.004463),0.00020804,53.1495,0.004769974,16.19845975
STARLINK-35240,2025-211D,1,INCLINATION=HIGH (97.603300 > 83.857200),0.0001366,97.6033,0.00027240184,15.05653869
STARLINK-35245,2025-207H,1,INCLINATION=HIGH (97.602400 > 83.857200),0.0001012,97.6024,0.00051812077,15.05661438
STARLINK-35246,2025-211J,1,INCLINATION=HIGH (97.602700 > 83.857200),0.0001432,97.6027,0.00034024,15.05655631
STARLINK-35248,2025-207G,1,INCLINATION=HIGH (97.602600 > 83.857200),0.00011971,97.6026,0.00059928491,15.05663452
STARLINK-35250,2025-207M,1,INCLINATION=HIGH (97.603900 > 83.857200),2.86e-05,97.6039,0.00047632929,15.05658249
STARLINK-35251,2025-207N,1,INCLINATION=HIGH (97.602900 > 83.857200),4.79e-05,97.6029,0.0007343,15.05675837
STARLINK-35253,2025-207E,1,INCLINATION=HIGH (97.601800 > 83.857200),0.00010952,97.6018,0.00055807827,15.05661349
STARLINK-35254,2025-211Y,1,INCLINATION=HIGH (97.604700 > 83.857200),0.0001102,97.6047,0.00035667,15.05656147
STARLINK-35255,2025-207L,1,INCLINATION=HIGH (97.601800 > 83.857200),2.97e-05,97.6018,-0.00017946,15.05633205
STARLINK-35261,2025-207D,1,INCLINATION=HIGH (97.603500 > 83.857200),0.00010706,97.6035,0.00048232155,15.05662237
STARLINK-35263,2025-207F,1,INCLINATION=HIGH (97.602700 > 83.857200),0.00011806,97.6027,0.00039096066,15.05654067
STARLINK-35266,2025-218P,1,INCLINATION=HIGH (97.602000 > 83.857200),0.00019415,97.602,0.00041364496,15.05655251
STARLINK-35267,2025-207A,1,INCLINATION=HIGH (97.602200 > 83.857200),0.000176,97.6022,-0.00046058,15.05653134
STARLINK-35268,2025-218V,1,INCLINATION=HIGH (97.603900 > 83.857200),0.0002326,97.6039,0.00033151,15.05652704
STARLINK-35269,2025-207B,1,INCLINATION=HIGH (97.601700 > 83.857200),6.319e-05,97.6017,0.00048779508,15.0565846
STARLINK-35271,2025-218X,1,INCLINATION=HIGH (97.602300 > 83.857200),0.0002415,97.6023,0.00029326,15.05655702
STARLINK-35273,2025-218Q,1,INCLINATION=HIGH (97.601900 > 83.857200),0.00027224,97.6019,0.00019720565,15.05662762
STARLINK-35282,2025-211G,1,INCLINATION=HIGH (97.602100 > 83.857200),0.00012279,97.6021,0.00021286148,15.05634804
STARLINK-35285,2025-218S,1,INCLINATION=HIGH (97.601200 > 83.857200),0.0003148,97.6012,2.8578e-05,15.05654323
STARLINK-35286,2025-218N,1,INCLINATION=HIGH (97.602000 > 83.857200),0.0002299,97.602,0.0002858,15.056543
STARLINK-35289,2025-218U,1,INCLINATION=HIGH (97.603900 > 83.857200),0.0001793,97.6039,0.0004899,15.05638746
STARLINK-35296,2025-218L,1,INCLINATION=HIGH (97.602600 > 83.857200),0.0002715,97.6026,0.0011266357,15.05686081
STARLINK-35300,2025-218K,1,INCLINATION=HIGH (97.601700 > 83.857200),0.0002453,97.6017,0.0004486,15.05649275
STARLINK-3531,2022-016K,1,ECCENTRICITY=HIGH (0.001020 > 0.000535),0.0010195,53.1247,0.0031356,16.38617068
STARLINK-35328,2025-211A,1,INCLINATION=HIGH (97.603100 > 83.857200),0.0001991,97.6031,0.00040893,15.05642313
STARLINK-35330,2025-218A,1,INCLINATION=HIGH (97.602300 > 83.857200),0.0002351,97.6023,0.00014421,15.05652044
STARLINK-35344,2025-211E,1,INCLINATION=HIGH (97.602600 > 83.857200),0.0001231,97.6026,0.0004108,15.05648169
STARLINK-35351,2025-211S,1,INCLINATION=HIGH (97.603700 > 83.857200),0.00011742,97.6037,0.00078634337,15.05648856
STARLINK-35353,2025-211T,1,INCLINATION=HIGH (97.605000 > 83.857200),8.47e-05,97.605,0.00039181,15.0565848
STARLINK-35357,2025-218J,1,INCLINATION=HIGH (97.601500 > 83.857200),0.0001819,97.6015,0.00041551,15.05667714
STARLINK-35359,2025-211U,1,INCLINATION=HIGH (97.604900 > 83.857200),0.00019955,97.6049,-0.00027164702,15.05667429
STARLINK-35361,2025-211R,1,INCLINATION=HIGH (97.603300 > 83.857200),6.29e-05,97.6033,0.0011009408,15.05653265
STARLINK-3537,2022-029A,1,ECCENTRICITY=HIGH (0.001033 > 0.000535),0.001033,53.1921,0.00024213,16.44563908
STARLINK-35373,2025-218B,1,INCLINATION=HIGH (97.603700 > 83.857200),0.000125,97.6037,0.00044332,15.05656912
STARLINK-35378,2025-218D,1,INCLINATION=HIGH (97.601900 > 83.857200),0.00018912,97.6019,0.00036480216,15.05656121
STARLINK-35383,2025-218C,1,INCLINATION=HIGH (97.603100 > 83.857200),0.0002369,97.6031,0.00031382,15.05653593
STARLINK-3539,2022-022B,1,ECCENTRICITY=HIGH (0.001305 > 0.000535),0.0013052,53.2062,0.00050508,16.40291307
STARLINK-35390,2025-218F,1,INCLINATION=HIGH (97.603800 > 83.857200),0.0002081,97.6038,0.00046612,15.05650358
STARLINK-35406,2025-218E,1,INCLINATION=HIGH (97.601600 > 83.857200),0.00023232,97.6016,0.00036667463,15.05655322
STARLINK-35412,2025-218G,1,INCLINATION=HIGH (97.602700 > 83.857200),0.0002305,97.6027,0.00073894,15.05643813
STARLINK-35414,2025-218H,1,INCLINATION=HIGH (97.602500 > 83.857200),0.0001709,97.6025,0.00040758,15.05658307
STARLINK-35685,2025-299AC,1,BSTAR=LOW (-0.038239 < -0.003262),0.0001093,43.0,-0.038239,15.29085323
STARLINK-35725,2026-016E,1,INCLINATION=HIGH (97.285200 > 83.857200),9.526e-05,97.2852,0.0016039359,15.75291738
STARLINK-35738,2025-299Q,1,BSTAR=LOW (-0.123460 < -0.003262),0.0001447,43.0,-0.12346,15.31279559
STARLINK-35808,2026-041N,1,BSTAR=LOW (-0.006295 < -0.003262),5.31e-05,53.1586,-0.0062947,15.87870393
STARLINK-35843,2026-018T,1,INCLINATION=HIGH (97.284900 > 83.857200),0.000469,97.2849,0.0023231,15.75236502
STARLINK-35892,2025-299P,1,BSTAR=LOW (-0.040984 < -0.003262),8.58e-05,43.0,-0.040984,15.2912458
STARLINK-35911,2026-041M,1,BSTAR=LOW (-0.006381 < -0.003262),7.01e-05,53.1589,-0.0063806,15.87741177
STARLINK-35934,2026-014L,1,INCLINATION=HIGH (97.283800 > 83.857200),0.00017259,97.2838,0.0017448133,15.75154342
STARLINK-3596,2022-017BB,1,ECCENTRICITY=HIGH (0.000839 > 0.000535),0.0008391,53.1657,0.0028472,16.35572733
STARLINK-35998,2026-041R,1,BSTAR=LOW (-0.006222 < -0.003262),5.71e-05,53.1588,-0.0062218,15.88136195
STARLINK-36,2019-029R,1,ECCENTRICITY=HIGH (0.000923 > 0.000535),0.0009234,52.9869,0.0001169,16.26094342
STARLINK-36035,2025-298H,1,BSTAR=LOW (-0.004541 < -0.003262),0.0001868,70.0048,-0.004541,14.9904475
STARLINK-36119,2026-020C,1,BSTAR=LOW (-0.022664 < -0.003262),0.0001116,42.9998,-0.022664,15.63736255
STARLINK-36151,2025-299X,1,BSTAR=LOW (-0.110120 < -0.003262),0.0001396,43.0001,-0.11012,15.30072047
STARLINK-36166,2025-298K,1,BSTAR=LOW (-0.005301 < -0.003262),0.0002346,70.0019,-0.0053009,14.98440662
STARLINK-36179,2025-299T,1,BSTAR=LOW (-0.010853 < -0.003262),0.0001443,43.0016,-0.010853,15.28598995
STARLINK-36181,2026-041H,1,BSTAR=LOW (-0.006555 < -0.003262),7.85e-05,53.1591,-0.0065554,15.87095284
STARLINK-36195,2025-299Y,1,BSTAR=LOW (-0.067367 < -0.003262),0.0001333,42.9995,-0.067367,15.33812534
STARLINK-36200,2025-298AC,1,BSTAR=HIGH (0.007187 > 0.004463),0.0001819,70.0014,0.0071874,14.98235679
STARLINK-36212,2025-304AA,1,BSTAR=HIGH (0.004525 > 0.004463),0.0004652,70.0008,0.0045246,14.98306105
STARLINK-36256,2025-299B,1,BSTAR=LOW (-0.021628 < -0.003262),0.0001989,43.0012,-0.021628,15.2868813
STARLINK-36259,2025-299E,1,BSTAR=LOW (-0.085755 < -0.003262),7.62e-05,43.0008,-0.085755,15.30959216
STARLINK-3627,2022-017AF,1,ECCENTRICITY=HIGH (0.001157 > 0.000535),0.0011572,53.1105,0.0030363,16.36954335
STARLINK-36287,2026-025R,1,INCLINATION=HIGH (97.283700 > 83.857200),0.0001735,97.2837,0.0032729,15.75398047
STARLINK-36289,2026-033G,1,BSTAR=LOW (-0.012359 < -0.003262),0.0001502,42.9992,-0.012359,15.78112682
STARLINK-36316,2026-025N,1,INCLINATION=HIGH (97.282800 > 83.857200),0.0001842,97.2828,0.0019349,15.75333641
STARLINK-36318,2026-041J,1,BSTAR=LOW (-0.006430 < -0.003262),6.34e-05,53.1591,-0.0064298,15.87381118
STARLINK-36321,2026-041G,1,BSTAR=LOW (-0.006467 < -0.003262),6.65e-05,53.1591,-0.0064674,15.87224552
STARLINK-3633,2022-017AB,1,BSTAR=HIGH (0.012214 > 0.004463),0.0001428,53.2192,0.012214,15.41020329
STARLINK-36335,2026-040A,1,INCLINATION=HIGH (97.276200 > 83.857200),0.0001042,97.2762,-0.0021608,16.01637271
STARLINK-36338,2026-025M,1,INCLINATION=HIGH (97.284200 > 83.857200),8.77e-05,97.2842,0.00081429,15.7521811
STARLINK-36342,2026-022B,1,INCLINATION=HIGH (97.283800 > 83.857200),0.0001962,97.2838,0.0016072,15.75217941
STARLINK-36343,2026-032V,1,INCLINATION=HIGH (97.284600 > 83.857200),0.0001712,97.2846,0.0013748,15.75228835
STARLINK-36344,2026-025T,1,INCLINATION=HIGH (97.284100 > 83.857200),7.7e-06,97.2841,0.0017126,15.75270285
STARLINK-36346,2026-032X,1,INCLINATION=HIGH (97.284500 > 83.857200),0.0001508,97.2845,0.00069018,15.75212847
STARLINK-36350,2026-016M,1,INCLINATION=HIGH (97.285000 > 83.857200),0.00011998,97.285,0.0020071395,15.75312339
STARLINK-36351,2026-018U,1,INCLINATION=HIGH (97.283800 > 83.857200),0.0001048,97.2838,9.8452e-06,15.7520592
STARLINK-36352,2026-016G,1,INCLINATION=HIGH (97.284800 > 83.857200),0.00017678,97.2848,0.0014723911,15.75262611
STARLINK-36353,2026-032Z,1,INCLINATION=HIGH (97.284900 > 83.857200),0.00016,97.2849,0.0011286,15.75239428
STARLINK-36354,2026-032D,1,INCLINATION=HIGH (97.285100 > 83.857200),0.0001185,97.2851,0.00059587,15.75203898
STARLINK-36367,2026-020N,1,BSTAR=LOW (-0.023181 < -0.003262),0.0001498,42.9993,-0.023181,15.63216836
STARLINK-36373,2026-040AB,1,INCLINATION=HIGH (97.276000 > 83.857200),9.8e-05,97.276,-0.0019281,16.03324827
STARLINK-36377,2026-032R,1,INCLINATION=HIGH (97.284900 > 83.857200),0.0001206,97.2849,0.0012518,15.75232051
STARLINK-36378,2026-040L,1,INCLINATION=HIGH (97.276700 > 83.857200),9.21e-05,97.2767,-0.0019845,16.02783482
STARLINK-36382,2026-032L,1,INCLINATION=HIGH (97.285000 > 83.857200),0.0001388,97.285,0.00073853,15.75139172
STARLINK-36384,2026-018J,1,INCLINATION=HIGH (97.283400 > 83.857200),9.233e-05,97.2834,0.0007498703,15.75211985
STARLINK-36385,2026-025AA,1,INCLINATION=HIGH (97.286000 > 83.857200),0.0001519,97.286,0.0015562,15.80915484
STARLINK-36387,2026-018X,1,INCLINATION=HIGH (97.284300 > 83.857200),0.0002243,97.2843,0.0018471,15.75239406
STARLINK-36388,2026-040Z,1,INCLINATION=HIGH (97.277100 > 83.857200),0.0001059,97.2771,-0.0022421,16.03887394
STARLINK-36389,2026-032K,1,INCLINATION=HIGH (97.284500 > 83.857200),0.0001586,97.2845,0.0010723,15.75241244
STARLINK-36394,2026-016F,1,INCLINATION=HIGH (97.284500 > 83.857200),6.276e-05,97.2845,0.0024239345,15.75336633
STARLINK-36395,2026-014Y,1,INCLINATION=HIGH (97.284400 > 83.857200),0.0002466,97.2844,0.0031074,15.75429909
STARLINK-36397,2026-014G,1,INCLINATION=HIGH (97.284300 > 83.857200),0.00015459,97.2843,0.0015716046,15.75167936
STARLINK-36398,2026-016B,1,INCLINATION=HIGH (97.284000 > 83.857200),0.00016962,97.284,0.0012213496,15.75240168
STARLINK-36400,2026-016Q,1,INCLINATION=HIGH (97.284900 > 83.857200),0.0002745,97.2849,0.0019056,15.75308431
STARLINK-36401,2026-025D,1,INCLINATION=HIGH (97.284400 > 83.857200),0.0002834,97.2844,0.0013739,15.75267074
STARLINK-36403,2026-016C,1,INCLINATION=HIGH (97.284000 > 83.857200),0.00017473,97.284,0.0022681911,15.75367173
STARLINK-36405,2026-036T,1,BSTAR=LOW (-0.017021 < -0.003262),0.0001376,42.9991,-0.017021,15.70999844
STARLINK-36406,2026-036V,1,BSTAR=LOW (-0.020471 < -0.003262),0.0001495,42.9992,-0.020471,15.66541216
STARLINK-36407,2026-018Z,1,INCLINATION=HIGH (97.283200 > 83.857200),0.00014289,97.2832,0.00073104724,15.75205101
STARLINK-36416,2026-020P,1,BSTAR=LOW (-0.020589 < -0.003262),0.0001201,42.9993,-0.020589,15.66259043
STARLINK-36417,2026-014B,1,INCLINATION=HIGH (97.284600 > 83.857200),0.00030772,97.2846,0.0025132811,15.75343572
STARLINK-36419,2026-016Z,1,INCLINATION=HIGH (97.283600 > 83.857200),0.00016118,97.2836,0.00080036177,15.75203357
STARLINK-36426,2026-014AA,1,INCLINATION=HIGH (97.284100 > 83.857200),0.00012569,97.2841,0.002123825,15.75152456
STARLINK-36435,2026-016H,1,INCLINATION=HIGH (97.284100 > 83.857200),6.241e-05,97.2841,0.00084190106,15.75196301
STARLINK-36436,2026-020K,1,BSTAR=LOW (-0.027472 < -0.003262),0.0001475,42.9997,-0.027472,15.58532759
STARLINK-36438,2026-020J,1,BSTAR=LOW (-0.021934 < -0.003262),0.0001253,42.9992,-0.021934,15.64713523
STARLINK-36439,2026-020H,1,BSTAR=LOW (-0.025172 < -0.003262),0.0001092,42.999,-0.025172,15.60385217
STARLINK-36476,2026-002K,1,ECCENTRICITY=HIGH (0.000562 > 0.000535),0.00056218,42.9997,0.0013580402,15.27625215
STARLINK-36514,2026-020AA,1,BSTAR=LOW (-0.030164 < -0.003262),0.0001488,43.0,-0.030164,15.55723096
STARLINK-36516,2026-008L,1,ECCENTRICITY=HIGH (0.000631 > 0.000535),0.0006312,42.9979,0.0012685,15.27611988
STARLINK-36532,2026-020M,1,BSTAR=LOW (-0.027051 < -0.003262),0.0001549,42.9998,-0.027051,15.58393962
STARLINK-36533,2026-020AC,1,BSTAR=LOW (-0.026554 < -0.003262),9.42e-05,42.9993,-0.026554,15.59054624
STARLINK-3654,2022-025AZ,1,ECCENTRICITY=HIGH (0.000864 > 0.000535),0.000864,53.1922,0.00029766,16.46427413
STARLINK-36548,2026-020A,1,BSTAR=LOW (-0.027474 < -0.003262),0.0001036,42.9995,-0.027474,15.58708859
STARLINK-36556,2026-020AB,1,BSTAR=LOW (-0.027819 < -0.003262),0.0001459,42.9994,-0.027819,15.5828122
STARLINK-36559,2026-014Z,1,INCLINATION=HIGH (97.286000 > 83.857200),0.000222,97.286,0.0021868,15.75170206
STARLINK-3656,2022-025Z,1,ECCENTRICITY=HIGH (0.000810 > 0.000535),0.00081049,53.2066,0.00085494587,16.34906444
STARLINK-36560,2026-016AA,1,INCLINATION=HIGH (97.283700 > 83.857200),0.0002065,97.2837,0.0019749,15.75265068
STARLINK-36561,2026-014F,1,INCLINATION=HIGH (97.284800 > 83.857200),0.00017007,97.2848,0.0015756217,15.75216874
STARLINK-36562,2026-016K,1,INCLINATION=HIGH (97.282900 > 83.857200),0.00016526,97.2829,0.00095029971,15.75247436
STARLINK-36563,2026-014U,1,INCLINATION=HIGH (97.284900 > 83.857200),0.0002302,97.2849,0.0014999,15.75230877
STARLINK-36564,2026-014T,1,INCLINATION=HIGH (97.285200 > 83.857200),0.0002007,97.2852,0.0022458,15.75179032
STARLINK-36565,2026-014N,1,INCLINATION=HIGH (97.283900 > 83.857200),0.00014034,97.2839,0.001005423,15.75220133
STARLINK-36566,2026-014V,1,INCLINATION=HIGH (97.284400 > 83.857200),0.0001399,97.2844,0.00092409,15.75230071
STARLINK-36567,2026-014W,1,INCLINATION=HIGH (97.285400 > 83.857200),0.000208,97.2854,0.0020891,15.75159368
STARLINK-36568,2026-040C,1,INCLINATION=HIGH (97.276300 > 83.857200),9.38e-05,97.2763,-0.002101,16.01937518
STARLINK-36569,2026-014X,1,INCLINATION=HIGH (97.284400 > 83.857200),0.00013794,97.2844,0.0020411565,15.751537
STARLINK-36570,2026-020Z,1,BSTAR=LOW (-0.021903 < -0.003262),0.0001508,42.9992,-0.021903,15.64636118
STARLINK-36571,2026-016U,1,INCLINATION=HIGH (97.284600 > 83.857200),0.000323,97.2846,0.0017231,15.75279004
STARLINK-36572,2026-014E,1,INCLINATION=HIGH (97.283800 > 83.857200),0.0001946,97.2838,0.0024831,15.75299362
STARLINK-36573,2026-014H,1,INCLINATION=HIGH (97.283800 > 83.857200),0.00018167,97.2838,0.00089696495,15.75196033
STARLINK-36574,2026-014D,1,INCLINATION=HIGH (97.284800 > 83.857200),0.00014971,97.2848,0.0018034958,15.75145262
STARLINK-36575,2026-016J,1,INCLINATION=HIGH (97.284400 > 83.857200),0.00022356,97.2844,0.0014719868,15.75277495
STARLINK-36576,2026-014C,1,INCLINATION=HIGH (97.287900 > 83.857200),0.00020932,97.2879,0.0012626394,15.75258175
STARLINK-36577,2026-016Y,1,INCLINATION=HIGH (97.284900 > 83.857200),0.00017389,97.2849,0.0019759144,15.75316651
STARLINK-36578,2026-016L,1,INCLINATION=HIGH (97.284000 > 83.857200),0.0003615,97.284,0.0016491,15.75242906
STARLINK-36579,2026-014K,1,INCLINATION=HIGH (97.284400 > 83.857200),0.0002326,97.2844,0.0022961,15.75272826
STARLINK-36580,2026-014Q,1,INCLINATION=HIGH (97.284000 > 83.857200),0.00017275,97.284,0.0020740077,15.75189631
STARLINK-36581,2026-014M,1,INCLINATION=HIGH (97.285200 > 83.857200),0.00011764,97.2852,0.0024293041,15.7525131
STARLINK-36583,2026-014P,1,INCLINATION=HIGH (97.284200 > 83.857200),0.0001378,97.2842,0.00094131,15.7522342
STARLINK-36584,2026-014R,1,INCLINATION=HIGH (97.284200 > 83.857200),0.00012052,97.2842,0.0018492266,15.75154354
STARLINK-36585,2026-014J,1,INCLINATION=HIGH (97.285500 > 83.857200),0.00017522,97.2855,0.0012648568,15.75143337
STARLINK-36586,2026-014S,1,INCLINATION=HIGH (97.284200 > 83.857200),0.0001512,97.2842,0.0018145,15.75188448
STARLINK-36587,2026-014A,1,INCLINATION=HIGH (97.283500 > 83.857200),0.00024835,97.2835,0.0013199277,15.75217982
STARLINK-36588,2026-016N,1,INCLINATION=HIGH (97.284700 > 83.857200),0.00021,97.2847,0.0013298,15.75228865
STARLINK-36589,2026-033Y,1,BSTAR=LOW (-0.011528 < -0.003262),0.0001732,42.999,-0.011528,15.79565981
STARLINK-36590,2026-016S,1,INCLINATION=HIGH (97.285400 > 83.857200),0.0002047,97.2854,0.001604,15.75281565
STARLINK-36591,2026-016R,1,INCLINATION=HIGH (97.284400 > 83.857200),0.00011804,97.2844,0.0010678693,15.75207713
STARLINK-36593,2026-016D,1,INCLINATION=HIGH (97.284800 > 83.857200),0.0002084,97.2848,0.002097,15.75303429
STARLINK-36594,2026-016P,1,INCLINATION=HIGH (97.283400 > 83.857200),0.00019271,97.2834,0.0010329244,15.75212202
STARLINK-36595,2026-020Y,1,BSTAR=LOW (-0.024710 < -0.003262),0.000156,43.0028,-0.02471,15.61532622
STARLINK-36599,2026-020X,1,BSTAR=LOW (-0.030459 < -0.003262),0.0001681,42.9995,-0.030459,15.55207767
STARLINK-36600,2026-020G,1,BSTAR=LOW (-0.024768 < -0.003262),0.0001033,42.9995,-0.024768,15.60960605
STARLINK-36601,2026-020B,1,BSTAR=LOW (-0.023975 < -0.003262),0.0001527,42.9999,-0.023975,15.61541498
STARLINK-36602,2026-033AE,1,BSTAR=LOW (-0.013607 < -0.003262),0.000183,42.9992,-0.013607,15.75943958
STARLINK-36603,2026-018D,1,INCLINATION=HIGH (97.285300 > 83.857200),0.0004373,97.2853,-0.0032131,15.73972499
STARLINK-36605,2026-018R,1,INCLINATION=HIGH (97.285400 > 83.857200),0.00031826,97.2854,0.0017417755,15.75268152
STARLINK-36607,2026-020D,1,BSTAR=LOW (-0.021337 < -0.003262),0.0001254,42.9996,-0.021337,15.65205522
STARLINK-36609,2026-016X,1,INCLINATION=HIGH (97.285000 > 83.857200),0.0001998,97.285,0.0016626,15.75287438
STARLINK-36610,2026-020W,1,BSTAR=LOW (-0.020073 < -0.003262),0.0001381,42.9996,-0.020073,15.66919686
STARLINK-36611,2026-033K,1,ECCENTRICITY=HIGH (0.000570 > 0.000535),0.0005696,42.9976,0.0027769,15.82113277
STARLINK-36612,2026-016V,1,INCLINATION=HIGH (97.283700 > 83.857200),0.00012596,97.2837,0.00074920751,15.75197555
STARLINK-36613,2026-016T,1,INCLINATION=HIGH (97.284900 > 83.857200),0.0001493,97.2849,0.0026000859,15.7534458
STARLINK-36614,2026-020F,1,BSTAR=LOW (-0.019887 < -0.003262),0.000131,42.9992,-0.019887,15.67117039
STARLINK-36615,2026-020E,1,BSTAR=LOW (-0.027061 < -0.003262),0.0001641,43.0001,-0.027061,15.58341033
STARLINK-36617,2026-020T,1,BSTAR=LOW (-0.009447 < -0.003262),0.0001614,42.9995,-0.0094471,15.50886076
STARLINK-36619,2026-020AE,1,BSTAR=LOW (-0.024083 < -0.003262),0.0001257,42.9995,-0.024083,15.61956135
STARLINK-36621,2026-016A,1,INCLINATION=HIGH (97.284000 > 83.857200),0.00015149,97.284,0.0021706049,15.75326067
STARLINK-36623,2026-020AD,1,BSTAR=LOW (-0.024476 < -0.003262),0.0001185,42.9995,-0.024476,15.61673743
STARLINK-36624,2026-020V,1,BSTAR=LOW (-0.021050 < -0.003262),0.0001411,42.9996,-0.02105,15.6565547
STARLINK-36626,2026-018Q,1,INCLINATION=HIGH (97.284200 > 83.857200),0.00031781,97.2842,0.0010502384,15.75212867
STARLINK-36627,2026-020U,1,BSTAR=LOW (-0.024360 < -0.003262),0.0001345,42.9994,-0.02436,15.6194449
STARLINK-36630,2026-025L,1,INCLINATION=HIGH (97.284000 > 83.857200),0.000172,97.284,0.0017874,15.75300877
STARLINK-36631,2026-018P,1,INCLINATION=HIGH (97.283200 > 83.857200),0.00012717,97.2832,0.0027808727,15.75356711
STARLINK-36632,2026-016W,1,INCLINATION=HIGH (97.284600 > 83.857200),0.000162,97.2846,0.0015616,15.7527094
STARLINK-36633,2026-020R,1,BSTAR=LOW (-0.031468 < -0.003262),0.0001386,42.9994,-0.031468,15.54554332
STARLINK-36637,2026-020S,1,BSTAR=LOW (-0.020895 < -0.003262),0.0001363,42.9993,-0.020895,15.65960853
STARLINK-36640,2026-018M,1,INCLINATION=HIGH (97.284000 > 83.857200),4.871e-05,97.284,0.0029891245,15.75361933
STARLINK-36643,2026-033B,1,BSTAR=LOW (-0.012811 < -0.003262),0.0001508,42.9992,-0.012811,15.77375051
STARLINK-36645,2026-025Q,1,INCLINATION=HIGH (97.284500 > 83.857200),0.000163,97.2845,0.0010242,15.75256287
STARLINK-36646,2026-033C,1,ECCENTRICITY=HIGH (0.000642 > 0.000535),0.000642,42.9979,0.0032308,15.81653349
STARLINK-36650,2026-033R,1,BSTAR=LOW (-0.013028 < -0.003262),0.0001536,42.9992,-0.013028,15.76698182
STARLINK-36651,2026-033V,1,BSTAR=LOW (-0.012100 < -0.003262),0.0001725,42.9992,-0.0121,15.78422727
STARLINK-36652,2026-033U,1,BSTAR=LOW (-0.012933 < -0.003262),0.0001797,42.9992,-0.012933,15.76895149
STARLINK-36653,2026-033X,1,BSTAR=LOW (-0.012112 < -0.003262),0.0001774,42.9992,-0.012112,15.78520625
STARLINK-36654,2026-033T,1,BSTAR=LOW (-0.012059 < -0.003262),0.0001704,42.9992,-0.012059,15.78607226
STARLINK-36658,2026-033AB,1,BSTAR=LOW (-0.013093 < -0.003262),0.0001632,42.9992,-0.013093,15.76813353
STARLINK-36660,2026-033AD,1,BSTAR=LOW (-0.013903 < -0.003262),0.000183,42.9992,-0.013903,15.75360984
STARLINK-3667,2022-025AV,1,ECCENTRICITY=HIGH (0.000935 > 0.000535),0.00093489,53.2023,0.0001715832,16.4797186
STARLINK-36688,2026-022J,1,INCLINATION=HIGH (97.283700 > 83.857200),9.572e-05,97.2837,-0.0014056816,15.74777074
STARLINK-36695,2026-025K,1,INCLINATION=HIGH (97.284000 > 83.857200),0.0002918,97.284,0.001638,15.75278724
STARLINK-36697,2026-025F,1,INCLINATION=HIGH (97.283300 > 83.857200),0.0001183,97.2833,0.00059144,15.75108018
STARLINK-36698,2026-025S,1,INCLINATION=HIGH (97.283000 > 83.857200),0.0002181,97.283,0.0016107,15.75226225
STARLINK-36699,2026-022E,1,INCLINATION=HIGH (97.284300 > 83.857200),0.00013565,97.2843,0.0016536339,15.75248281
STARLINK-36700,2026-022Q,1,INCLINATION=HIGH (97.285100 > 83.857200),0.00011879,97.2851,0.0017452628,15.75280679
STARLINK-36702,2026-025X,1,INCLINATION=HIGH (97.283600 > 83.857200),0.0001427,97.2836,0.00081904,15.75213277
STARLINK-36703,2026-022C,1,INCLINATION=HIGH (97.284800 > 83.857200),0.00021811,97.2848,0.00086642082,15.75246048
STARLINK-36704,2026-025E,1,INCLINATION=HIGH (97.284300 > 83.857200),8.45e-05,97.2843,0.0020319,15.75312245
STARLINK-36705,2026-025V,1,INCLINATION=HIGH (97.284700 > 83.857200),0.0001198,97.2847,0.0019287,15.75293951
STARLINK-36707,2026-025P,1,INCLINATION=HIGH (97.284300 > 83.857200),0.0001535,97.2843,0.0010294,15.75242597
STARLINK-36708,2026-025W,1,INCLINATION=HIGH (97.284800 > 83.857200),0.0001543,97.2848,-0.0015994,15.49208658
STARLINK-36711,2026-041A,1,BSTAR=LOW (-0.006921 < -0.003262),7.9e-05,53.1591,-0.006921,15.86199071
STARLINK-36712,2026-025H,1,INCLINATION=HIGH (97.284200 > 83.857200),0.0002297,97.2842,0.0011143,15.75245904
STARLINK-36713,2026-025J,1,INCLINATION=HIGH (97.283800 > 83.857200),0.0001656,97.2838,0.0013251,15.75227596
STARLINK-36715,2026-025Z,1,INCLINATION=HIGH (97.285600 > 83.857200),0.0003438,97.2856,0.0010733,15.80957235
STARLINK-36716,2026-025G,1,INCLINATION=HIGH (97.284200 > 83.857200),0.0001575,97.2842,0.00068987,15.75235907
STARLINK-36718,2026-025Y,1,INCLINATION=HIGH (97.285200 > 83.857200),0.0001247,97.2852,9.6398e-05,15.75160079
STARLINK-36721,2026-036N,1,ECCENTRICITY=HIGH (0.000902 > 0.000535),0.0009019,42.998,0.0024325,15.83610022
STARLINK-36729,2026-036B,1,BSTAR=LOW (-0.012846 < -0.003262),0.0001486,42.999,-0.012846,15.7758645
STARLINK-36732,2026-032S,1,INCLINATION=HIGH (97.285100 > 83.857200),0.0001358,97.2851,0.0014174,15.75241653
STARLINK-36733,2026-032Q,1,INCLINATION=HIGH (97.284600 > 83.857200),0.0001526,97.2846,0.00045384,15.75159905
STARLINK-36734,2026-039C,1,BSTAR=LOW (-0.011916 < -0.003262),0.0001188,42.9993,-0.011916,15.78565058
STARLINK-36739,2026-032F,1,INCLINATION=HIGH (97.285400 > 83.857200),0.0001364,97.2854,0.0010499,15.75243797
STARLINK-36746,2026-026N,1,INCLINATION=HIGH (97.284600 > 83.857200),0.0001275,97.2846,0.0015884,15.49217972
STARLINK-36748,2026-025A,1,INCLINATION=HIGH (97.283400 > 83.857200),6.84e-05,97.2834,0.0018243,15.75294161
STARLINK-36749,2026-026P,1,INCLINATION=HIGH (97.284700 > 83.857200),0.00032401,97.2847,0.0017336007,15.49217904
STARLINK-36750,2026-025C,1,INCLINATION=HIGH (97.283600 > 83.857200),0.0001396,97.2836,0.00038345,15.75132478
STARLINK-36753,2026-025B,1,INCLINATION=HIGH (97.283200 > 83.857200),0.0002879,97.2832,0.0019527,15.75309143
STARLINK-36755,2026-026F,1,INCLINATION=HIGH (97.284600 > 83.857200),0.00016648,97.2846,0.0017641533,15.49187679
STARLINK-36756,2026-032W,1,INCLINATION=HIGH (97.284900 > 83.857200),9.96e-05,97.2849,0.0007135,15.75217803
STARLINK-36758,2026-036Y,1,BSTAR=LOW (-0.012751 < -0.003262),0.0001196,42.9994,-0.012751,15.7777295
STARLINK-3676,2022-029K,1,ECCENTRICITY=HIGH (0.001093 > 0.000535),0.0010934,53.2103,0.0031799,16.32839205
STARLINK-36763,2026-036C,1,ECCENTRICITY=HIGH (0.001323 > 0.000535),0.0013231,42.9979,0.0031167,15.80577088
STARLINK-36767,2026-032T,1,INCLINATION=HIGH (97.284500 > 83.857200),0.0001425,97.2845,0.00061544,15.75209746
STARLINK-36768,2026-032G,1,INCLINATION=HIGH (97.284300 > 83.857200),0.000131,97.2843,0.0017929,15.75283822
STARLINK-36773,2026-032E,1,INCLINATION=HIGH (97.284400 > 83.857200),0.0001486,97.2844,0.0014399,15.75273849
STARLINK-36782,2026-032J,1,INCLINATION=HIGH (97.285200 > 83.857200),0.000138,97.2852,0.00076993,15.75216998
STARLINK-36788,2026-032Y,1,INCLINATION=HIGH (97.285200 > 83.857200),0.0001189,97.2852,0.00064508,15.75217053
STARLINK-36792,2026-032H,1,INCLINATION=HIGH (97.284400 > 83.857200),0.0001406,97.2844,0.00089923,15.75226066
STARLINK-36795,2026-032N,1,INCLINATION=HIGH (97.284400 > 83.857200),0.0001536,97.2844,0.0015203,15.75258633
STARLINK-36797,2026-032U,1,INCLINATION=HIGH (97.285200 > 83.857200),0.0001221,97.2852,0.00092384,15.75229898
STARLINK-36798,2026-032B,1,INCLINATION=HIGH (97.285100 > 83.857200),0.0001533,97.2851,0.0012915,15.75249822
STARLINK-36800,2026-032A,1,INCLINATION=HIGH (97.283900 > 83.857200),0.0001424,97.2839,0.0012782,15.75221266
STARLINK-36804,2026-032C,1,INCLINATION=HIGH (97.284000 > 83.857200),0.0001579,97.284,0.00067882,15.75211221
STARLINK-36807,2026-032P,1,INCLINATION=HIGH (97.285400 > 83.857200),0.0001247,97.2854,0.0010497,15.75235697
STARLINK-36811,2026-032M,1,INCLINATION=HIGH (97.285200 > 83.857200),0.0001559,97.2852,0.0016586,15.7525072
STARLINK-36814,2026-036A,1,BSTAR=LOW (-0.019213 < -0.003262),0.000168,42.9991,-0.019213,15.68054913
STARLINK-36816,2026-035N,1,INCLINATION=HIGH (97.268700 > 83.857200),0.0001074,97.2687,-0.0024407,15.81107699
STARLINK-36822,2026-036F,1,BSTAR=LOW (-0.012453 < -0.003262),0.0001186,42.9991,-0.012453,15.78154829
STARLINK-36825,2026-041B,1,BSTAR=LOW (-0.006780 < -0.003262),6.77e-05,53.1588,-0.0067802,15.86496496
STARLINK-36836,2026-041AB,1,BSTAR=LOW (-0.006578 < -0.003262),4.86e-05,53.1584,-0.0065776,15.89765666
STARLINK-36845,2026-041S,1,BSTAR=LOW (-0.006205 < -0.003262),6.78e-05,53.1583,-0.0062054,15.88414045
STARLINK-36847,2026-036G,1,BSTAR=LOW (-0.012933 < -0.003262),0.000139,42.999,-0.012933,15.77292222
STARLINK-36858,2026-040G,1,INCLINATION=HIGH (97.275500 > 83.857200),9.31e-05,97.2755,0.0012293,16.06667413
STARLINK-3686,2022-041U,1,ECCENTRICITY=HIGH (0.001970 > 0.000535),0.0019698,53.1998,0.00051702,16.48175852
STARLINK-36864,2026-041F,1,BSTAR=LOW (-0.006646 < -0.003262),6.45e-05,53.1589,-0.0066462,15.86785328
STARLINK-36871,2026-040J,1,INCLINATION=HIGH (97.275700 > 83.857200),9.91e-05,97.2757,-0.0020493,16.02441057
STARLINK-36881,2026-038B,1,INCLINATION=HIGH (97.276300 > 83.857200),0.0001511,97.2763,-0.0028834,15.81129884
STARLINK-36884,2026-040M,1,INCLINATION=HIGH (97.276100 > 83.857200),9.07e-05,97.2761,-0.0020218,16.02677818
STARLINK-36885,2026-041K,1,BSTAR=LOW (-0.006365 < -0.003262),6.35e-05,53.1589,-0.0063651,15.87621517
STARLINK-36891,2026-040K,1,INCLINATION=HIGH (97.275600 > 83.857200),9.43e-05,97.2756,-0.0020253,16.02562361
STARLINK-36895,2026-040AA,1,INCLINATION=HIGH (97.275800 > 83.857200),0.0001013,97.2758,-0.0020689,16.03504382
STARLINK-36899,2026-041U,1,BSTAR=LOW (-0.006070 < -0.003262),6.58e-05,53.1586,-0.00607,15.88686959
STARLINK-36902,2026-041D,1,BSTAR=LOW (-0.006634 < -0.003262),6.32e-05,53.1593,-0.0066339,15.86659419
STARLINK-36906,2026-040Y,1,INCLINATION=HIGH (97.276700 > 83.857200),0.0001113,97.2767,-0.002121,16.03627407
STARLINK-36913,2026-040S,1,INCLINATION=HIGH (97.276600 > 83.857200),0.000109,97.2766,-0.00194,16.03121447
STARLINK-36915,2026-041X,1,BSTAR=LOW (-0.005955 < -0.003262),6.37e-05,53.1585,-0.0059548,15.89065416
STARLINK-36916,2026-040H,1,INCLINATION=HIGH (97.276100 > 83.857200),9.35e-05,97.2761,-0.0020475,16.02328708
STARLINK-36917,2026-041V,1,BSTAR=LOW (-0.006032 < -0.003262),7.11e-05,53.1583,-0.0060321,15.88794763
STARLINK-36919,2026-041P,1,BSTAR=LOW (-0.006343 < -0.003262),6.29e-05,53.1587,-0.0063425,15.88000027
STARLINK-36921,2026-040E,1,INCLINATION=HIGH (97.276400 > 83.857200),0.00011063,97.2764,-0.0018133903,16.02423775
STARLINK-36923,2026-040B,1,INCLINATION=HIGH (97.276400 > 83.857200),9.03e-05,97.2764,-0.0021199,16.01840091
STARLINK-36924,2026-041Q,1,BSTAR=LOW (-0.006221 < -0.003262),5.72e-05,53.1584,-0.0062207,15.88272621
STARLINK-36925,2026-041C,1,BSTAR=LOW (-0.006807 < -0.003262),6.49e-05,53.1588,-0.0068065,15.8633036
STARLINK-36928,2026-040F,1,INCLINATION=HIGH (97.276100 > 83.857200),0.0001072,97.2761,-0.0020801,16.02022122
STARLINK-36929,2026-041AD,1,BSTAR=LOW (-0.005869 < -0.003262),5.06e-05,53.1582,-0.0058691,15.89521143
STARLINK-3693,2022-029S,1,ECCENTRICITY=HIGH (0.000738 > 0.000535),0.0007383,53.2004,0.0006795,16.44846564
STARLINK-36930,2026-040D,1,INCLINATION=HIGH (97.276100 > 83.857200),8.7e-05,97.2761,-0.0021085,16.01729159
STARLINK-36935,2026-040T,1,INCLINATION=HIGH (97.276500 > 83.857200),0.0001111,97.2765,-0.0022438,16.03994319
STARLINK-36939,2026-040W,1,INCLINATION=HIGH (97.277200 > 83.857200),0.0001069,97.2772,-0.0022041,16.03755478
STARLINK-36940,2026-040N,1,INCLINATION=HIGH (97.277600 > 83.857200),0.000125,97.2776,-0.0022423,16.042998
STARLINK-36941,2026-039F,1,BSTAR=LOW (-0.012635 < -0.003262),0.0001513,42.9993,-0.012635,15.7789635
STARLINK-36942,2026-040R,1,INCLINATION=HIGH (97.276600 > 83.857200),9.43e-05,97.2766,-0.0019685,16.03008461
STARLINK-36943,2026-040X,1,INCLINATION=HIGH (97.277600 > 83.857200),0.0001089,97.2776,-0.0022918,16.04140789
STARLINK-36944,2026-040Q,1,INCLINATION=HIGH (97.275500 > 83.857200),9.08e-05,97.2755,-0.001996,16.02897325
STARLINK-36945,2026-041L,1,BSTAR=LOW (-0.006385 < -0.003262),7.27e-05,53.1588,-0.0063854,15.87496049
STARLINK-36947,2026-040V,1,INCLINATION=HIGH (97.276500 > 83.857200),9.88e-05,97.2765,-0.0019839,16.03240026
STARLINK-3695,2022-025M,1,ECCENTRICITY=HIGH (0.000601 > 0.000535),0.0006013,53.182,0.0011884,16.43505541
STARLINK-36952,2026-041Y,1,BSTAR=LOW (-0.005888 < -0.003262),4.91e-05,53.1586,-0.0058883,15.89176828
STARLINK-36954,2026-041T,1,BSTAR=LOW (-0.006151 < -0.003262),6.6e-05,53.1586,-0.0061515,15.88541295
STARLINK-36959,2026-041W,1,BSTAR=LOW (-0.005973 < -0.003262),4.79e-05,53.1585,-0.0059726,15.88935852
STARLINK-36966,2026-041E,1,BSTAR=LOW (-0.006579 < -0.003262),6.15e-05,53.159,-0.0065785,15.86948765
STARLINK-36967,2026-039AD,1,BSTAR=LOW (-0.007793 < -0.003262),0.0002008,42.9992,-0.0077934,15.82387455
STARLINK-36968,2026-039K,1,BSTAR=LOW (-0.010252 < -0.003262),0.0001773,42.9995,-0.010252,15.81508714
STARLINK-36976,2026-041AC,1,BSTAR=LOW (-0.005798 < -0.003262),5.91e-05,53.1582,-0.0057981,15.89771673
STARLINK-36990,2026-041AE,1,BSTAR=LOW (-0.005696 < -0.003262),4.86e-05,53.1582,-0.0056959,15.89856823
STARLINK-36991,2026-039AB,1,BSTAR=LOW (-0.010713 < -0.003262),0.00016,42.9992,-0.010713,15.81275163
STARLINK-36996,2026-041AA,1,BSTAR=LOW (-0.005900 < -0.003262),6.35e-05,53.1585,-0.0058997,15.89407474
STARLINK-37,2019-029S,1,ECCENTRICITY=HIGH (0.000955 > 0.000535),0.000955,52.9632,0.00032764,16.36747412
STARLINK-37000,2026-041Z,1,BSTAR=LOW (-0.005897 < -0.003262),5.06e-05,53.1586,-0.005897,15.8929211
STARLINK-3704,2022-025D,1,BSTAR=HIGH (0.074047 > 0.004463),0.0001968,53.0745,0.074047,15.11480551
STARLINK-3719,2022-029AS,1,ECCENTRICITY=HIGH (0.002017 > 0.000535),0.002017,53.1843,0.00053839,16.52125706
STARLINK-3745,2022-041AZ,1,ECCENTRICITY=HIGH (0.001018 > 0.000535),0.0010179,53.1601,0.0039278,16.28425944
STARLINK-3763,2022-051Z,1,ECCENTRICITY=HIGH (0.000773 > 0.000535),0.0007733,53.1616,0.0019731799,16.28319472
STARLINK-3773,2022-041AG,1,ECCENTRICITY=HIGH (0.000763 > 0.000535),0.0007632,53.1638,0.00018,16.48667423
STARLINK-38,2019-029AX,1,ECCENTRICITY=HIGH (0.000694 > 0.000535),0.0006936,52.9948,0.00086033,16.47885248
STARLINK-3815,2022-045H,1,ECCENTRICITY=HIGH (0.001081 > 0.000535),0.0010815,53.1874,0.0019122,16.29240604
STARLINK-3824,2022-045AF,1,ECCENTRICITY=HIGH (0.000755 > 0.000535),0.0007548,53.2036,0.0005975,16.28572378
STARLINK-3840,2022-049R,1,ECCENTRICITY=HIGH (0.000856 > 0.000535),0.0008565,53.1601,0.003021,16.26174294
STARLINK-3869,2022-051Q,1,ECCENTRICITY=HIGH (0.000786 > 0.000535),0.000786,53.1897,0.00028228,16.48436297
STARLINK-3876,2022-045Z,1,ECCENTRICITY=HIGH (0.001143 > 0.000535),0.0011429,53.2076,0.0006304,16.36491864
STARLINK-3886,2022-051AY,1,MEAN_MOTION=HIGH (16.588495 > 16.566038),0.0002292,53.1943,0.00019798,16.58849514
STARLINK-39,2019-029U,1,ECCENTRICITY=HIGH (0.001040 > 0.000535),0.0010403,52.9927,0.00028261,16.34792538
STARLINK-3924,2022-051AP,1,ECCENTRICITY=HIGH (0.000713 > 0.000535),0.0007131,53.2023,0.00030106,16.45548514
STARLINK-3949,2022-051Y,1,ECCENTRICITY=HIGH (0.000910 > 0.000535),0.00091,53.1929,0.00024417,16.4622734
STARLINK-3952,2022-051B,1,BSTAR=HIGH (0.008773 > 0.004463),0.0001485,53.2172,0.0087727,15.50718802
STARLINK-3954,2022-051AB,1,ECCENTRICITY=HIGH (0.000634 > 0.000535),0.0006341,53.1988,0.0002005,16.47386899
STARLINK-3XXX,2022-010A,1,ECCENTRICITY=HIGH (0.001558 > 0.000535),0.0015581,53.2082,0.0012303,16.44545333
STARLINK-3XXX,2022-010B,1,ECCENTRICITY=HIGH (0.007878 > 0.000535),0.0078778,53.2173,-0.0013261,15.9921023
STARLINK-3XXX,2022-010C,1,ECCENTRICITY=HIGH (0.007977 > 0.000535),0.0079772,53.2173,-0.0013435,15.98893515
STARLINK-3XXX,2022-010D,1,ECCENTRICITY=HIGH (0.007135 > 0.000535),0.0071354,53.223,0.001996,16.12601425
STARLINK-3XXX,2022-010L,1,ECCENTRICITY=HIGH (0.004442 > 0.000535),0.0044415,53.2042,0.0,16.21472211
STARLINK-3XXX,2022-010Q,1,ECCENTRICITY=HIGH (0.001499 > 0.000535),0.0014994,53.2035,0.00026598,16.4339697
STARLINK-40,2019-029Z,1,ECCENTRICITY=HIGH (0.002493 > 0.000535),0.0024929,52.9853,0.00046875,16.55583557
STARLINK-4009,2022-052AC,1,ECCENTRICITY=HIGH (0.001273 > 0.000535),0.001273,53.1883,0.00013998,16.51135566
STARLINK-4015,2022-052U,1,ECCENTRICITY=HIGH (0.000902 > 0.000535),0.00090163,53.2032,0.00023117068,16.46010818
STARLINK-4028,2022-053X,1,ECCENTRICITY=HIGH (0.000666 > 0.000535),0.0006665,53.205,0.00025543,16.45513961
STARLINK-4038,2022-083U,1,ECCENTRICITY=HIGH (0.001056 > 0.000535),0.0010559,53.2025,0.00094113,15.96608909
STARLINK-4039,2022-053AD,1,ECCENTRICITY=HIGH (0.000883 > 0.000535),0.0008831,53.1982,0.0014544,16.46910982
STARLINK-4066,2022-083S,1,ECCENTRICITY=HIGH (0.000740 > 0.000535),0.00074,53.1955,0.00091329,16.52327078
STARLINK-4069,2022-086AF,1,ECCENTRICITY=HIGH (0.001012 > 0.000535),0.0010117,53.2017,0.0035598,16.31402669
STARLINK-4093,2022-083AB,1,ECCENTRICITY=HIGH (0.000687 > 0.000535),0.0006874,53.2029,0.00017237,16.48397744
STARLINK-4099,2022-083Q,1,ECCENTRICITY=HIGH (0.000613 > 0.000535),0.0006128,53.2059,0.00049849,16.42896532
STARLINK-41,2019-029AU,1,ECCENTRICITY=HIGH (0.001501 > 0.000535),0.0015013,52.9901,0.0001,16.37648131
STARLINK-4113,2022-086AE,1,ECCENTRICITY=HIGH (0.001542 > 0.000535),0.0015423,53.2069,0.002595,16.36277687
STARLINK-4124,2022-086D,1,ECCENTRICITY=HIGH (0.000661 > 0.000535),0.0006615,53.2045,0.0035007,16.29148529
STARLINK-4136,2022-086U,1,ECCENTRICITY=HIGH (0.000565 > 0.000535),0.0005646,53.205,0.00027617,16.47406846
STARLINK-4161,2022-076AU,1,ECCENTRICITY=HIGH (0.000610 > 0.000535),0.0006104,53.2012,0.002478,16.36520984
STARLINK-4163,2022-086AP,1,ECCENTRICITY=HIGH (0.001306 > 0.000535),0.0013059,53.2096,0.0015365,16.3828205
STARLINK-4172,2022-086AU,1,ECCENTRICITY=HIGH (0.000541 > 0.000535),0.000541,53.2084,0.00026589,16.48849817
STARLINK-4182,2022-086AR,1,ECCENTRICITY=HIGH (0.001069 > 0.000535),0.0010686,53.1954,0.00029211,16.47231836
STARLINK-42,2019-029X,1,ECCENTRICITY=HIGH (0.002952 > 0.000535),0.0029517,52.9964,0.00019197,16.44452279
STARLINK-4210,2022-062AW,1,ECCENTRICITY=HIGH (0.000624 > 0.000535),0.0006236,53.1978,0.00026231,16.46402729
STARLINK-4251,2022-077AS,1,INCLINATION=HIGH (97.601900 > 83.857200),0.0001795,97.6019,3.2255e-06,15.05644065
STARLINK-4252,2022-077Q,1,INCLINATION=HIGH (97.602600 > 83.857200),0.0001901,97.6026,-0.00011776,15.05626774
STARLINK-4273,2022-083BB,1,ECCENTRICITY=HIGH (0.001334 > 0.000535),0.0013341,53.1515,0.0016292,16.33655993
STARLINK-43,2019-029Y,1,ECCENTRICITY=HIGH (0.005150 > 0.000535),0.0051498,52.9787,0.00031058,16.52216489
STARLINK-4301,2022-076M,1,ECCENTRICITY=HIGH (0.000795 > 0.000535),0.0007952,53.1934,0.00030925,16.47851716
STARLINK-4302,2022-099S,1,INCLINATION=HIGH (97.599900 > 83.857200),0.00051,97.5999,-0.00014864,15.01270764
STARLINK-4305,2022-077T,1,INCLINATION=HIGH (97.602000 > 83.857200),0.0001259,97.602,-1.5076e-05,15.01260946
STARLINK-4307,2022-077W,1,INCLINATION=HIGH (97.602800 > 83.857200),0.0002128,97.6028,-0.00011042,15.05632745
STARLINK-4308,2022-077U,1,INCLINATION=HIGH (97.601200 > 83.857200),8.09e-05,97.6012,-4.6538e-05,15.01256139
STARLINK-4309,2022-077Z,1,INCLINATION=HIGH (97.601600 > 83.857200),0.0002431,97.6016,0.00030408,15.01266342
STARLINK-4310,2022-077AH,1,INCLINATION=HIGH (97.602600 > 83.857200),0.0002135,97.6026,7.4107e-06,15.0564443
STARLINK-4311,2022-077V,1,INCLINATION=HIGH (97.601100 > 83.857200),0.000124,97.6011,-3.8705e-07,15.01260841
STARLINK-4312,2022-077Y,1,INCLINATION=HIGH (97.601400 > 83.857200),0.0002169,97.6014,7.0165e-07,15.0125833
STARLINK-4313,2022-077X,1,INCLINATION=HIGH (97.603200 > 83.857200),0.0001273,97.6032,1.1126e-05,15.05645194
STARLINK-4314,2022-077P,1,INCLINATION=HIGH (97.602400 > 83.857200),0.0001648,97.6024,0.0001333,15.05659664
STARLINK-4316,2022-099G,1,INCLINATION=HIGH (97.603300 > 83.857200),8.53e-05,97.6033,6.7586e-05,15.05638943
STARLINK-4317,2022-077R,1,INCLINATION=HIGH (97.603500 > 83.857200),0.0001757,97.6035,-0.00073661,15.04839227
STARLINK-4319,2022-077AT,1,INCLINATION=HIGH (97.602100 > 83.857200),9.9e-05,97.6021,-1.5658e-05,15.05624943
STARLINK-4320,2022-077S,1,INCLINATION=HIGH (97.600600 > 83.857200),3.47e-05,97.6006,-4.7995e-05,15.01256578
STARLINK-4321,2022-077AR,1,INCLINATION=HIGH (97.602900 > 83.857200),0.0001189,97.6029,6.0974e-05,15.01261897
STARLINK-4322,2022-077AM,1,INCLINATION=HIGH (97.604900 > 83.857200),0.0002109,97.6049,3.6864e-05,15.01262673
STARLINK-4323,2022-077AC,1,INCLINATION=HIGH (97.601900 > 83.857200),0.0003673,97.6019,9.6235e-05,15.01265586
STARLINK-4324,2022-077AU,1,INCLINATION=HIGH (97.602300 > 83.857200),0.0001532,97.6023,-6.7015e-06,15.05647555
STARLINK-4325,2022-077AB,1,INCLINATION=HIGH (97.602200 > 83.857200),0.0001379,97.6022,-6.6708e-05,15.05640745
STARLINK-4326,2022-077AQ,1,INCLINATION=HIGH (97.604500 > 83.857200),6.94e-05,97.6045,3.6302e-05,15.01261235
STARLINK-4327,2022-077AN,1,INCLINATION=HIGH (97.602000 > 83.857200),0.0002193,97.602,-0.0001252,15.05639789
STARLINK-4328,2022-077AE,1,INCLINATION=HIGH (97.602800 > 83.857200),0.0001382,97.6028,2.5885e-05,15.0564968
STARLINK-4330,2022-077AP,1,INCLINATION=HIGH (97.602100 > 83.857200),0.0001515,97.6021,-1.1349e-05,15.05643685
STARLINK-4331,2022-077D,1,INCLINATION=HIGH (97.601100 > 83.857200),0.0002062,97.6011,-0.00014885,15.0563157
STARLINK-4332,2022-084B,1,INCLINATION=HIGH (97.602600 > 83.857200),6.349e-05,97.6026,1.8509556e-05,15.05646623
STARLINK-4333,2022-077AX,1,INCLINATION=HIGH (97.602400 > 83.857200),0.0002229,97.6024,4.6016e-05,15.01263453
STARLINK-4334,2022-105T,1,INCLINATION=HIGH (97.603100 > 83.857200),0.00022,97.6031,5.7918e-05,15.0564943
STARLINK-4335,2022-084AC,1,INCLINATION=HIGH (97.602900 > 83.857200),6.438e-05,97.6029,0.00013742049,15.05634202
STARLINK-4336,2022-077J,1,INCLINATION=HIGH (97.602000 > 83.857200),0.0003375,97.602,5.1892e-07,15.01260914
STARLINK-4337,2022-077L,1,INCLINATION=HIGH (97.602300 > 83.857200),0.0001434,97.6023,-9.6774e-06,15.01257848
STARLINK-4338,2022-077N,1,INCLINATION=HIGH (97.602900 > 83.857200),0.000124,97.6029,9.9425e-05,15.05653672
STARLINK-4339,2022-077M,1,INCLINATION=HIGH (97.602400 > 83.857200),0.0001582,97.6024,3.133e-06,15.05646597
STARLINK-4340,2022-099AF,1,INCLINATION=HIGH (97.603300 > 83.857200),1.69e-05,97.6033,6.9006e-05,15.0565123
STARLINK-4341,2022-077K,1,INCLINATION=HIGH (97.602100 > 83.857200),0.0002306,97.6021,7.005e-06,15.01260612
STARLINK-4342,2022-077AD,1,INCLINATION=HIGH (97.602600 > 83.857200),7.47e-05,97.6026,0.00010496,15.0564706
STARLINK-4343,2022-077H,1,INCLINATION=HIGH (97.603000 > 83.857200),0.0001484,97.603,-1.1167e-06,15.05648759
STARLINK-4344,2022-077AF,1,INCLINATION=HIGH (97.602900 > 83.857200),0.0001295,97.6029,2.7604e-05,15.05646468
STARLINK-4345,2022-077G,1,INCLINATION=HIGH (97.602200 > 83.857200),8.35e-05,97.6022,8.8959e-05,15.01254462
STARLINK-4346,2022-077AG,1,INCLINATION=HIGH (97.638300 > 83.857200),0.000474,97.6383,0.00031046,15.2050565
STARLINK-4347,2022-077AK,1,INCLINATION=HIGH (97.603300 > 83.857200),0.0002642,97.6033,2.7412e-05,15.01260238
STARLINK-4348,2022-077AJ,1,INCLINATION=HIGH (97.604700 > 83.857200),0.0001277,97.6047,0.0032365,15.03831554
STARLINK-4349,2022-077B,1,INCLINATION=HIGH (97.601200 > 83.857200),0.0001608,97.6012,0.001126,15.8332513
STARLINK-4350,2022-077C,1,INCLINATION=HIGH (97.602700 > 83.857200),0.0001541,97.6027,6.0085e-06,15.05647885
STARLINK-4351,2022-084E,1,INCLINATION=HIGH (97.603400 > 83.857200),0.00022201,97.6034,1.8068217e-05,15.01256812
STARLINK-4352,2022-077E,1,INCLINATION=HIGH (97.602100 > 83.857200),0.0001476,97.6021,7.1183e-05,15.01256685
STARLINK-4353,2022-084AB,1,INCLINATION=HIGH (97.603000 > 83.857200),7.448e-05,97.603,4.087086e-06,15.01261098
STARLINK-4355,2022-077F,1,INCLINATION=HIGH (97.602600 > 83.857200),0.0001796,97.6026,4.9545e-05,15.05645399
STARLINK-4356,2022-084AM,1,INCLINATION=HIGH (97.604000 > 83.857200),0.0003253,97.604,0.00016219,15.01270861
STARLINK-4357,2022-105Q,1,INCLINATION=HIGH (97.602400 > 83.857200),0.000277,97.6024,1.2131e-05,15.05646924
STARLINK-4358,2022-084AN,1,INCLINATION=HIGH (97.602700 > 83.857200),8.334e-05,97.6027,4.8020031e-05,15.05646656
STARLINK-4359,2022-084AP,1,INCLINATION=HIGH (97.605100 > 83.857200),9.181e-05,97.6051,2.2225326e-05,15.01260974
STARLINK-4360,2022-099T,1,INCLINATION=HIGH (97.605200 > 83.857200),2.55e-05,97.6052,6.3997e-05,15.01263108
STARLINK-4361,2022-099AE,1,INCLINATION=HIGH (97.644000 > 83.857200),0.0001759,97.644,0.0016625,15.92016498
STARLINK-4362,2022-077A,1,INCLINATION=HIGH (97.601900 > 83.857200),0.0002668,97.6019,4.2876e-05,15.01262132
STARLINK-4363,2022-084AH,1,INCLINATION=HIGH (97.603100 > 83.857200),0.000226,97.6031,-2.6193e-05,15.01255149
STARLINK-4364,2022-084AT,1,INCLINATION=HIGH (97.604100 > 83.857200),5.632e-05,97.6041,4.4994461e-05,15.05649157
STARLINK-4365,2022-084AR,1,INCLINATION=HIGH (97.604500 > 83.857200),5.446e-05,97.6045,3.9717343e-05,15.01260303
STARLINK-4366,2022-084AQ,1,INCLINATION=HIGH (97.602100 > 83.857200),0.0001407,97.6021,1.5568e-05,15.05641306
STARLINK-4367,2022-084AS,1,INCLINATION=HIGH (97.602400 > 83.857200),0.00010602,97.6024,-2.964185e-06,15.05645837
STARLINK-4368,2022-084AX,1,INCLINATION=HIGH (97.605400 > 83.857200),0.00011064,97.6054,5.1000965e-05,15.01261333
STARLINK-4369,2022-084C,1,INCLINATION=HIGH (97.602700 > 83.857200),0.0002524,97.6027,2.4488206e-05,15.01260496
STARLINK-4370,2022-084AU,1,INCLINATION=HIGH (97.602000 > 83.857200),3.22e-05,97.602,9.3946e-05,15.05666028
STARLINK-4371,2022-084AV,1,INCLINATION=HIGH (97.606600 > 83.857200),0.00012315,97.6066,7.7471487e-05,15.01263544
STARLINK-4372,2022-084AW,1,INCLINATION=HIGH (97.604500 > 83.857200),0.00018187,97.6045,3.2533595e-05,15.01260492
STARLINK-4373,2022-084AG,1,INCLINATION=HIGH (97.602600 > 83.857200),0.0001446,97.6026,1.8303e-05,15.05644698
STARLINK-4374,2022-105E,1,INCLINATION=HIGH (97.603300 > 83.857200),4.78e-05,97.6033,-0.00029922642,15.01279512
STARLINK-4375,2022-084D,1,INCLINATION=HIGH (97.604100 > 83.857200),3.005e-05,97.6041,1.4105123e-05,15.05649113
STARLINK-4376,2022-084AD,1,INCLINATION=HIGH (97.603300 > 83.857200),0.00013732,97.6033,-1.4197191e-05,15.01260265
STARLINK-4377,2022-084AJ,1,INCLINATION=HIGH (97.603700 > 83.857200),0.00018306,97.6037,1.2660668e-05,15.01255482
STARLINK-4380,2022-105C,1,INCLINATION=HIGH (97.603200 > 83.857200),2.696e-05,97.6032,-0.00010637538,15.01266165
STARLINK-4382,2022-084F,1,INCLINATION=HIGH (97.602600 > 83.857200),0.00011434,97.6026,1.5549463e-05,15.05645285
STARLINK-4383,2022-099J,1,INCLINATION=HIGH (97.602700 > 83.857200),0.0001454,97.6027,2.4525e-05,15.0564629
STARLINK-4384,2022-084AF,1,INCLINATION=HIGH (97.603900 > 83.857200),9.789e-05,97.6039,0.0001298418,15.05646651
STARLINK-4385,2022-084K,1,INCLINATION=HIGH (97.602300 > 83.857200),0.0002922,97.6023,2.3103e-05,15.01261329
STARLINK-4386,2022-105B,1,INCLINATION=HIGH (97.602600 > 83.857200),0.00020605,97.6026,-5.465047e-06,15.05649181
STARLINK-4387,2022-099AB,1,INCLINATION=HIGH (97.603600 > 83.857200),2.29e-05,97.6036,1.7837e-05,15.05646625
STARLINK-4388,2022-105D,1,INCLINATION=HIGH (97.603200 > 83.857200),0.0002255,97.6032,-1.298e-05,15.05645627
STARLINK-4389,2022-099L,1,INCLINATION=HIGH (97.601700 > 83.857200),0.0002149,97.6017,4.3007e-05,15.01268912
STARLINK-4390,2022-105F,1,INCLINATION=HIGH (97.602500 > 83.857200),0.0001556,97.6025,-1.1088e-05,15.01261887
STARLINK-4391,2022-084A,1,INCLINATION=HIGH (97.602400 > 83.857200),8.829e-05,97.6024,-4.8108344e-05,15.05642912
STARLINK-4392,2022-099AA,1,INCLINATION=HIGH (97.602500 > 83.857200),0.0002451,97.6025,5.9442e-05,15.01262812
STARLINK-4393,2022-099F,1,INCLINATION=HIGH (97.601600 > 83.857200),0.000186,97.6016,6.6793e-06,15.01261301
STARLINK-4394,2022-099C,1,INCLINATION=HIGH (97.603300 > 83.857200),0.0001541,97.6033,1.8702e-06,15.0565762
STARLINK-4395,2022-084L,1,INCLINATION=HIGH (97.604300 > 83.857200),8.56e-05,97.6043,0.00020913,15.05650916
STARLINK-4397,2022-084S,1,INCLINATION=HIGH (97.603100 > 83.857200),0.0001663,97.6031,-7.7425e-05,15.05639364
STARLINK-4398,2022-099B,1,INCLINATION=HIGH (97.602800 > 83.857200),0.0002794,97.6028,0.0021314,15.01482283
STARLINK-4399,2022-099E,1,INCLINATION=HIGH (97.603500 > 83.857200),0.0001233,97.6035,4.0195e-05,15.05646868
STARLINK-44,2019-029AC,1,ECCENTRICITY=HIGH (0.000612 > 0.000535),0.0006119,52.9831,0.0024119,16.35234008
STARLINK-4400,2022-099D,1,INCLINATION=HIGH (97.602600 > 83.857200),0.0002089,97.6026,7.1654e-05,15.01255529
STARLINK-4402,2022-099AW,1,INCLINATION=HIGH (97.602400 > 83.857200),0.0003394,97.6024,-1.3792e-05,15.01261815
STARLINK-4403,2022-084J,1,INCLINATION=HIGH (97.601900 > 83.857200),0.00034925,97.6019,2.3909551e-05,15.01261142
STARLINK-4404,2022-084G,1,INCLINATION=HIGH (97.611400 > 83.857200),0.0001517,97.6114,0.0017763,15.91187281
STARLINK-4405,2022-084N,1,INCLINATION=HIGH (97.601800 > 83.857200),0.00011566,97.6018,0.00027506709,15.05654638
STARLINK-4406,2022-105V,1,INCLINATION=HIGH (97.602300 > 83.857200),0.0002258,97.6023,-0.00024405,15.0564984
STARLINK-4407,2022-084H,1,INCLINATION=HIGH (97.611400 > 83.857200),0.0003163,97.6114,0.0017399,15.91980074
STARLINK-4408,2022-084T,1,INCLINATION=HIGH (97.603400 > 83.857200),0.00010076,97.6034,3.0032891e-05,15.05646775
STARLINK-4409,2022-084Q,1,INCLINATION=HIGH (97.603300 > 83.857200),6.01e-05,97.6033,1.8067e-05,15.05644077
STARLINK-4410,2022-084R,1,INCLINATION=HIGH (97.602300 > 83.857200),0.0001571,97.6023,-1.1871e-05,15.01258974
STARLINK-4411,2022-084P,1,INCLINATION=HIGH (97.603900 > 83.857200),0.0001323,97.6039,4.0365255e-05,15.05647482
STARLINK-4412,2022-099N,1,INCLINATION=HIGH (97.602300 > 83.857200),0.0001935,97.6023,-5.0785e-06,15.01261901
STARLINK-4413,2022-084U,1,INCLINATION=HIGH (97.603200 > 83.857200),0.0001359,97.6032,-9.6715e-06,15.01260001
STARLINK-4414,2022-084AA,1,INCLINATION=HIGH (97.603300 > 83.857200),0.00030926,97.6033,2.80203e-07,15.0125978
STARLINK-4415,2022-099A,1,INCLINATION=HIGH (97.603900 > 83.857200),3.98e-05,97.6039,3.0039e-06,15.05655174
STARLINK-4416,2022-084Z,1,INCLINATION=HIGH (97.603800 > 83.857200),7.983e-05,97.6038,7.6374628e-05,15.05651854
STARLINK-4417,2022-084M,1,INCLINATION=HIGH (97.602800 > 83.857200),6.48e-05,97.6028,-2.1513e-05,15.05647459
STARLINK-4420,2022-105G,1,INCLINATION=HIGH (97.602600 > 83.857200),0.0002266,97.6026,2.4053e-05,15.05645832
STARLINK-4421,2022-099Z,1,INCLINATION=HIGH (97.602900 > 83.857200),0.0001011,97.6029,7.0082e-05,15.05651859
STARLINK-4423,2022-084W,1,INCLINATION=HIGH (97.603000 > 83.857200),9.035e-05,97.603,0.0012696619,15.01385741
STARLINK-4424,2022-105AK,1,INCLINATION=HIGH (97.602500 > 83.857200),0.0001579,97.6025,3.0839e-06,15.01261882
STARLINK-4425,2022-084V,1,INCLINATION=HIGH (97.602400 > 83.857200),0.00032498,97.6024,5.563133e-06,15.01260643
STARLINK-4426,2022-099V,1,INCLINATION=HIGH (97.603100 > 83.857200),5.61e-05,97.6031,-6.6867e-05,15.05656193
STARLINK-4427,2022-084X,1,INCLINATION=HIGH (97.602800 > 83.857200),0.0001879,97.6028,1.2877e-05,15.01258733
STARLINK-4428,2022-105AA,1,INCLINATION=HIGH (97.601900 > 83.857200),0.0002802,97.6019,0.00010989,15.0125674
STARLINK-4429,2022-099AG,1,INCLINATION=HIGH (97.603300 > 83.857200),7.44e-05,97.6033,0.00011591,15.01263863
STARLINK-4430,2022-099W,1,INCLINATION=HIGH (97.604000 > 83.857200),0.0003356,97.604,6.0232e-05,15.0126211
STARLINK-4431,2022-099X,1,INCLINATION=HIGH (97.602100 > 83.857200),0.0003562,97.6021,0.00013884,15.01255708
STARLINK-4432,2022-099Y,1,INCLINATION=HIGH (97.602200 > 83.857200),9.26e-05,97.6022,4.5608e-05,15.05641907
STARLINK-4433,2022-099P,1,INCLINATION=HIGH (97.601900 > 83.857200),0.0003979,97.6019,-6.5712e-05,15.01251121
STARLINK-4434,2022-099AN,1,INCLINATION=HIGH (97.601100 > 83.857200),0.0003733,97.6011,2.7437e-05,15.01261131
STARLINK-4435,2022-099AP,1,INCLINATION=HIGH (97.601800 > 83.857200),4.33e-05,97.6018,4.9497e-05,15.05647915
STARLINK-4436,2022-099Q,1,INCLINATION=HIGH (97.602800 > 83.857200),4.02e-05,97.6028,5.8669e-05,15.05651923
STARLINK-4437,2022-099AT,1,INCLINATION=HIGH (97.602200 > 83.857200),6.73e-05,97.6022,-1.3107e-05,15.05645409
STARLINK-4438,2022-105AL,1,INCLINATION=HIGH (97.603300 > 83.857200),0.0001845,97.6033,2.1196e-05,15.0564974
STARLINK-4439,2022-099AK,1,INCLINATION=HIGH (97.602400 > 83.857200),0.0001275,97.6024,1.3677e-05,15.05644719
STARLINK-4440,2022-105Z,1,INCLINATION=HIGH (97.601900 > 83.857200),0.0003162,97.6019,0.00022387,15.01247156
STARLINK-4442,2022-099R,1,INCLINATION=HIGH (97.604300 > 83.857200),0.0001398,97.6043,5.36e-07,15.05651331
STARLINK-4443,2022-099AV,1,INCLINATION=HIGH (97.604800 > 83.857200),4.31e-05,97.6048,4.5667e-05,15.05648502
STARLINK-4445,2022-099K,1,INCLINATION=HIGH (97.602300 > 83.857200),0.0004328,97.6023,-6.8128e-05,15.01267322
STARLINK-4447,2022-099H,1,INCLINATION=HIGH (97.601700 > 83.857200),7.46e-05,97.6017,-5.5718e-06,15.01258389
STARLINK-4448,2022-099AR,1,INCLINATION=HIGH (97.602600 > 83.857200),0.0002351,97.6026,-1.9135e-05,15.01267209
STARLINK-4450,2022-099AC,1,INCLINATION=HIGH (97.603000 > 83.857200),8.95e-05,97.603,4.2003e-05,15.01264182
STARLINK-4452,2022-105L,1,INCLINATION=HIGH (97.603400 > 83.857200),0.0002554,97.6034,3.9682e-06,15.0564029
STARLINK-4453,2022-099AJ,1,INCLINATION=HIGH (97.603300 > 83.857200),0.0001759,97.6033,4.9928e-05,15.01259727
STARLINK-4454,2022-099AL,1,INCLINATION=HIGH (97.603500 > 83.857200),4.55e-05,97.6035,-2.0508e-05,15.05646275
STARLINK-4455,2022-099AM,1,INCLINATION=HIGH (97.603700 > 83.857200),0.0001028,97.6037,1.9367e-05,15.05645708
STARLINK-4456,2022-105AB,1,INCLINATION=HIGH (97.602400 > 83.857200),0.0002199,97.6024,4.4972e-05,15.05645476
STARLINK-4457,2022-105R,1,INCLINATION=HIGH (97.603500 > 83.857200),0.0002063,97.6035,3.478e-05,15.05646107
STARLINK-4458,2022-105W,1,INCLINATION=HIGH (97.602400 > 83.857200),0.00025058,97.6024,1.7780896e-05,15.05648569
STARLINK-4459,2022-105Y,1,INCLINATION=HIGH (97.603500 > 83.857200),0.0002172,97.6035,4.7589e-05,15.05645907
STARLINK-4461,2022-099AQ,1,INCLINATION=HIGH (97.631800 > 83.857200),0.0001121,97.6318,0.0015245,15.91656695
STARLINK-4464,2022-105X,1,INCLINATION=HIGH (97.605000 > 83.857200),0.0002085,97.605,7.4574e-05,15.01264163
STARLINK-4465,2022-099AH,1,INCLINATION=HIGH (97.638500 > 83.857200),0.0001557,97.6385,0.00062023,15.89686375
STARLINK-4466,2022-105J,1,INCLINATION=HIGH (97.603300 > 83.857200),0.0001065,97.6033,0.00014925,15.01255036
STARLINK-4467,2022-105AQ,1,INCLINATION=HIGH (97.602800 > 83.857200),0.0002395,97.6028,0.00051042,15.01280908
STARLINK-4469,2022-105K,1,INCLINATION=HIGH (97.627300 > 83.857200),0.0002201,97.6273,0.0019225,15.88900991
STARLINK-4470,2022-105H,1,INCLINATION=HIGH (97.604000 > 83.857200),0.0001967,97.604,1.9912e-05,15.05639916
STARLINK-4471,2022-105S,1,INCLINATION=HIGH (97.602200 > 83.857200),0.00023033,97.6022,0.00013256304,15.05629556
STARLINK-4472,2022-105P,1,INCLINATION=HIGH (97.603600 > 83.857200),5.27e-05,97.6036,6.4566e-05,15.01261277
STARLINK-4473,2022-105N,1,INCLINATION=HIGH (97.605100 > 83.857200),0.0002717,97.6051,0.00012571,15.01261401
STARLINK-4488,2022-101H,1,ECCENTRICITY=HIGH (0.001256 > 0.000535),0.0012558,53.1735,0.0001,16.46737672
STARLINK-45,2019-029AB,1,ECCENTRICITY=HIGH (0.000941 > 0.000535),0.0009412,52.9913,0.0021111,16.38652946
STARLINK-4516,2022-101Y,1,ECCENTRICITY=HIGH (0.000715 > 0.000535),0.0007152,53.1994,0.0031358,16.36419611
STARLINK-4529,2022-097BB,1,ECCENTRICITY=HIGH (0.001370 > 0.000535),0.0013705,53.206,0.0022983,16.34243194
STARLINK-4537,2022-097V,1,ECCENTRICITY=HIGH (0.000668 > 0.000535),0.00066816,53.1962,0.00051109879,16.4172062
STARLINK-4540,2022-097AS,1,ECCENTRICITY=HIGH (0.000677 > 0.000535),0.000677,53.2051,0.00054924,16.34608211
STARLINK-4541,2022-097AR,1,ECCENTRICITY=HIGH (0.000833 > 0.000535),0.0008326,53.2071,0.0031713,16.31694957
STARLINK-4560,2022-105AV,1,INCLINATION=HIGH (97.603400 > 83.857200),0.0001958,97.6034,4.809e-05,15.05639343
STARLINK-4566,2022-105AX,1,INCLINATION=HIGH (97.603800 > 83.857200),0.0002487,97.6038,-3.0169e-05,15.05641599
STARLINK-4569,2022-105AR,1,INCLINATION=HIGH (97.603500 > 83.857200),0.0002049,97.6035,-0.00013597,15.0566309
STARLINK-4570,2022-105AU,1,INCLINATION=HIGH (97.602200 > 83.857200),0.0003294,97.6022,4.7268e-05,15.012593
STARLINK-4571,2022-105AS,1,INCLINATION=HIGH (97.602800 > 83.857200),0.00014096,97.6028,1.1531772e-05,15.01259724
STARLINK-4572,2022-105AW,1,INCLINATION=HIGH (97.618500 > 83.857200),0.00018334,97.6185,0.00029165204,15.21032701
STARLINK-4578,2022-125B,1,BSTAR=HIGH (0.009322 > 0.004463),0.0002299,53.2176,0.0093223,15.65072736
STARLINK-4579,2022-105AF,1,INCLINATION=HIGH (97.603500 > 83.857200),0.0002004,97.6035,2.5961e-06,15.05651026
STARLINK-4587,2022-104AZ,1,ECCENTRICITY=HIGH (0.000635 > 0.000535),0.00063475,53.204,0.00018416967,16.48242807
STARLINK-46,2019-029M,1,ECCENTRICITY=HIGH (0.002696 > 0.000535),0.0026963,52.9662,0.00076906,16.40063924
STARLINK-4601,2022-104AF,1,ECCENTRICITY=HIGH (0.000692 > 0.000535),0.0006924,53.1951,0.00056948,16.41299491
STARLINK-4604,2022-104AG,1,ECCENTRICITY=HIGH (0.000645 > 0.000535),0.0006454,53.2027,0.00054875,16.42326242
STARLINK-4614,2022-107AT,1,ECCENTRICITY=HIGH (0.000869 > 0.000535),0.0008688,53.2029,0.0013347,16.350743
STARLINK-4617,2022-105AD,1,INCLINATION=HIGH (97.602500 > 83.857200),0.0002064,97.6025,5.4353e-05,15.0564273
STARLINK-4620,2022-105AC,1,INCLINATION=HIGH (97.601200 > 83.857200),0.0004051,97.6012,5.8618e-05,15.01262129
STARLINK-4621,2022-105AE,1,INCLINATION=HIGH (97.601500 > 83.857200),0.000334,97.6015,0.00042144,15.01291199
STARLINK-4622,2022-105A,1,INCLINATION=HIGH (97.603000 > 83.857200),8.319e-05,97.603,-2.8452937e-05,15.01259699
STARLINK-4624,2022-105AN,1,INCLINATION=HIGH (97.604600 > 83.857200),0.0003206,97.6046,-4.8499e-05,15.01269289
STARLINK-4625,2022-105AM,1,INCLINATION=HIGH (97.601800 > 83.857200),0.00045646,97.6018,0.00030865209,15.01292437
STARLINK-4626,2022-105AP,1,INCLINATION=HIGH (97.602400 > 83.857200),0.0002197,97.6024,4.2954e-05,15.01261194
STARLINK-4630,2022-105AJ,1,INCLINATION=HIGH (97.603300 > 83.857200),0.0002204,97.6033,4.3188e-05,15.05645824
STARLINK-4631,2022-111P,1,ECCENTRICITY=HIGH (0.000693 > 0.000535),0.0006933,53.2019,0.00010858,16.52703317
STARLINK-4632,2022-105AH,1,INCLINATION=HIGH (97.602500 > 83.857200),0.0002946,97.6025,9.0858e-05,15.05637179
STARLINK-4646,2022-107AP,1,ECCENTRICITY=HIGH (0.000760 > 0.000535),0.00076003,53.1732,0.0022862744,16.23989825
STARLINK-4650,2022-104Z,1,ECCENTRICITY=HIGH (0.005590 > 0.000535),0.0055899,53.1516,0.00032393,16.39243652
STARLINK-4653,2022-104AD,1,ECCENTRICITY=HIGH (0.001818 > 0.000535),0.0018184,53.2076,0.0022984,16.33314633
STARLINK-4657,2022-107AZ,1,ECCENTRICITY=HIGH (0.000649 > 0.000535),0.0006488,53.2021,0.0024499,16.40200734
STARLINK-4659,2022-177X,1,BSTAR=HIGH (0.049014 > 0.004463),0.0001678,43.0007,0.049014,15.22111429
STARLINK-4668,2022-104J,1,ECCENTRICITY=HIGH (0.000572 > 0.000535),0.0005723,53.1843,0.0024806,16.41526054
STARLINK-4680,2022-107BB,1,ECCENTRICITY=HIGH (0.000987 > 0.000535),0.0009873,53.1999,0.00376,16.31434691
STARLINK-4696,2022-107L,1,ECCENTRICITY=HIGH (0.000981 > 0.000535),0.0009811,53.2011,0.00083852,16.23497249
STARLINK-4698,2022-107P,1,ECCENTRICITY=HIGH (0.000764 > 0.000535),0.0007642,53.1744,0.0011483,16.36679858
STARLINK-4702,2022-107T,1,ECCENTRICITY=HIGH (0.000696 > 0.000535),0.000696,53.2004,0.00044246,16.39262933
STARLINK-4704,2022-107AB,1,ECCENTRICITY=HIGH (0.000832 > 0.000535),0.0008317,53.1999,0.0039117,16.28400829
STARLINK-4713,2022-114E,1,ECCENTRICITY=HIGH (0.003511 > 0.000535),0.0035107,53.1893,0.00088184,16.37848764
STARLINK-4721,2022-111Z,1,ECCENTRICITY=HIGH (0.000683 > 0.000535),0.00068303,53.1538,0.0013018601,16.34646809
STARLINK-4752,2022-114D,1,ECCENTRICITY=HIGH (0.000703 > 0.000535),0.0007031,53.2098,0.003136,16.29348636
STARLINK-4765,2022-119BD,1,ECCENTRICITY=HIGH (0.000803 > 0.000535),0.0008031,53.2045,0.00018651,16.52412775
STARLINK-48,2019-029BG,1,ECCENTRICITY=HIGH (0.000848 > 0.000535),0.0008484,52.9905,0.0030987,16.38335892
STARLINK-49,2019-029AD,1,ECCENTRICITY=HIGH (0.000897 > 0.000535),0.0008965,53.0037,0.0027635,16.23728101
STARLINK-50,2019-029BC,1,ECCENTRICITY=HIGH (0.000958 > 0.000535),0.0009579,52.993,0.0020645,16.36583098
STARLINK-5005,2022-119AM,1,ECCENTRICITY=HIGH (0.000660 > 0.000535),0.0006596,53.2199,0.0016888,16.41101036
STARLINK-5047,2023-014U,1,ECCENTRICITY=HIGH (0.001096 > 0.000535),0.0010964,69.9897,0.00030314,16.44347078
STARLINK-5066,2023-014AK,1,ECCENTRICITY=HIGH (0.000725 > 0.000535),0.000725,69.9823,0.0037005,16.31041054
STARLINK-5073,2023-014AN,1,ECCENTRICITY=HIGH (0.000806 > 0.000535),0.0008059,69.9763,0.00018651,16.47033958
STARLINK-5077,2023-014A,1,ECCENTRICITY=HIGH (0.001187 > 0.000535),0.0011871,69.9866,0.00021989,16.48801001
STARLINK-5078,2022-177AP,1,BSTAR=HIGH (0.007205 > 0.004463),8.03e-05,43.0018,0.0072048,15.10568816
STARLINK-5080,2023-014AY,1,ECCENTRICITY=HIGH (0.001050 > 0.000535),0.0010502,69.9201,0.00057808,16.49245707
STARLINK-5081,2023-028U,1,ECCENTRICITY=HIGH (0.000797 > 0.000535),0.0007969,69.9866,0.00098664,16.30060619
STARLINK-5082,2022-177AB,1,BSTAR=HIGH (0.049318 > 0.004463),0.000167,43.0004,0.049318,15.22205057
STARLINK-5083,2023-013AB,1,ECCENTRICITY=HIGH (0.001038 > 0.000535),0.0010385,42.9952,5.0882e-05,15.88964105
STARLINK-5084,2022-177AH,1,BSTAR=HIGH (0.067443 > 0.004463),0.0001025,43.0012,0.067443,15.14774543
STARLINK-5086,2022-177AN,1,BSTAR=HIGH (0.004885 > 0.004463),0.0002256,43.0008,0.0048847,15.10588861
STARLINK-5087,2022-177AG,1,BSTAR=HIGH (0.046593 > 0.004463),0.0001445,43.001,0.046593,15.13994968
STARLINK-5089,2023-046BJ,1,BSTAR=HIGH (0.005669 > 0.004463),0.0001332,43.0006,0.0056689,15.06157465
STARLINK-5093,2023-058R,1,INCLINATION=HIGH (97.603700 > 83.857200),0.0001633,97.6037,5.4096e-06,15.01260433
STARLINK-5102,2023-021T,1,ECCENTRICITY=HIGH (0.001085 > 0.000535),0.0010851,69.9874,0.0034243,16.33757733
STARLINK-5103,2022-125V,1,ECCENTRICITY=HIGH (0.000578 > 0.000535),0.00057809,53.2037,0.00031590112,16.43935048
STARLINK-5104,2023-021U,1,ECCENTRICITY=HIGH (0.000986 > 0.000535),0.0009864,69.9794,0.00028953,16.4598864
STARLINK-5110,2022-177V,1,ECCENTRICITY=HIGH (0.000788 > 0.000535),0.0007881,42.983,0.002318,16.28554429
STARLINK-5139,2023-015AZ,1,ECCENTRICITY=HIGH (0.001564 > 0.000535),0.001564,42.9833,0.0008839,16.29714728
STARLINK-5150,2023-090AV,1,BSTAR=HIGH (0.005112 > 0.004463),9.55e-05,43.0,0.0051124,15.12063808
STARLINK-5165,2022-136AG,1,ECCENTRICITY=HIGH (0.000560 > 0.000535),0.00055978,53.1944,0.00028277609,16.46124956
STARLINK-5194,2022-141AF,1,ECCENTRICITY=HIGH (0.000922 > 0.000535),0.00092161,53.2006,0.00032639619,16.44162001
STARLINK-52,2019-029AA,1,ECCENTRICITY=HIGH (0.000654 > 0.000535),0.0006539,52.9866,0.0014109,16.33038265
STARLINK-5223,2022-136U,1,ECCENTRICITY=HIGH (0.000816 > 0.000535),0.000816,53.2119,0.004085,16.33017712
STARLINK-5225,2022-136N,1,ECCENTRICITY=HIGH (0.000613 > 0.000535),0.00061349,53.2036,0.00018899281,16.48434657
STARLINK-5230,2023-014D,1,ECCENTRICITY=HIGH (0.000808 > 0.000535),0.0008084,69.9855,0.00093936,16.50140225
STARLINK-5234,2022-141AS,1,ECCENTRICITY=HIGH (0.000827 > 0.000535),0.0008271,53.1839,0.001789,16.33365307
STARLINK-5272,2023-010AF,1,ECCENTRICITY=HIGH (0.001864 > 0.000535),0.0018637,69.9936,0.00087779,16.43522126
STARLINK-5292,2023-010AR,1,ECCENTRICITY=HIGH (0.001109 > 0.000535),0.0011093,69.9843,0.00026174,16.47976634
STARLINK-5301,2023-010B,1,ECCENTRICITY=HIGH (0.000778 > 0.000535),0.0007783,69.9792,0.00023167,16.49176874
STARLINK-5304,2022-177Z,1,BSTAR=HIGH (0.050110 > 0.004463),0.0001531,42.9992,0.05011,15.20426033
STARLINK-5311,2023-010V,1,BSTAR=LOW (-0.004077 < -0.003262),0.0003085,70.0021,-0.0040767,14.98356176
STARLINK-5314,2023-021BC,1,ECCENTRICITY=HIGH (0.001663 > 0.000535),0.0016634,69.9923,0.00077082,16.35391708
STARLINK-5319,2023-010AJ,1,ECCENTRICITY=HIGH (0.001530 > 0.000535),0.0015301,69.992,0.00060182,16.51859758
STARLINK-5323,2023-010L,1,ECCENTRICITY=HIGH (0.001132 > 0.000535),0.0011319,69.979,0.00023893,16.44394149
STARLINK-5326,2023-021AE,1,ECCENTRICITY=HIGH (0.000582 > 0.000535),0.0005821,69.9774,0.00021758,16.46625363
STARLINK-5336,2023-090AP,1,BSTAR=HIGH (0.005350 > 0.004463),0.0001755,42.9996,0.0053499,15.13398178
STARLINK-5343,2023-065M,1,ECCENTRICITY=HIGH (0.001302 > 0.000535),0.0013019,42.9893,0.0033726,16.24761152
STARLINK-5347,2023-090AN,1,BSTAR=HIGH (0.005299 > 0.004463),0.0001686,42.999,0.0052987,15.1210934
STARLINK-5357,2023-090AS,1,BSTAR=HIGH (0.005118 > 0.004463),5.99e-05,43.0001,0.0051183,15.12599959
STARLINK-5358,2023-090AU,1,BSTAR=HIGH (0.005148 > 0.004463),6.44e-05,43.0004,0.0051476,15.11125823
STARLINK-5360,2022-177AC,1,BSTAR=HIGH (0.051479 > 0.004463),0.0001791,43.0002,0.051479,15.20740987
STARLINK-5361,2023-090AT,1,BSTAR=HIGH (0.005453 > 0.004463),0.0001075,43.0,0.0054527,15.10528063
STARLINK-5368,2022-177W,1,BSTAR=HIGH (0.050388 > 0.004463),0.0001766,43.0002,0.050388,15.21711018
STARLINK-5372,2022-177U,1,BSTAR=HIGH (0.049482 > 0.004463),0.0001926,43.0005,0.049482,15.22286282
STARLINK-5373,2023-015AT,1,BSTAR=HIGH (0.061739 > 0.004463),0.000195,43.0002,0.061739,15.1596875
STARLINK-5374,2023-046BE,1,BSTAR=HIGH (0.004598 > 0.004463),7.26e-05,42.9999,0.0045979,15.11806588
STARLINK-5378,2023-046AZ,1,ECCENTRICITY=HIGH (0.000657 > 0.000535),0.0006572,42.9924,0.0042247,16.23718598
STARLINK-5379,2022-177BA,1,BSTAR=HIGH (0.007266 > 0.004463),0.0002323,43.0015,0.0072663,15.08566865
STARLINK-5383,2022-177H,1,BSTAR=HIGH (0.005246 > 0.004463),9.7e-05,43.0022,0.0052463,15.03150726
STARLINK-5384,2022-177S,1,BSTAR=HIGH (0.028148 > 0.004463),0.0001391,43.0008,0.028148,15.29995679
STARLINK-5387,2022-177Y,1,BSTAR=HIGH (0.057493 > 0.004463),0.0001956,43.0003,0.057493,15.19391298
STARLINK-5390,2022-177BE,1,ECCENTRICITY=HIGH (0.000786 > 0.000535),0.00078614,42.9855,0.00061258888,16.379296
STARLINK-5392,2022-175AN,1,ECCENTRICITY=HIGH (0.000963 > 0.000535),0.0009635,53.1688,0.0018408,16.24679751
STARLINK-5393,2022-177N,1,ECCENTRICITY=HIGH (0.000608 > 0.000535),0.0006084,42.9837,0.00061942028,16.39183987
STARLINK-5396,2022-177AZ,1,BSTAR=HIGH (0.004954 > 0.004463),0.0001751,43.0006,0.0049536,15.09821467
STARLINK-5397,2022-177BD,1,BSTAR=HIGH (0.004917 > 0.004463),9.33e-05,43.0008,0.0049174,15.0534497
STARLINK-5398,2022-177AY,1,BSTAR=HIGH (0.007081 > 0.004463),0.0002206,43.0016,0.0070806,15.10216114
STARLINK-54,2019-029AH,1,ECCENTRICITY=HIGH (0.002014 > 0.000535),0.0020137,52.9827,0.0001,16.52546679
STARLINK-5401,2022-177BC,1,BSTAR=HIGH (0.006180 > 0.004463),0.0002175,43.0014,0.0061795,15.1204978
STARLINK-5402,2022-177BB,1,BSTAR=HIGH (0.004753 > 0.004463),0.0001207,43.0008,0.0047533,15.08503121
STARLINK-5403,2022-177AU,1,BSTAR=HIGH (0.004661 > 0.004463),0.0001132,43.0007,0.0046606,15.14536872
STARLINK-5405,2022-177AV,1,BSTAR=HIGH (0.004823 > 0.004463),0.0001842,43.0008,0.004823,15.11687044
STARLINK-5406,2022-177AS,1,BSTAR=HIGH (0.007154 > 0.004463),9.81e-05,43.0005,0.0071537,15.09365899
STARLINK-5407,2022-177AQ,1,BSTAR=HIGH (0.046797 > 0.004463),0.0001463,43.001,0.046797,15.13132933
STARLINK-5409,2022-177AR,1,BSTAR=HIGH (0.004765 > 0.004463),0.0001932,43.0009,0.0047653,15.11663789
STARLINK-5411,2022-177AX,1,BSTAR=HIGH (0.006607 > 0.004463),9.84e-05,43.0004,0.0066072,15.11110741
STARLINK-5416,2022-177AM,1,BSTAR=HIGH (0.004679 > 0.004463),0.0001525,43.0003,0.0046795,15.1351094
STARLINK-5418,2022-177AJ,1,BSTAR=HIGH (0.045060 > 0.004463),0.0001521,43.001,0.04506,15.14433594
STARLINK-5419,2022-177AL,1,ECCENTRICITY=HIGH (0.000920 > 0.000535),0.0009205,42.9928,0.00045463,16.4210368
STARLINK-5427,2022-177AK,1,BSTAR=HIGH (0.004766 > 0.004463),0.0001204,43.0002,0.0047657,15.13480657
STARLINK-5432,2022-177AE,1,BSTAR=HIGH (0.004726 > 0.004463),0.0001096,43.001,0.0047257,15.13331924
STARLINK-5437,2022-175AA,1,ECCENTRICITY=HIGH (0.000582 > 0.000535),0.0005822,53.203,0.00057052,16.4251431
STARLINK-5438,2022-175AE,1,ECCENTRICITY=HIGH (0.001219 > 0.000535),0.0012187,53.2032,0.0022479,16.37568852
STARLINK-5457,2023-021AQ,1,ECCENTRICITY=HIGH (0.001157 > 0.000535),0.0011567,69.9765,0.0033251,16.37726101
STARLINK-5461,2023-021AW,1,ECCENTRICITY=HIGH (0.000570 > 0.000535),0.0005704,69.9884,0.0025977,16.39267397
STARLINK-5478,2023-021Q,1,ECCENTRICITY=HIGH (0.001304 > 0.000535),0.0013043,69.9717,0.0022478,16.35944854
STARLINK-5482,2023-058AT,1,INCLINATION=HIGH (97.605400 > 83.857200),0.0001698,97.6054,6.0912e-05,15.01261541
STARLINK-5486,2023-064AB,1,ECCENTRICITY=HIGH (0.000932 > 0.000535),0.0009321,69.9857,0.0003171,16.46254669
STARLINK-5496,2023-083L,1,BSTAR=HIGH (0.005728 > 0.004463),0.0001342,43.0,0.0057283,15.03191973
STARLINK-5505,2023-094AT,1,ECCENTRICITY=HIGH (0.001311 > 0.000535),0.0013112,42.9758,0.0005277,16.32557547
STARLINK-5525,2023-094A,1,BSTAR=HIGH (0.034517 > 0.004463),0.000157,43.0022,0.034517,15.21732566
STARLINK-5533,2023-058AQ,1,INCLINATION=HIGH (97.604700 > 83.857200),0.0001955,97.6047,7.723e-05,15.01264282
STARLINK-5535,2023-058AR,1,INCLINATION=HIGH (97.604500 > 83.857200),0.000206,97.6045,0.00015465,15.05647418
STARLINK-5536,2023-088Q,1,BSTAR=HIGH (0.005989 > 0.004463),0.0001326,43.0007,0.0059886,15.08937353
STARLINK-5538,2023-058AS,1,INCLINATION=HIGH (97.604400 > 83.857200),0.0001784,97.6044,2.5733e-05,15.05648446
STARLINK-5540,2023-058Z,1,INCLINATION=HIGH (97.604400 > 83.857200),0.0001845,97.6044,-4.4491e-05,15.05629703
STARLINK-5542,2023-088AD,1,BSTAR=HIGH (0.007519 > 0.004463),0.000212,43.0009,0.0075192,15.11937571
STARLINK-5543,2023-058AA,1,INCLINATION=HIGH (97.602700 > 83.857200),9.17e-05,97.6027,-2.1578e-05,15.01256015
STARLINK-5547,2023-013X,1,BSTAR=HIGH (0.051444 > 0.004463),0.0001686,42.9995,0.051444,15.21238316
STARLINK-5548,2023-058T,1,INCLINATION=HIGH (97.603800 > 83.857200),0.0001457,97.6038,0.00038642,15.05657671
STARLINK-5549,2023-058AV,1,INCLINATION=HIGH (97.603700 > 83.857200),0.0001969,97.6037,-1.1579e-05,15.05647489
STARLINK-5550,2023-058AW,1,INCLINATION=HIGH (97.603200 > 83.857200),0.0002159,97.6032,5.6123e-05,15.01265034
STARLINK-5551,2023-058AU,1,INCLINATION=HIGH (97.604100 > 83.857200),0.000204,97.6041,8.0276e-05,15.01265209
STARLINK-5552,2023-058Y,1,INCLINATION=HIGH (97.602700 > 83.857200),0.0002031,97.6027,-4.2496e-05,15.01258363
STARLINK-5553,2023-058S,1,INCLINATION=HIGH (97.603900 > 83.857200),0.0001958,97.6039,3.58e-05,15.05642598
STARLINK-5554,2023-058X,1,INCLINATION=HIGH (97.603000 > 83.857200),0.0001138,97.603,-2.4698e-05,15.01261579
STARLINK-5559,2023-058U,1,INCLINATION=HIGH (97.604600 > 83.857200),0.0002003,97.6046,2.471e-05,15.05646909
STARLINK-5560,2023-028J,1,ECCENTRICITY=HIGH (0.001047 > 0.000535),0.0010466,69.9691,0.00014842,16.54083715
STARLINK-5561,2023-058W,1,INCLINATION=HIGH (97.603300 > 83.857200),8.81e-05,97.6033,-0.00023127,15.01240973
STARLINK-5562,2023-058V,1,INCLINATION=HIGH (97.604100 > 83.857200),0.0001586,97.6041,-1.1948e-05,15.01260287
STARLINK-5564,2023-046AU,1,BSTAR=HIGH (0.067939 > 0.004463),9.45e-05,42.9999,0.067939,15.14207338
STARLINK-5565,2023-028E,1,ECCENTRICITY=HIGH (0.000574 > 0.000535),0.0005743,69.9685,0.00027964,16.45575406
STARLINK-5583,2023-028AD,1,ECCENTRICITY=HIGH (0.001173 > 0.000535),0.0011728,70.0034,0.00020454,16.49471904
STARLINK-5586,2023-013AX,1,BSTAR=HIGH (0.006084 > 0.004463),0.0002558,43.0,0.0060845,15.12196438
STARLINK-5596,2023-015AD,1,ECCENTRICITY=HIGH (0.001277 > 0.000535),0.0012765,42.9857,0.0036535,16.27025716
STARLINK-56,2019-029BA,1,ECCENTRICITY=HIGH (0.001108 > 0.000535),0.0011081,52.9873,0.00078158,16.30933978
STARLINK-5606,2023-028AC,1,BSTAR=HIGH (0.005165 > 0.004463),0.0003162,70.0006,0.0051651,14.98302841
STARLINK-5608,2023-013Y,1,BSTAR=HIGH (0.051128 > 0.004463),0.0001556,42.9992,0.051128,15.19942317
STARLINK-5616,2023-014AC,1,ECCENTRICITY=HIGH (0.001139 > 0.000535),0.001139,69.9762,0.00026561,16.46269099
STARLINK-5618,2023-014AA,1,ECCENTRICITY=HIGH (0.000947 > 0.000535),0.0009471,69.9751,0.00025644,16.47630382
STARLINK-5619,2023-028Q,1,ECCENTRICITY=HIGH (0.000793 > 0.000535),0.00079258,69.9796,0.00017907342,16.48838805
STARLINK-5648,2023-013AJ,1,ECCENTRICITY=HIGH (0.000834 > 0.000535),0.0008341,42.9883,0.00052923,16.43345016
STARLINK-5654,2023-013AM,1,BSTAR=HIGH (0.005886 > 0.004463),0.0001309,42.9995,0.0058864,15.1319525
STARLINK-5662,2023-013P,1,ECCENTRICITY=HIGH (0.000785 > 0.000535),0.0007845,42.985,0.0029912,16.30851895
STARLINK-5667,2023-013G,1,BSTAR=HIGH (0.004697 > 0.004463),0.0002229,43.0006,0.0046972,15.09280693
STARLINK-5675,2023-013K,1,BSTAR=HIGH (0.004527 > 0.004463),5.16e-05,42.9998,0.0045274,15.05046287
STARLINK-5684,2023-015E,1,BSTAR=HIGH (0.005979 > 0.004463),0.00017491,43.0044,0.0059788815,15.03263735
STARLINK-5693,2023-015AK,1,ECCENTRICITY=HIGH (0.000857 > 0.000535),0.0008572,42.9852,0.00021671,16.51422629
STARLINK-5697,2023-020W,1,BSTAR=HIGH (0.065266 > 0.004463),0.000117,43.0003,0.065266,15.13584222
STARLINK-57,2019-029AL,1,ECCENTRICITY=HIGH (0.000739 > 0.000535),0.0007388,52.9866,0.0021419,16.40563533
STARLINK-5703,2023-020AA,1,BSTAR=HIGH (0.062012 > 0.004463),0.0001165,43.0001,0.062012,15.15980847
STARLINK-5704,2023-015AP,1,BSTAR=HIGH (0.047846 > 0.004463),0.0001698,43.0009,0.047846,15.10947229
STARLINK-5708,2023-015X,1,BSTAR=HIGH (0.004878 > 0.004463),9.725e-05,43.0033,0.0048781991,15.03102733
STARLINK-5710,2023-020AZ,1,BSTAR=HIGH (0.005733 > 0.004463),8.365e-05,43.0044,0.0057327194,15.03196778
STARLINK-5713,2023-020K,1,ECCENTRICITY=HIGH (0.000803 > 0.000535),0.0008029,42.9688,0.0012758,16.48198943
STARLINK-5727,2023-020U,1,BSTAR=HIGH (0.037616 > 0.004463),0.0001429,43.0013,0.037616,15.13731635
STARLINK-5728,2023-020V,1,BSTAR=HIGH (0.025209 > 0.004463),0.0001409,43.0013,0.025209,15.14622129
STARLINK-5729,2023-020AD,1,BSTAR=HIGH (0.067261 > 0.004463),0.0001009,43.0006,0.067261,15.12720851
STARLINK-5737,2023-020B,1,BSTAR=HIGH (0.031111 > 0.004463),0.0001246,43.0007,0.031111,15.15967449
STARLINK-5740,2023-020AC,1,ECCENTRICITY=HIGH (0.000663 > 0.000535),0.0006633,42.9743,0.00045376,16.42463812
STARLINK-5742,2023-020Q,1,BSTAR=HIGH (0.057138 > 0.004463),0.0001461,43.0017,0.057138,15.17560573
STARLINK-5748,2023-020AM,1,BSTAR=HIGH (0.028639 > 0.004463),0.0001513,43.0008,0.028639,15.13492867
STARLINK-5750,2023-020AB,1,BSTAR=HIGH (0.065355 > 0.004463),0.0001188,43.0,0.065355,15.14181326
STARLINK-5751,2023-020H,1,BSTAR=HIGH (0.045614 > 0.004463),0.0001506,43.0005,0.045614,15.12256874
STARLINK-5754,2023-020L,1,BSTAR=HIGH (0.065651 > 0.004463),0.0001303,42.9997,0.065651,15.13519594
STARLINK-5759,2023-020Z,1,BSTAR=HIGH (0.064717 > 0.004463),0.0001022,43.0009,0.064717,15.13831067
STARLINK-5784,2023-042AZ,1,ECCENTRICITY=HIGH (0.000842 > 0.000535),0.0008422,42.9867,0.00083922,16.32822931
STARLINK-58,2019-029AM,1,ECCENTRICITY=HIGH (0.001012 > 0.000535),0.0010115,53.006,0.0001307,16.49769755
STARLINK-5810,2023-028AM,1,ECCENTRICITY=HIGH (0.000710 > 0.000535),0.0007096,69.98,0.00014275,16.51028568
STARLINK-5821,2023-088X,1,BSTAR=HIGH (0.005797 > 0.004463),0.0001044,43.0005,0.005797,15.09291715
STARLINK-5825,2023-028AU,1,BSTAR=LOW (-0.003281 < -0.003262),0.0003336,70.0012,-0.0032811,14.98359487
STARLINK-5828,2023-088Y,1,BSTAR=HIGH (0.005708 > 0.004463),0.0001103,43.0007,0.0057083,15.12339884
STARLINK-5829,2023-058AG,1,INCLINATION=HIGH (97.603900 > 83.857200),0.0001617,97.6039,-1.8583e-05,15.05647058
STARLINK-5834,2023-088Z,1,BSTAR=HIGH (0.005816 > 0.004463),9.65e-05,43.001,0.0058157,15.10523538
STARLINK-5836,2023-061N,1,BSTAR=HIGH (0.025902 > 0.004463),0.0001574,43.0006,0.025902,15.13984514
STARLINK-5837,2023-058AF,1,INCLINATION=HIGH (97.603200 > 83.857200),0.0002934,97.6032,1.098e-05,15.01258002
STARLINK-5838,2023-088AB,1,BSTAR=HIGH (0.005751 > 0.004463),9.5e-05,43.0013,0.0057507,15.11302203
STARLINK-5839,2023-088D,1,BSTAR=HIGH (0.008397 > 0.004463),0.0001183,43.0013,0.0083972,15.03642398
STARLINK-5843,2023-088AA,1,BSTAR=HIGH (0.005674 > 0.004463),0.0001124,43.0002,0.0056745,15.12339204
STARLINK-5847,2023-088A,1,ECCENTRICITY=HIGH (0.000768 > 0.000535),0.0007678,42.9811,0.0001,16.44822429
STARLINK-5851,2023-037AK,1,BSTAR=HIGH (0.015708 > 0.004463),0.000379,70.0228,0.015708,15.45345111
STARLINK-5855,2023-037D,1,ECCENTRICITY=HIGH (0.000563 > 0.000535),0.000563,69.9395,0.00020863,16.47972329
STARLINK-5870,2023-094E,1,BSTAR=HIGH (0.053219 > 0.004463),0.0001642,43.0008,0.053219,15.20258545
STARLINK-5874,2023-058AN,1,INCLINATION=HIGH (97.603900 > 83.857200),0.0002761,97.6039,3.3803e-05,15.01260969
STARLINK-5876,2023-058E,1,INCLINATION=HIGH (97.602700 > 83.857200),0.000212,97.6027,-0.0013907,15.05650578
STARLINK-5877,2023-058AP,1,INCLINATION=HIGH (97.604100 > 83.857200),0.0001845,97.6041,5.8964e-05,15.05649856
STARLINK-5885,2023-058AM,1,INCLINATION=HIGH (97.605000 > 83.857200),0.0003024,97.605,5.5388e-05,15.01262269
STARLINK-5886,2023-058AK,1,INCLINATION=HIGH (97.603500 > 83.857200),0.0002321,97.6035,-2.1351e-06,15.05642794
STARLINK-5887,2023-058AJ,1,INCLINATION=HIGH (97.605800 > 83.857200),0.0001376,97.6058,9.521e-05,15.01261504
STARLINK-5888,2023-058AH,1,INCLINATION=HIGH (97.602900 > 83.857200),0.0002243,97.6029,-1.8294e-05,15.01258572
STARLINK-5889,2023-037AR,1,ECCENTRICITY=HIGH (0.000937 > 0.000535),0.0009371,69.9806,0.00020085,16.49158089
STARLINK-5890,2023-094AZ,1,ECCENTRICITY=HIGH (0.000744 > 0.000535),0.0007436,42.9872,0.00048961,16.4120781
STARLINK-5891,2023-058AL,1,INCLINATION=HIGH (97.604600 > 83.857200),0.0001906,97.6046,2.9127e-05,15.05647611
STARLINK-5895,2023-037BC,1,ECCENTRICITY=HIGH (0.000543 > 0.000535),0.0005426,69.9967,0.0014758,15.07334133
STARLINK-5898,2023-037R,1,ECCENTRICITY=HIGH (0.000821 > 0.000535),0.0008209,69.9688,0.00027346,16.4721324
STARLINK-5919,2023-037P,1,BSTAR=LOW (-0.005927 < -0.003262),0.0002091,70.0016,-0.0059271,14.97879988
STARLINK-5937,2023-083AY,1,BSTAR=HIGH (0.004571 > 0.004463),0.0001723,43.0007,0.0045709,15.05236904
STARLINK-5948,2023-042F,1,BSTAR=HIGH (0.050681 > 0.004463),0.0001514,42.9999,0.050681,15.19369276
STARLINK-5954,2023-058B,1,INCLINATION=HIGH (97.603800 > 83.857200),0.000177,97.6038,2.6348e-05,15.05649787
STARLINK-5955,2023-058AB,1,INCLINATION=HIGH (97.603800 > 83.857200),0.0002168,97.6038,-1.9617e-06,15.05647724
STARLINK-5961,2023-083AQ,1,BSTAR=HIGH (0.006487 > 0.004463),0.0002293,43.001,0.0064869,15.0740394
STARLINK-5962,2023-042G,1,ECCENTRICITY=HIGH (0.000624 > 0.000535),0.0006242,42.9816,0.00039176,16.44081722
STARLINK-5972,2023-058AX,1,INCLINATION=HIGH (97.604200 > 83.857200),0.0002057,97.6042,-0.00024437,15.05660474
STARLINK-5974,2023-058AD,1,INCLINATION=HIGH (97.604900 > 83.857200),0.0001712,97.6049,-4.2334e-05,15.05657011
STARLINK-5976,2023-058AC,1,INCLINATION=HIGH (97.604700 > 83.857200),0.0002118,97.6047,2.7606e-05,15.05645605
STARLINK-5978,2023-078C,1,ECCENTRICITY=HIGH (0.001191 > 0.000535),0.00119128,69.9738,0.000162996,16.47838598
STARLINK-5979,2023-058AE,1,INCLINATION=HIGH (97.603600 > 83.857200),0.0002581,97.6036,0.00010794,15.01264336
STARLINK-5980,2023-058K,1,INCLINATION=HIGH (97.604300 > 83.857200),0.0003415,97.6043,2.8829e-05,15.01263033
STARLINK-5981,2023-058J,1,INCLINATION=HIGH (97.603700 > 83.857200),0.0003181,97.6037,1.2145e-05,15.0125858
STARLINK-5982,2023-078BC,1,ECCENTRICITY=HIGH (0.000940 > 0.000535),0.00093977,69.9773,0.00018144373,16.47429499
STARLINK-5983,2023-094G,1,BSTAR=HIGH (0.054707 > 0.004463),0.0001684,43.0015,0.054707,15.19369515
STARLINK-5984,2023-058N,1,INCLINATION=HIGH (97.604100 > 83.857200),0.0001754,97.6041,1.9955e-05,15.0565728
STARLINK-5988,2023-058D,1,INCLINATION=HIGH (97.604100 > 83.857200),0.0002849,97.6041,5.7205e-05,15.01262476
STARLINK-5991,2023-058Q,1,INCLINATION=HIGH (97.603200 > 83.857200),0.0001717,97.6032,1.6556e-06,15.01260908
STARLINK-5992,2023-058M,1,INCLINATION=HIGH (97.604000 > 83.857200),0.0002041,97.604,-1.7294e-05,15.05645849
STARLINK-5997,2023-058L,1,INCLINATION=HIGH (97.603100 > 83.857200),0.0002767,97.6031,3.2315e-06,15.01259374
STARLINK-60,2019-029AQ,1,ECCENTRICITY=HIGH (0.000547 > 0.000535),0.0005472,52.9738,0.0010665,16.42262567
STARLINK-6033,2023-058F,1,INCLINATION=HIGH (97.604200 > 83.857200),0.0002158,97.6042,0.0025565,15.04733273
STARLINK-6034,2023-058H,1,INCLINATION=HIGH (97.603800 > 83.857200),0.0001681,97.6038,3.867e-05,15.05652551
STARLINK-6035,2023-058G,1,INCLINATION=HIGH (97.603900 > 83.857200),0.0002034,97.6039,0.00073693,15.04827605
STARLINK-6038,2023-058A,1,INCLINATION=HIGH (97.604300 > 83.857200),0.0002092,97.6043,1.0049e-05,15.05645241
STARLINK-6039,2023-058C,1,INCLINATION=HIGH (97.602900 > 83.857200),0.0001919,97.6029,0.0033784,15.05364326
STARLINK-6054,2023-064T,1,BSTAR=LOW (-0.003784 < -0.003262),0.00041166,70.0022,-0.003784265,14.97960429
STARLINK-6057,2023-078BA,1,ECCENTRICITY=HIGH (0.000881 > 0.000535),0.0008813,69.9897,0.0002352,16.45659849
STARLINK-6061,2023-078AE,1,BSTAR=LOW (-0.004330 < -0.003262),0.000299,70.0014,-0.0043301,14.9835821
STARLINK-6068,2023-078AH,1,ECCENTRICITY=HIGH (0.001462 > 0.000535),0.0014618,69.9754,0.0002684,16.45693007
STARLINK-6070,2023-078AM,1,BSTAR=HIGH (0.004957 > 0.004463),0.0003345,70.0011,0.0049571,15.36130572
STARLINK-6071,2023-046AS,1,BSTAR=HIGH (0.061820 > 0.004463),0.000106,43.0006,0.06182,15.16037439
STARLINK-6074,2023-065BC,1,BSTAR=HIGH (0.063870 > 0.004463),0.0001318,42.9998,0.06387,15.1466416
STARLINK-6085,2023-090Q,1,ECCENTRICITY=HIGH (0.001968 > 0.000535),0.0019678,42.9989,0.0016681,15.13215076
STARLINK-6092,2023-046AE,1,BSTAR=HIGH (0.067082 > 0.004463),0.0002148,43.0,0.067082,15.14205744
STARLINK-6093,2023-046G,1,ECCENTRICITY=HIGH (0.001176 > 0.000535),0.0011762,42.9938,0.00061295,16.33588613
STARLINK-6094,2023-046AF,1,BSTAR=HIGH (0.054166 > 0.004463),9.9e-05,43.0003,0.054166,15.19382926
STARLINK-6100,2023-090AA,1,BSTAR=HIGH (0.005699 > 0.004463),0.0002352,43.0008,0.0056993,15.10475108
STARLINK-6101,2023-046Y,1,BSTAR=HIGH (0.052520 > 0.004463),0.0001178,42.9988,0.05252,15.20172536
STARLINK-6103,2023-046X,1,ECCENTRICITY=HIGH (0.000605 > 0.000535),0.0006054,42.9877,0.00035054,16.4670834
STARLINK-6106,2023-090BF,1,BSTAR=HIGH (0.005999 > 0.004463),0.00018558,43.0028,0.0059993964,15.03250022
STARLINK-6112,2023-090AM,1,BSTAR=HIGH (0.005386 > 0.004463),0.000211,42.9994,0.0053864,15.13330714
STARLINK-6115,2023-046AH,1,BSTAR=HIGH (0.004795 > 0.004463),0.000208,43.0011,0.0047948,15.10281675
STARLINK-6120,2023-046AR,1,BSTAR=HIGH (0.005039 > 0.004463),0.0001135,42.9998,0.0050393,15.10504851
STARLINK-6121,2023-046AP,1,BSTAR=HIGH (0.005683 > 0.004463),0.0001974,43.0002,0.0056834,15.10922154
STARLINK-6122,2023-046AN,1,BSTAR=HIGH (0.046259 > 0.004463),0.0001295,43.0002,0.046259,15.12132883
STARLINK-6126,2023-046AJ,1,BSTAR=HIGH (0.065037 > 0.004463),0.0002015,42.9994,0.065037,15.15115204
STARLINK-6127,2023-090AL,1,BSTAR=HIGH (0.004939 > 0.004463),7.76e-05,43.0003,0.0049388,15.12517948
STARLINK-6133,2023-090AK,1,BSTAR=HIGH (0.005516 > 0.004463),0.000235,43.0001,0.0055162,15.12843667
STARLINK-6143,2023-090AJ,1,BSTAR=HIGH (0.005142 > 0.004463),0.0001455,42.9998,0.005142,15.12343214
STARLINK-6155,2023-088AE,1,BSTAR=HIGH (0.005875 > 0.004463),8.79e-05,43.0017,0.0058752,15.09944577
STARLINK-6157,2023-061F,1,BSTAR=HIGH (0.038922 > 0.004463),0.0001438,43.0,0.038922,15.17800598
STARLINK-6158,2023-061B,1,BSTAR=HIGH (0.048846 > 0.004463),0.0001691,43.0003,0.048846,15.17883354
STARLINK-6162,2023-090AG,1,BSTAR=HIGH (0.005456 > 0.004463),0.0002066,43.0004,0.0054555,15.13213207
STARLINK-6178,2023-061P,1,BSTAR=HIGH (0.063830 > 0.004463),0.0001027,42.9994,0.06383,15.14368959
STARLINK-6184,2023-088AK,1,BSTAR=HIGH (0.005583 > 0.004463),0.0002094,43.0012,0.0055827,15.1150159
STARLINK-6185,2023-083AB,1,BSTAR=HIGH (0.006195 > 0.004463),0.0001892,43.0003,0.0061951,15.16087815
STARLINK-6188,2023-061C,1,BSTAR=HIGH (0.048671 > 0.004463),0.0001621,42.999,0.048671,15.18149065
STARLINK-6191,2023-061E,1,BSTAR=HIGH (0.049904 > 0.004463),0.0001728,42.9989,0.049904,15.20363927
STARLINK-6192,2023-083AD,1,BSTAR=HIGH (0.062760 > 0.004463),0.0002063,43.0008,0.06276,15.17487256
STARLINK-6194,2023-088AF,1,BSTAR=HIGH (0.005750 > 0.004463),0.0001532,43.0007,0.0057502,15.1091867
STARLINK-6197,2023-078A,1,ECCENTRICITY=HIGH (0.000738 > 0.000535),0.00073767,69.9933,0.00073989303,15.17055792
STARLINK-62,2019-029AR,1,ECCENTRICITY=HIGH (0.000946 > 0.000535),0.000946,52.9905,0.00014637,16.50508848
STARLINK-6203,2023-083Z,1,BSTAR=HIGH (0.052367 > 0.004463),0.0001545,43.0007,0.052367,15.1957482
STARLINK-6205,2023-083Y,1,BSTAR=HIGH (0.006096 > 0.004463),0.0002016,43.0003,0.006096,15.1582164
STARLINK-6215,2023-099AR,1,BSTAR=HIGH (0.054429 > 0.004463),0.0001118,43.0005,0.054429,15.17011032
STARLINK-6217,2023-088L,1,BSTAR=HIGH (0.006121 > 0.004463),0.0001235,43.0006,0.0061206,15.05277518
STARLINK-6225,2023-088AW,1,BSTAR=HIGH (0.005543 > 0.004463),0.000144,42.9999,0.0055428,15.10952648
STARLINK-6229,2023-088AX,1,BSTAR=HIGH (0.005916 > 0.004463),0.0001313,43.0007,0.005916,15.10329954
STARLINK-6230,2023-094L,1,BSTAR=HIGH (0.052410 > 0.004463),0.0001894,43.0006,0.05241,15.19455289
STARLINK-6232,2023-088AP,1,BSTAR=HIGH (0.005454 > 0.004463),0.000165,43.0002,0.0054541,15.12310972
STARLINK-6235,2023-088AY,1,BSTAR=HIGH (0.005888 > 0.004463),0.000156,43.0007,0.0058883,15.0842027
STARLINK-6240,2023-088AN,1,BSTAR=HIGH (0.005482 > 0.004463),0.0002072,43.0006,0.0054817,15.12653522
STARLINK-6243,2023-088AJ,1,BSTAR=HIGH (0.005929 > 0.004463),8.28e-05,43.0013,0.0059291,15.09133922
STARLINK-6245,2023-088AH,1,BSTAR=HIGH (0.005397 > 0.004463),0.0002033,43.001,0.0053971,15.12668026
STARLINK-6246,2023-088AG,1,ECCENTRICITY=HIGH (0.000787 > 0.000535),0.00078662,42.9865,0.00064970986,16.36100402
STARLINK-6247,2023-088AQ,1,BSTAR=HIGH (0.005486 > 0.004463),0.0001891,43.0013,0.0054859,15.11802235
STARLINK-6248,2023-088AL,1,BSTAR=HIGH (0.007432 > 0.004463),0.0002244,43.0009,0.0074318,15.11980279
STARLINK-6251,2023-088AR,1,BSTAR=HIGH (0.005666 > 0.004463),0.0001846,42.9999,0.0056658,15.11250867
STARLINK-6253,2023-088AM,1,BSTAR=HIGH (0.005755 > 0.004463),0.0002124,43.0017,0.0057553,15.09252477
STARLINK-6254,2023-088AU,1,BSTAR=HIGH (0.008110 > 0.004463),0.0002433,43.0024,0.0081101,15.08590174
STARLINK-6256,2023-061AD,1,ECCENTRICITY=HIGH (0.001037 > 0.000535),0.0010369,42.9909,0.0010803,15.8794065
STARLINK-6257,2023-088AS,1,BSTAR=HIGH (0.005621 > 0.004463),0.0002201,43.0014,0.0056214,15.10553379
STARLINK-6259,2023-088AT,1,BSTAR=HIGH (0.005914 > 0.004463),0.0001419,43.0002,0.0059145,15.1018835
STARLINK-6261,2023-061AV,1,BSTAR=HIGH (0.005091 > 0.004463),0.0004632,42.9965,0.0050912,15.03094983
STARLINK-6262,2023-088AV,1,BSTAR=HIGH (0.005845 > 0.004463),0.0001594,43.0006,0.0058449,15.10182123
STARLINK-6265,2023-065BG,1,BSTAR=HIGH (0.026146 > 0.004463),0.0001782,43.0006,0.026146,15.13319121
STARLINK-6269,2023-061AE,1,ECCENTRICITY=HIGH (0.000786 > 0.000535),0.0007861,42.9718,0.0026187,16.40236707
STARLINK-6273,2023-061X,1,BSTAR=HIGH (0.006934 > 0.004463),0.00017254,43.0037,0.0069338944,15.03309791
STARLINK-6282,2023-061AK,1,BSTAR=HIGH (0.006897 > 0.004463),0.0001873,43.0031,0.0068968,15.03358521
STARLINK-6295,2023-065BD,1,BSTAR=HIGH (0.026740 > 0.004463),0.000167,43.0006,0.02674,15.13116758
STARLINK-6298,2023-061T,1,BSTAR=HIGH (0.061797 > 0.004463),0.0001574,42.9991,0.061797,15.15574761
STARLINK-6300,2023-061S,1,ECCENTRICITY=HIGH (0.001037 > 0.000535),0.001037,42.9857,0.00085848,16.33034715
STARLINK-6303,2023-061V,1,BSTAR=HIGH (0.025146 > 0.004463),0.000169,43.0007,0.025146,15.14367287
STARLINK-6316,2023-099H,1,BSTAR=HIGH (0.031342 > 0.004463),0.0001688,43.0006,0.031342,15.17360941
STARLINK-6325,2023-078Y,1,ECCENTRICITY=HIGH (0.000935 > 0.000535),0.0009351,69.9883,0.00026653,16.44579935
STARLINK-6331,2023-099Z,1,BSTAR=HIGH (0.050198 > 0.004463),0.0002066,42.9997,0.050198,15.17375216
STARLINK-6339,2023-078E,1,ECCENTRICITY=HIGH (0.000775 > 0.000535),0.0007749,69.9755,0.00027271,16.47708447
STARLINK-6353,2023-088J,1,BSTAR=HIGH (0.005524 > 0.004463),6.51e-05,43.0009,0.0055244,15.03178826
STARLINK-6368,2023-094S,1,BSTAR=HIGH (0.060932 > 0.004463),0.0001797,43.0009,0.060932,15.15616827
STARLINK-6371,2023-099BF,1,BSTAR=HIGH (0.030234 > 0.004463),0.0001606,43.0005,0.030234,15.1637933
STARLINK-64,2019-029AS,1,ECCENTRICITY=HIGH (0.000598 > 0.000535),0.0005976,52.9765,0.0016625,16.3666851
STARLINK-65,2019-029AT,1,ECCENTRICITY=HIGH (0.000700 > 0.000535),0.0006998,52.9911,0.0015821,16.33268807
STARLINK-66,2019-029W,1,ECCENTRICITY=HIGH (0.000580 > 0.000535),0.0005799,52.999,0.00012961,16.51444328
STARLINK-67,2019-029AV,1,ECCENTRICITY=HIGH (0.000550 > 0.000535),0.0005497,52.9725,0.001249,16.44125369
STARLINK-69,2019-029AJ,1,ECCENTRICITY=HIGH (0.000635 > 0.000535),0.0006351,52.9852,0.0019064,16.31646927
STARLINK-70,2019-029AY,1,ECCENTRICITY=HIGH (0.000959 > 0.000535),0.0009591,52.9794,0.0028672,16.37521636
STARLINK-71,2019-029T,1,ECCENTRICITY=HIGH (0.000602 > 0.000535),0.0006016,52.9739,0.0044611,16.32897644
STARLINK-73,2019-029BB,1,ECCENTRICITY=HIGH (0.000622 > 0.000535),0.0006216,52.9805,0.0018995,16.36958608
STARLINK-75,2019-029BD,1,ECCENTRICITY=HIGH (0.000660 > 0.000535),0.00066,52.986,0.0014773,16.39813578
STARLINK-77,2019-029BJ,1,ECCENTRICITY=HIGH (0.001011 > 0.000535),0.0010112,53.0062,0.0024473,16.25812661
STARLINK-78,2019-029BH,1,ECCENTRICITY=HIGH (0.000943 > 0.000535),0.0009431,52.9953,0.0025133,16.31563382
STARLINK-79,2019-029BF,1,ECCENTRICITY=HIGH (0.001129 > 0.000535),0.001129,53.0185,0.0019591,16.35147155
STARLINK-80,2019-029AZ,1,ECCENTRICITY=HIGH (0.001076 > 0.000535),0.001076,52.9933,0.003768,16.27325173
