OBJECT_NAME,NORAD_CAT_ID,INCLINATION,APOAPSIS,PERIAPSIS,BSTAR,iso_score,pca_score,combined_score,anomaly_flag
STARLINK-34613,65294,97.6013,550.794,548.238,0.00036256,0.38801837216104035,0.04145825940371918,0.21473831578237976,0
STARLINK-34834,65295,97.6028,549.969,548.931,0.00033352,0.4013188625439785,0.042397916031521925,0.22185838928775023,0
STARLINK-34872,65296,97.6023,550.418,548.56,0.00034841,0.35074012615224864,0.04126128476508866,0.19600070545866866,0
STARLINK-34899,65323,53.1582,476.226,474.098,0.00098613,0.06244442912909803,0.0014267374858350245,0.03193558330746653,0
STARLINK-34881,65347,53.1576,476.022,474.573,0.0010418,0.13478962028243138,0.0090757121122662,0.0719326661973488,0
STARLINK-34859,65348,53.1574,476.026,474.446,0.00041493,0.09317997260725208,0.007286836808036118,0.0502334047076441,0
STARLINK-34895,65349,53.1582,476.165,474.098,0.0013579,0.1707213793058477,0.00897924729554591,0.0898503133006968,0
STARLINK-34892,65350,53.1595,476.125,474.253,0.001720926,0.10544770957237057,0.003213538566380782,0.05433062406937567,0
STARLINK-34196,65324,53.1609,476.001,474.341,0.00084334766,0.030475194077175752,0.001662556847834801,0.016068875462505277,0
STARLINK-34911,65325,53.1594,476.122,474.541,0.00048632119,0.10521414755287789,0.00788936938730696,0.056551758470092424,0
STARLINK-34902,65326,53.1576,475.875,474.605,0.00092005,0.11151497719372974,0.0075073948544638535,0.059511186024096795,0
STARLINK-34880,65327,53.1576,476.109,474.332,0.00046873,0.023973762643772097,0.0014182092626905003,0.0126959859532313,0
STARLINK-34885,65328,53.1576,476.19,474.056,0.0013587,0.1171507727635387,0.004445898265009993,0.06079833551427435,0
STARLINK-34908,65329,53.1584,476.148,474.188,0.001056,0.08024065542098971,0.003684974200443546,0.04196281481071663,0
STARLINK-34864,65330,53.1584,475.967,474.381,0.0012079,0.0444965510910666,0.0011325276930223786,0.02281453939204449,0
STARLINK-34918,65331,53.1578,476.56,473.775,0.00097966,0.13739345181048304,0.005802234543574156,0.0715978431770286,0
STARLINK-33890,65332,53.1594,476.071,474.23,0.0011228,0.05242977801431015,0.00183332494549871,0.02713155147990443,0
STARLINK-34602,65333,53.1605,475.804,474.847,0.0014911047,0.1806142307605765,0.010547554283475275,0.0955808925220259,0
STARLINK-34878,65334,53.1607,476.221,474.159,0.0010751065,0.08965605827351644,0.003504686161970943,0.04658037221774369,0
STARLINK-34874,65335,53.1593,476.441,473.994,0.00096070652,0.10663711922014531,0.003529460918100569,0.05508329006912294,0
STARLINK-34835,65336,53.161,476.002,474.314,0.00096178169,0.1541343307733519,0.010284706778000089,0.08220951877567599,0
STARLINK-34854,65337,53.1592,475.933,474.19,0.0012908,0.14610308296324134,0.007229142773771615,0.07666611286850648,0
STARLINK-34751,65338,53.1587,475.858,474.514,0.00088541,0.22749829352633108,0.013768458815565416,0.12063337617094824,0
STARLINK-34777,65339,53.1574,475.87,474.558,0.00026894,0.10229276756974118,0.007951092463035417,0.0551219300163883,0
STARLINK-35020,65340,53.1611,476.812,473.533,0.001147523,0.3122281327995094,0.01925518294956695,0.16574165787453818,0
STARLINK-35016,65341,53.1582,475.953,474.472,0.00063434,0.2326871018721036,0.014498688206825311,0.12359289503946445,0
STARLINK-35092,65342,53.1603,475.566,474.823,0.001258,0.10598312106672468,0.007868171653719698,0.05692564636022219,0
STARLINK-34838,65343,53.161,476.074,474.229,0.001025878,0.033105694617249805,0.0005404253058742446,0.016823059961562026,0
STARLINK-35088,65344,53.1595,477.215,473.232,0.0012781279,0.23837603699804885,0.011815138257422947,0.1250955876277359,0
STARLINK-34831,65345,53.1582,476.214,474.13,0.0012684,0.06664726968070916,0.0,0.03332363484035458,0
STARLINK-34873,65346,53.1606,475.755,474.536,0.0012165,0.12991311725364132,0.008743924917160095,0.0693285210854007,0
STARLINK-34244,65351,53.1585,476.023,474.512,0.00070207,0.2548203335916896,0.017355636378530107,0.13608798498510985,0
STARLINK-34305,65375,53.1605,476.055,474.294,0.00083364,0.03772618210231159,0.0026159357130994287,0.020171058907705507,0
STARLINK-34249,65376,53.1585,476.185,474.145,0.00090596,0.12375472933378763,0.007876520562119488,0.06581562494795357,0
STARLINK-34879,65377,53.16,475.802,474.597,0.00064762,0.07620117547917396,0.00732932004145384,0.0417652477603139,0
STARLINK-34912,65378,53.1585,475.977,474.46,0.00011328,0.010382203140676307,0.003092782751760481,0.006737492946218394,0
STARLINK-34716,65352,53.16,476.33,474.314,-0.00019918,0.12383021313280089,0.008495757520422226,0.06616298532661155,0
STARLINK-34828,65353,53.159,475.466,474.857,0.00092428,0.08430591885803031,0.008594818471155383,0.046450368664592845,0
STARLINK-34785,65354,53.1582,476.146,474.408,0.00073668,0.018663145137416907,0.0009644398805615209,0.009813792508989214,0
STARLINK-34823,65355,53.1599,475.782,474.61,0.00089274,0.17378260910297394,0.012168610021880775,0.09297560956242736,0
STARLINK-34680,65356,53.1584,476.068,474.461,0.00070881,0.02241200582157946,0.0025030436829858774,0.012457524752282668,0
STARLINK-34860,65357,53.159,475.882,474.557,0.00092339,0.22857437253390955,0.01421149674510716,0.12139293463950836,0
STARLINK-34782,65358,53.1575,476.06,474.428,0.00051063,0.018629325426388597,0.0022209637811632936,0.010425144603775945,0
STARLINK-34760,65359,53.1583,476.029,474.474,0.0006548,0.10156152608124919,0.008514292723149514,0.05503790940219935,0
STARLINK-34826,65360,53.1585,476.13,474.423,0.0012402,0.041419564888841666,0.0008266959260437774,0.021123130407442722,0
STARLINK-34800,65361,53.1586,475.834,474.556,0.00088517,0.09315140194714074,0.006942033849957623,0.05004671789854918,0
STARLINK-34817,65362,53.1577,475.956,474.58,0.00022707,0.014966036426323008,0.0028039238991738203,0.008884980162748414,0
STARLINK-34797,65363,53.1587,476.126,474.369,0.0006748,0.03321301010236206,0.002781463073198072,0.017997236587780064,0
STARLINK-34729,65364,53.1598,475.802,474.642,0.00077483,0.08371482229434367,0.007606197810607298,0.045660510052475484,0
STARLINK-34710,65365,53.1583,475.895,474.363,0.0011415,0.06153443400462267,0.004153602550284388,0.03284401827745353,0
STARLINK-34943,65366,53.1579,475.915,474.571,0.00064537,0.08024099434893199,0.0067096784135292275,0.043475336381230606,0
STARLINK-34946,65367,53.1585,475.839,474.612,0.00083448,0.04694594758210724,0.003838957592740627,0.025392452587423932,0
STARLINK-34259,65368,53.1581,475.871,474.606,0.00060713,0.026937969037176844,0.0031385131179440316,0.015038241077560438,0
STARLINK-34913,65369,53.1588,475.967,474.435,0.00097637,0.03068140645780865,0.0020019259336383466,0.016341666195723498,0
STARLINK-34870,65370,53.1599,475.924,474.534,0.00084339,0.03384620152777029,0.002929326207335744,0.018387763867553017,0
STARLINK-34869,65371,53.1594,476.047,474.564,0.00020976,0.018221466986255156,0.0034138854249219927,0.010817676205588574,0
STARLINK-34903,65372,53.1607,476.29,474.008,0.00095227,0.27753800527755224,0.017824190290111376,0.14768109778383182,0
STARLINK-34891,65373,53.1574,475.73,474.805,0.00091186,0.17284917925550855,0.011826660846373845,0.0923379200509412,0
STARLINK-34900,65374,53.1592,476.138,474.346,0.00080927,0.20080143697458241,0.012528385427918617,0.10666491120125052,0
STARLINK-34985,65379,97.6029,550.734,548.255,0.00050693506,0.4234678445132979,0.04165489501958141,0.23256136976643965,0
STARLINK-35051,65380,97.6024,551.154,547.869,0.00015018,0.4610276731349914,0.043286523830263345,0.25215709848262735,0
STARLINK-35028,65381,97.6021,550.919,548.104,0.00017893,0.4021431053577318,0.04201080454472376,0.22207695495122778,0
STARLINK-35032,65382,97.6038,550.893,547.965,0.00052116,0.4338725254349422,0.04210959532206135,0.23799106037850176,0
STARLINK-35054,65383,97.5984,551.561,547.443,7.4825e-05,0.48069206580768126,0.04439852510162038,0.26254529545465083,0
STARLINK-35012,65384,97.6039,550.605,548.38,0.00044952,0.39631886362619584,0.04151961590550098,0.2189192397658484,0
STARLINK-35073,65385,97.6021,551.101,547.907,0.00035203369,0.4376573092530925,0.04258210551022502,0.24011970738165875,0
STARLINK-35066,65386,97.6022,551.21,547.807,0.00017361,0.43574955039215624,0.042760520778624855,0.23925503558539055,0
STARLINK-34703,65387,97.6027,551.207,547.808,0.00021807,0.44849636091346784,0.043006671200819344,0.2457515160571436,0
STARLINK-34957,65388,97.6019,550.679,548.329,0.00021169,0.4559053345493163,0.04286245669165292,0.24938389562048463,0
STARLINK-34993,65389,97.6028,551.167,547.748,0.00055529766,0.49274064869261563,0.04356764062404691,0.26815414465833126,0
STARLINK-35083,65390,97.6025,551.627,547.491,0.00039131,0.4834463716214494,0.044524961453214544,0.26398566653733196,0
STARLINK-34786,65391,97.6021,551.36,547.64,0.00026781,0.48975720587664606,0.04397527851581487,0.26686624219623045,0
STARLINK-35082,65392,97.6019,550.896,548.08,0.00042465,0.4134717765140951,0.04188752232084095,0.22767964941746804,0
STARLINK-35097,65393,97.6037,550.958,548.065,0.00050779,0.43012291489507043,0.042069495804343944,0.23609620534970718,0
STARLINK-35058,65394,97.6055,550.818,548.137,0.00065921,0.5403850904419086,0.04432838502640515,0.2923567377341569,0
STARLINK-35094,65395,97.6038,550.481,548.48,0.00063044413,0.4042765301169927,0.04167523085362499,0.22297588048530886,0
STARLINK-34811,65396,97.603,550.941,548.17,1.5189e-05,0.39029162673676066,0.04173847794297116,0.2160150523398659,0
STARLINK-34940,65397,97.6026,551.124,547.992,0.00039699884,0.4286993829218739,0.042399357500870295,0.2355493702113721,0
STARLINK-34931,65398,97.6031,550.755,548.254,0.0002805,0.3890032432180561,0.04170279632462279,0.21535301977133947,0
STARLINK-34836,65399,97.6029,551.547,547.161,0.0011827,0.5972427224553037,0.046704586287270325,0.32197365437128705,0
STARLINK-34876,65400,97.6022,551.313,547.711,0.00013666,0.5575048187394178,0.04556924350847354,0.3015370311239457,0
STARLINK-34909,65401,97.6019,551.162,547.623,0.0016798,0.525930632121741,0.04345326219451795,0.28469194715812945,0
STARLINK-34848,65402,97.602,551.462,547.52,0.00034091,0.5049892820957327,0.044667359476897074,0.27482832078631486,0
STARLINK-35031,65404,53.1581,476.483,473.801,0.0012873,0.1098375958792679,0.0025129339526640177,0.05617526491596596,0
STARLINK-35004,65428,53.158,476.599,473.724,0.0010102,0.10761083151204162,0.002986635773407778,0.0552987336427247,0
STARLINK-35014,65429,53.1596,477.644,472.75,0.001513517,0.26457037902399366,0.01646215551716062,0.14051626727057714,0
STARLINK-35025,65430,53.1598,475.928,474.417,0.0010945,0.17181835854234684,0.010712309258119992,0.09126533390023342,0
STARLINK-35034,65431,53.1596,475.557,474.806,0.0012459592,0.11846676538753989,0.008550076864365175,0.06350842112595254,0
STARLINK-34830,65405,53.1603,473.673,471.492,0.0011315,0.2723556515388607,0.00921123721564906,0.14078344437725487,0
STARLINK-35036,65406,53.1575,475.978,474.518,0.00037697381,0.03992057944104951,0.003682524473262457,0.021801551957155982,0
STARLINK-35035,65407,53.1609,473.969,471.432,0.0013478633,0.10916571025341482,0.0015398554524733927,0.05535278285294411,0
STARLINK-35008,65408,53.1585,476.368,473.975,0.00097456,0.06689575410151595,0.0004551198067951585,0.033675436954155556,0
STARLINK-35022,65409,53.1592,473.415,471.846,0.0015256,0.0740679024463768,0.0018698341950974685,0.037968868320737134,0
STARLINK-35024,65410,53.1594,473.219,472.225,0.00097027101,0.07875719017217295,0.005634825889259914,0.04219600803071643,0
STARLINK-34983,65411,53.1604,473.22,472.094,0.0012781,0.08560533752466457,0.004175016363347692,0.04489017694400613,0
STARLINK-34992,65412,53.161,476.322,474.24,0.00092118,0.10122731057619705,0.005725732965035348,0.0534765217706162,0
STARLINK-35003,65413,53.1607,475.283,475.055,0.0010818329,0.2254880044304144,0.013257679217355352,0.11937284182388487,0
STARLINK-34411,65414,53.1365,314.895,299.375,0.00089283,0.9113236888212909,0.05223977645159264,0.48178173263644175,0
STARLINK-34238,65415,53.16,475.667,474.624,0.0012221,0.10345458966678081,0.0067732781070061745,0.05511393388689349,0
STARLINK-34855,65416,53.1595,476.714,473.462,0.00096389,0.17108546355570725,0.007578116884882257,0.08933179022029475,0
STARLINK-34255,65417,53.1604,475.884,474.404,0.0010445778,0.044284775031189334,0.0027239693342386235,0.02350437218271398,0
STARLINK-34997,65418,53.1584,475.725,474.617,0.00094671,0.06856501224136309,0.004837013178421493,0.03670101270989229,0
STARLINK-35085,65419,53.1598,457.358,456.841,0.0013307921,0.4052290933852776,0.023251475761261107,0.21424028457326935,0
STARLINK-35138,65420,53.1581,452.834,451.533,0.00092817,0.22041540889943004,0.013521379927433862,0.11696839441343194,0
STARLINK-35146,65421,53.1582,473.785,471.51,0.0011958,0.13999716215417748,0.006222796638190084,0.07310997939618379,0
STARLINK-35074,65422,53.1592,476.438,473.849,0.0017298,0.1168303253526313,0.0009256662507338234,0.05887799580168256,0
STARLINK-34837,65423,53.1591,476.183,474.135,0.0009635,0.07316784509023266,0.002924871201057596,0.03804635814564513,0
STARLINK-34670,65424,53.1609,475.733,474.251,0.001766,0.3299285306812172,0.0182855088433055,0.17410701976226134,0
STARLINK-35095,65425,53.1588,477.156,473.272,0.0011496,0.20110675635172098,0.010860238498982901,0.10598349742535194,0
STARLINK-34883,65426,53.1619,476.157,474.161,0.0011656,0.05929562859892554,0.0009604424942016836,0.03012803554656361,0
STARLINK-34916,65427,53.1601,475.888,474.243,0.0011666,0.14310723246440873,0.008804334485647092,0.07595578347502792,0
STARLINK-35142,65434,97.6022,550.521,548.506,0.00047615,0.41542294054185586,0.04196814325810678,0.22869554189998131,0
STARLINK-34978,65435,97.6017,551.552,547.462,0.0001645,0.4898032385359299,0.04452677549831129,0.2671650070171206,0
STARLINK-35043,65436,97.6041,564.635,561.344,0.00033199,0.49459775592023303,0.043536647984024526,0.2690672019521288,0
STARLINK-35080,65437,97.6022,551.058,547.912,0.00044273,0.4317357984819351,0.0422656958039728,0.23700074714295394,0
STARLINK-35068,65438,97.6017,550.943,548.041,0.00034798,0.408723236619279,0.04189288411203796,0.22530806036565848,0
STARLINK-35045,65439,97.6022,551.403,547.657,0.00044555,0.4710230534938977,0.04364344138270762,0.25733324743830266,0
STARLINK-35050,65440,97.6017,550.789,548.275,0.00087709,0.4315703907086203,0.04162362200224238,0.23659700635543135,0
STARLINK-35065,65441,97.5997,550.844,548.203,0.0014972,0.5698521535995831,0.044849419238569284,0.3073507864190762,0
STARLINK-34679,65442,97.6018,550.919,548.379,-0.00023498,0.4038278312233344,0.041430698768167316,0.22262926499575084,0
STARLINK-34678,65443,97.6026,551.176,547.919,0.0002821,0.4255401535517232,0.04253384963061684,0.23403700159117002,0
STARLINK-35049,65444,97.6029,550.968,548.021,0.00036548,0.42576168369599576,0.0423312609382724,0.23404647231713407,0
STARLINK-35029,65445,97.602,551.219,547.821,0.00042193,0.44479039823071664,0.042747492062858626,0.24376894514678762,0
STARLINK-34991,65446,97.6021,551.279,547.699,0.00035974,0.4527913272277778,0.04317701188938062,0.24798416955857921,0
STARLINK-34920,65447,97.6016,550.127,548.668,0.001188,0.5592087221724662,0.04523932907128634,0.3022240256218763,0
STARLINK-35030,65448,97.6031,550.804,548.234,0.0004316,0.41964050239967576,0.04210016299060095,0.23087033269513835,0
STARLINK-35009,65449,97.6016,550.431,548.569,0.00021028,0.4278026940251202,0.04247460940011247,0.23513865171261633,0
STARLINK-34970,65450,97.6024,550.69,548.261,0.00064578,0.49699999037752773,0.04359800924263555,0.27029899981008165,0
STARLINK-35039,65451,97.6022,551.317,547.746,0.00042461565,0.46490909114356305,0.043280516944970655,0.2540948040442669,0
STARLINK-35084,65452,97.6035,550.957,548.019,0.00040712,0.41578732663885826,0.04194860580292968,0.22886796622089398,0
STARLINK-34988,65453,97.6025,564.707,561.235,0.00039955,0.5950641936384699,0.04677305389748701,0.3209186237679784,0
STARLINK-35059,65454,97.6041,564.393,561.603,0.00037737,0.4304443384067259,0.04213569343993044,0.23629001592332818,0
STARLINK-34728,65455,97.6026,550.698,548.309,0.00037041,0.37709715783051095,0.041449683621434454,0.20927342072597271,0
STARLINK-35005,65456,97.6014,550.461,548.515,0.00040919,0.38311977937538005,0.041392756198657475,0.21225626778701875,0
STARLINK-35076,65457,97.6025,551.527,547.38,0.0007927,0.5795196738895856,0.04639255497327753,0.31295611443143156,0
STARLINK-34784,65458,53.159,475.908,474.478,0.0013968,0.08250830263656196,0.004416716016120527,0.04346250932634124,0
STARLINK-35038,65482,53.1581,476.302,474.123,0.00099594,0.07175649842954397,0.002038024180130628,0.0368972613048373,0
STARLINK-35037,65483,53.1579,476.088,474.214,0.0011657,0.05340456925774738,0.0005627944691144545,0.026983681863430916,0
STARLINK-35089,65484,53.1604,476.118,474.267,0.00098247,0.049373159883580604,0.002286770482728752,0.02582996518315468,0
STARLINK-35143,65485,53.159,476.076,474.135,0.00094277,0.13145862041554776,0.0077443377616321545,0.06960147908858996,0
STARLINK-34867,65459,53.1571,476.632,473.726,0.00099374,0.10609784826973293,0.003084448379900418,0.05459114832481667,0
STARLINK-34850,65460,53.1584,476.082,474.185,0.0010723,0.038096803087103386,0.0004826699045444929,0.01928973649582394,0
STARLINK-35159,65461,53.1581,476.05,474.356,0.0006833,0.021692882565900306,0.001232579968422371,0.011462731267161338,0
STARLINK-35180,65462,53.1571,476.064,474.281,0.0009643,0.04431250986142315,0.002015803601874853,0.023164156731649,0
STARLINK-35111,65463,53.1589,475.907,474.451,0.0012165,0.07201858350332763,0.0038734257668595205,0.03794600463509357,0
STARLINK-35107,65464,53.16,476.122,474.452,0.0014837,0.0594069515608808,0.001310275885855297,0.03035861372336805,0
STARLINK-35169,65465,53.1578,476.63,473.715,0.0016287,0.12970720918890477,0.002662909785489152,0.06618505948719697,0
STARLINK-35027,65466,53.1571,476.771,473.615,0.0011104,0.15998000860539843,0.007612908652992484,0.08379645862919546,0
STARLINK-34816,65467,53.161,475.873,474.747,0.00082784,0.12966802743050795,0.009880628217817008,0.06977432782416249,0
STARLINK-35033,65468,53.16,475.976,474.329,0.0015688,0.06051046352221309,0.0012709680457640238,0.030890715783988557,0
STARLINK-34924,65469,53.1598,476.709,473.711,0.00035408,0.09218785321848025,0.003541626085941168,0.047864739652210705,0
STARLINK-34829,65470,53.1582,476.104,474.445,0.00077789,0.0603749887830061,0.004234917059284638,0.03230495292114537,0
STARLINK-34888,65471,53.1553,475.87,474.545,0.00055226,0.04436142324215841,0.0038417508612313203,0.024101587051694864,0
STARLINK-34799,65472,53.1604,475.832,474.543,0.00076283,0.04177675340490546,0.0035194369831070813,0.022648095194006273,0
STARLINK-34762,65473,53.1556,476.395,473.976,0.00088419,0.08844187235269951,0.0024031708759553946,0.04542252161432746,0
STARLINK-34998,65474,53.1579,476.161,474.301,0.00062375484,0.03713006520075726,0.0018295493868039268,0.019479807293780595,0
STARLINK-34832,65475,53.1582,476.456,473.965,0.0013717316,0.11461842262214283,0.0030255398404472602,0.05882198123129505,0
STARLINK-35098,65476,53.159,476.052,474.101,0.0021635,0.28017720192227547,0.014039010436676672,0.14710810617947606,0
STARLINK-35071,65477,53.1566,476.269,474.135,0.00080965,0.04881980507724377,0.0009494088481228275,0.024884606962683298,0
STARLINK-35093,65478,53.1581,475.982,474.295,0.0010896,0.060734817047284555,0.0029803440432393364,0.03185758054526194,0
STARLINK-35096,65479,53.159,476.183,474.144,0.00084409,0.03981262919784321,0.0008367892139800101,0.02032470920591161,0
STARLINK-35040,65480,53.1568,476.128,474.267,0.00090196,0.08971905322957058,0.005876274511910706,0.04779766387074064,0
STARLINK-35042,65481,53.16,475.958,474.307,0.0010229,0.09069519848743406,0.005656045017337513,0.04817562175238579,0
STARLINK-35226,65492,53.1607,476.037,474.327,0.0012258,0.05502786049230244,0.001062214498305803,0.028045037495304122,0
STARLINK-35216,65516,53.1561,475.973,474.386,0.0011554,0.05346326431968893,0.0017867876547689556,0.027625025987228942,0
STARLINK-35228,65517,53.1594,476.035,474.405,0.0013466,0.1211096382531192,0.005913362044537775,0.06351150014882849,0
STARLINK-35232,65518,53.1589,476.271,474.094,0.00083785,0.07236725248888924,0.0031756805818653274,0.03777146653537729,0
STARLINK-35164,65519,53.1596,475.747,474.55,0.0012706,0.07749466409257799,0.004058590719075684,0.04077662740582684,0
STARLINK-35242,65493,53.1603,475.352,475.027,0.00057743,0.3957662173734746,0.02586268725034835,0.21081445231191148,0
STARLINK-35223,65494,53.1585,476.427,473.92,0.001045,0.21709777338144015,0.011692604538234107,0.11439518895983714,0
STARLINK-34446,65495,53.1574,475.911,474.374,0.00096307,0.05084848528852536,0.0035617603130612178,0.02720512280079329,0
STARLINK-35212,65496,53.1567,475.711,474.675,0.001012,0.11675508106322911,0.007877253413018056,0.06231616723812358,0
STARLINK-34455,65497,53.1585,475.561,474.671,0.0010396,0.10636887361339999,0.007554638999070502,0.05696175630623525,0
STARLINK-35203,65498,53.1575,476.174,474.226,0.0011209,0.05730153664656583,0.00102848199568231,0.02916500932112407,0
STARLINK-35166,65499,53.158,475.91,474.46,0.00062239484,0.04312657053311246,0.0024925849396708736,0.022809577736391667,0
STARLINK-35207,65500,53.1562,476.045,474.432,0.00080192,0.04614358627283808,0.0034000392573880264,0.024771812765113053,0
STARLINK-35140,65501,53.1594,475.599,474.751,0.001341,0.10693140821330162,0.007117896048420589,0.0570246521308611,0
STARLINK-35114,65502,53.1594,475.93,474.457,0.00061968,0.07557647080528979,0.006029293210747827,0.040802882008018806,0
STARLINK-35126,65503,53.1574,475.655,474.753,0.0014665,0.13205804760349157,0.008237879411126928,0.07014796350730926,0
STARLINK-35182,65504,53.1563,476.118,474.328,0.00098169,0.041969124665883914,0.0011079927325500566,0.021538558699216986,0
STARLINK-35072,65505,53.1582,476.424,473.917,0.0010617,0.08395468495899275,0.001071549536366737,0.04251311724767974,0
STARLINK-35184,65506,53.1593,476.284,474.117,0.0013725,0.07999559796711385,0.0006752262264170651,0.04033541209676546,0
STARLINK-35163,65507,53.1571,475.887,474.481,0.0009635,0.05268774954490057,0.0030195105817939216,0.027853630063347245,0
STARLINK-35119,65508,53.1586,475.922,474.47,0.00056484378,0.03919678717884273,0.003398809590825381,0.021297798384834053,0
STARLINK-35168,65509,53.1575,475.789,474.464,0.00065597,0.04472061058294243,0.003172792386738736,0.023946701484840585,0
STARLINK-35122,65510,53.159,476.044,474.26,0.00096837,0.043582637266229414,0.0018813117739328526,0.022731974520081133,0
STARLINK-35124,65511,53.1599,476.15,474.278,0.0006586,0.079357094445664,0.005155720802140375,0.04225640762390218,0
STARLINK-35149,65512,53.1598,475.981,474.406,0.0010302,0.04750880009086488,0.0022048587162349486,0.024856829403549916,0
STARLINK-35019,65513,53.155,475.806,474.559,0.00099649,0.08894172194509582,0.005919416932545886,0.04743056943882085,0
STARLINK-35026,65514,53.1591,475.96,474.358,0.00088709,0.05402199759799627,0.0030672560905650706,0.028544626844280673,0
STARLINK-35241,65515,53.1571,476.247,474.011,0.00091946,0.12034466995435261,0.006540959421064023,0.06344281468770832,0
STARLINK-35112,65520,97.6038,550.346,548.748,0.0011396,0.4307062353844859,0.04172590724374148,0.23621607131411368,0
STARLINK-35187,65521,97.6022,549.749,549.227,0.00045475297,0.5898136349436031,0.04804827551837927,0.3189309552309912,0
STARLINK-35188,65522,97.6032,550.123,548.855,0.00054385157,0.4073727951484697,0.042067469100705086,0.22472013212458739,0
STARLINK-35078,65523,97.6022,550.147,548.818,0.00053204314,0.40645239630240554,0.04217491615494445,0.224313656228675,0
STARLINK-35055,65524,97.6019,550.067,548.903,0.00042657,0.4695577268630375,0.04373385541368204,0.2566457911383598,0
STARLINK-35057,65525,97.6046,550.079,548.867,0.00054892025,0.4198806509225467,0.04217499043398918,0.23102782067826796,0
STARLINK-34674,65526,97.6031,549.791,549.188,0.00045822526,0.620186582651562,0.04987457459070019,0.3350305786211311,0
STARLINK-35067,65527,97.6027,550.535,548.421,0.00049576808,0.3767045072224319,0.04123253728695221,0.20896852225469204,0
STARLINK-35063,65528,97.6033,550.182,548.333,0.0027426,0.46399986293617074,0.04204829985469947,0.2530240813954351,0
STARLINK-35077,65529,97.6025,550.01,548.966,0.00041425128,0.41884851068531914,0.04264612241112523,0.2307473165482222,0
STARLINK-35152,65530,97.602,549.899,549.066,0.00041133,0.42485147164776493,0.04307852502730808,0.2339649983375365,0
STARLINK-35064,65531,97.6023,550.051,548.911,0.00055494881,0.4342245645496689,0.042717666205226164,0.23847111537744753,0
STARLINK-35170,65532,97.6049,550.268,548.696,0.00053153385,0.41935882388522,0.04203166421547107,0.23069524405034553,0
STARLINK-35172,65533,97.6032,550.771,547.966,0.00078361,0.44355992305226255,0.04197138405587524,0.2427656535540689,0
STARLINK-35125,65534,97.6036,550.531,548.426,0.00053036671,0.3827337478347448,0.04126307658223952,0.21199841220849217,0
STARLINK-35133,65535,97.6024,549.821,549.294,0.00030960604,0.6301587678262333,0.05021788394653347,0.34018832588638337,0
STARLINK-35044,65536,97.6024,550.479,548.487,0.00054241417,0.3900469870435192,0.041563294598244566,0.21580514082088187,0
STARLINK-35136,65537,97.6024,550.597,548.365,0.0007456678,0.4004321469533012,0.04139783380061285,0.22091499037695703,0
STARLINK-35144,65538,97.6024,549.706,549.371,0.00073000886,0.6522166287832604,0.051096343689222536,0.35165648623624146,0
STARLINK-35110,65539,97.6049,549.763,549.157,0.00030216912,0.5028457213623585,0.044883263775571475,0.273864492568965,0
STARLINK-35052,65540,97.6012,549.879,549.279,0.00014955,0.5918824383918732,0.048393925495078045,0.3201381819434756,0
STARLINK-35087,65541,97.6019,549.664,549.3,0.00043114,0.6423724327001424,0.05090882307775474,0.34664062788894856,0
STARLINK-35100,65542,97.6032,550.005,548.932,0.00052419,0.47064358901438874,0.043789103844674215,0.2572163464295315,0
STARLINK-35105,65543,97.6032,549.883,549.154,0.00045160742,0.6127395235856296,0.04954153292610615,0.33114052825586787,0
STARLINK-35267,65592,97.6022,550.723,548.284,-0.00046058,0.3992285566714809,0.04075946603739417,0.21999401135443752,0
STARLINK-35269,65593,97.6017,549.925,549.049,0.00048779508,0.41345581115831237,0.04279352967603787,0.22812467041717513,0
STARLINK-35191,65594,97.6022,550.302,548.648,0.00044,0.3752274364330995,0.04142034816555218,0.20832389229932585,0
STARLINK-35261,65595,97.6035,550.217,548.734,0.00048232155,0.3941068298625728,0.041776596843390364,0.21794171335298157,0
STARLINK-35253,65596,97.6018,550.237,548.72,0.00055807827,0.42318752737693816,0.04246025818120647,0.2328238927790723,0
STARLINK-35263,65597,97.6027,550.319,548.683,0.00039096066,0.36971962087833543,0.04142966224479796,0.20557464156156668,0
STARLINK-35248,65598,97.6026,550.301,548.643,0.00059928491,0.38484055201617484,0.041461685761907646,0.21315111888904126,0
STARLINK-35245,65599,97.6024,550.179,548.777,0.00051812077,0.45268104088208,0.043046254944723715,0.24786364791340185,0
STARLINK-35229,65600,97.6035,550.262,548.693,0.00049048,0.38332638676048353,0.04152389143788518,0.21242513909918437,0
STARLINK-35234,65601,97.6021,549.999,548.99,0.00030152721,0.3979600131644881,0.04241915961774109,0.22018958639111458,0
STARLINK-35255,65602,97.6018,549.77,549.359,-0.00017946,0.5753248914188582,0.04753685220524521,0.3114308718120517,0
STARLINK-35250,65603,97.6039,549.686,549.29,0.00047632929,0.623418888632183,0.050132799563962355,0.33677584409807265,0
STARLINK-35251,65604,97.6029,549.766,549.102,0.0007343,0.47541392437785995,0.043979797520146545,0.25969686094900324,0
STARLINK-35171,65605,97.602,549.787,548.925,0.0010038,0.48139607959958014,0.0438873545529051,0.2626417170762426,0
STARLINK-35195,65606,97.6037,549.937,549.182,3.474068e-05,0.4546712385829112,0.043854445379360237,0.2492628419811357,0
STARLINK-35156,65607,97.6037,550.949,547.759,-0.00022347,0.42434911434588196,0.041815619924395676,0.23308236713513883,0
STARLINK-35185,65608,97.6019,549.747,549.356,0.00069439,0.6701600893203801,0.05064895023373976,0.3604045197770599,0
STARLINK-35053,65609,97.6034,549.516,549.31,0.00092694007,0.546366843562683,0.047105595640894775,0.29673621960178886,0
STARLINK-35178,65610,97.604,549.616,549.285,0.00052721,0.4563838696808073,0.04471365122018113,0.25054876045049423,0
STARLINK-35186,65611,97.6031,549.946,549.014,0.00042711,0.40114959011926454,0.04263362785778475,0.22189160898852464,0
STARLINK-35154,65612,97.6034,549.976,548.98,0.00051446,0.5313644590208101,0.045254161716835606,0.28830931036882285,0
STARLINK-35162,65613,97.602,549.845,549.118,0.00062118224,0.5306811145237876,0.0453389088220995,0.28801001167294354,0
STARLINK-35206,65614,97.6025,550.247,548.684,0.00032902832,0.369097672067641,0.04152734108601221,0.2053125065768266,0
STARLINK-35174,65615,97.6025,550.229,548.864,-0.00022598414,0.37781179590984937,0.04148398753761291,0.20964789172373113,0
STARLINK-35247,65622,53.1611,476.073,474.333,0.00091372,0.06948088108344765,0.004049780284104711,0.03676533068377618,0
STARLINK-35183,65646,53.1603,476.07,474.296,0.001019,0.04707875815625104,0.0019398160873835737,0.024509287121817307,0
STARLINK-35202,65647,53.1613,476.065,474.407,0.00087194525,0.18734688724514492,0.012237951346228843,0.09979241929568688,0
STARLINK-34868,65648,53.1611,476.122,474.381,-0.00034284567,0.031783297874091315,0.002122231420686565,0.01695276464738894,0
STARLINK-35079,65649,53.1611,476.093,474.373,0.0014312529,0.17631812853739262,0.008923248132559342,0.09262068833497598,0
STARLINK-35239,65623,53.158,475.927,474.21,0.0012822,0.07191538988000483,0.0018515371916196966,0.03688346353581226,0
STARLINK-35151,65624,53.1607,476.501,473.981,0.00082904,0.08203407582855288,0.0026708754557663817,0.04235247564215963,0
STARLINK-35153,65625,53.1581,475.9,474.519,0.0011137824,0.08466981759646255,0.004916730411506338,0.044793274003984446,0
STARLINK-35225,65626,53.157,475.93,474.409,0.00057749709,0.14131385922912693,0.010037822813354977,0.07567584102124095,0
STARLINK-35217,65627,53.1603,476.226,474.279,0.00076267957,0.04432458506762152,0.0013494279985572714,0.022837006533089396,0
STARLINK-35128,65628,53.1593,475.954,474.523,0.00061005,0.03717907127433221,0.0030069263112658825,0.020092998792799046,0
STARLINK-35135,65629,53.1596,475.88,474.498,0.00083062,0.0424587894578483,0.003482874424680864,0.02297083194126458,0
STARLINK-34877,65630,53.1576,475.82,474.644,0.00078525,0.09000853825088863,0.006456932539176548,0.04823273539503259,0
STARLINK-35104,65631,53.1579,475.949,474.525,0.0012765,0.10082862442304849,0.0057575102469777035,0.0532930673350131,0
STARLINK-35117,65632,53.1593,476.051,474.153,0.00084485,0.07102165557744486,0.0037164459635223965,0.03736905077048363,0
STARLINK-35103,65633,53.1576,476.132,474.256,0.00083989,0.07034272319194668,0.003787525700307017,0.03706512444612685,0
STARLINK-35123,65634,53.1614,476.009,474.355,0.00056518,0.04017412108453251,0.002792530139462232,0.021483325611997374,0
STARLINK-35150,65635,53.1604,476.183,474.185,0.0008513,0.04964785185502245,0.0010852348845426137,0.02536654336978253,0
STARLINK-35209,65636,53.1603,476.166,474.21,0.0010762,0.05827838756862485,0.0016338419242164846,0.029956114746420667,0
STARLINK-35147,65637,53.1594,476.299,474.081,0.00086456,0.06129887496863406,0.0011259090180253985,0.03121239199332973,0
STARLINK-35213,65638,53.1596,475.848,474.544,0.00087244,0.08176614867931764,0.0063287642629507885,0.044047456471134214,0
STARLINK-35127,65639,53.158,475.864,474.489,0.00052042,0.03541957972228852,0.0033312174670199622,0.01937539859465424,0
STARLINK-35091,65640,53.1576,476.013,474.534,-0.00030535,0.12557463727254192,0.008909400510666937,0.06724201889160443,0
STARLINK-35134,65641,53.1575,476.013,474.469,0.00083013322,0.046627204219889015,0.002555197359825104,0.02459120078985706,0
STARLINK-35109,65642,53.1582,475.846,474.56,0.001357646,0.08265125977066459,0.0038558980413022,0.04325357890598339,0
STARLINK-35062,65643,53.1582,475.605,474.802,0.0011249,0.1915257260897552,0.012161837548369364,0.10184378181906228,0
STARLINK-35141,65644,53.1605,475.771,474.43,0.00092761,0.1494016843126986,0.009774126429913503,0.07958790537130606,0
STARLINK-35237,65645,53.1595,476.076,474.493,0.00089972,0.08763083160210804,0.005662818337655258,0.04664682496988165,0
STARLINK-35328,65652,97.6031,550.916,548.157,0.00040893,0.38926146424787006,0.04163132213877061,0.21544639319332035,0
STARLINK-34210,65653,97.6027,550.468,548.535,0.00030691793,0.3795982375178907,0.04133824974822234,0.2104682436330565,0
STARLINK-35227,65654,97.6026,550.514,548.489,0.00029535327,0.36206493468866374,0.04122951905630738,0.20164722687248557,0
STARLINK-35240,65655,97.6033,550.448,548.555,0.00027240184,0.36049586429095287,0.041271674456851475,0.20088376937390218,0
STARLINK-35344,65656,97.6026,550.372,548.666,0.0004108,0.3902252255764086,0.04160230951120541,0.215913767543807,0
STARLINK-34540,65657,97.6024,551.224,547.82,0.000236084,0.4776391635499246,0.043714946992205274,0.26067705527106494,0
STARLINK-35282,65658,97.6021,550.41,548.709,0.00021286148,0.37584641924987894,0.04149109280457359,0.20866875602722626,0
STARLINK-35120,65659,97.6022,550.611,548.368,0.00035414518,0.49890318264278777,0.044343661553938145,0.27162342209836293,0
STARLINK-35246,65660,97.6027,550.488,548.504,0.00034024,0.3558380496334866,0.04123580113353661,0.1985369253835116,0
STARLINK-35220,65661,97.6021,550.119,548.866,0.0003499,0.4251164182857815,0.0425124424325717,0.2338144303591766,0
STARLINK-35176,65662,97.6021,550.147,548.829,0.00033647714,0.4762848362163119,0.04369981218333112,0.2599923241998215,0
STARLINK-35190,65663,97.6028,550.206,548.553,0.001047,0.41486537247212485,0.04176027659416349,0.22831282453314417,0
STARLINK-35201,65664,97.6022,550.507,548.587,0.00040275887,0.3977528719329622,0.04177023521451014,0.21976155357373617,0
STARLINK-35115,65665,97.6031,550.357,548.606,0.00028336414,0.4763165904158043,0.04373152580540252,0.2600240581106034,0
STARLINK-35181,65666,97.603,550.198,548.802,0.00030646156,0.47413341174076606,0.0437783420510058,0.25895587689588595,0
STARLINK-35361,65667,97.6033,549.939,549.067,0.0011009408,0.51704406314847,0.04448668307156662,0.2807653731100183,0
STARLINK-35351,65668,97.6037,550.33,548.703,0.00078634337,0.40552595124242197,0.041573664001583736,0.22354980762200286,0
STARLINK-35353,65669,97.605,550.074,548.9,0.00039181,0.4430810936941191,0.04278827068388135,0.24293468218900022,0
STARLINK-35359,65670,97.6049,550.842,548.077,-0.00027164702,0.4564516394143061,0.04237036677435992,0.249411003094333,0
STARLINK-35194,65671,97.6048,549.972,549.019,0.00036642,0.48354596593591725,0.04425934971296469,0.263902657824441,0
STARLINK-35198,65672,97.6052,550.379,548.6,0.0004171,0.4764602094433833,0.04356644356328853,0.2600133265033359,0
STARLINK-35177,65673,97.6047,550.862,548.117,0.00039371,0.40063938895787926,0.04158179010809211,0.22111058953298568,0
STARLINK-35254,65674,97.6047,550.258,548.731,0.00035667,0.3755211535150688,0.04156397149943322,0.208542562507251,0
STARLINK-34749,65675,97.6046,550.055,548.927,0.000413,0.5681702018865451,0.04635392703452786,0.3072620644605365,0
STARLINK-35189,65676,53.1585,475.946,474.447,0.00071608,0.062376314662835684,0.003729489427635235,0.033052902045235456,0
STARLINK-35101,65700,53.159,476.033,474.44,0.00037267494,0.08457335559389635,0.006084634762102714,0.045328995177999536,0
STARLINK-35046,65701,53.1626,476.009,474.483,0.00075003606,0.1103808530488329,0.007392693629084574,0.05888677333895873,0
STARLINK-35075,65702,53.1588,475.711,474.804,0.00042006,0.23041656609591282,0.015404088017586203,0.12291032705674951,0
STARLINK-34839,65703,53.1586,476.066,474.338,0.00069187566,0.052664601378488544,0.0025060130780790234,0.027585307228283784,0
STARLINK-35222,65677,53.1599,476.819,473.836,-0.00048157,0.37545723173166295,0.019693021386820962,0.19757512655924195,0
STARLINK-35233,65678,53.1598,475.685,474.711,0.00092351266,0.11318855686062147,0.007453833495486032,0.06032119517805375,0
STARLINK-35205,65679,53.1615,475.652,474.544,0.0012593462,0.1157918005769529,0.0058507353033686255,0.06082126794016077,0
STARLINK-35070,65680,53.1591,475.773,474.67,0.00027430889,0.07987840613105436,0.0062090719551768725,0.04304373904311562,0
STARLINK-35230,65681,53.1622,475.649,474.796,0.00097739121,0.21848996981210633,0.01382511537260954,0.11615754259235794,0
STARLINK-35235,65682,53.1589,476.08,474.295,-0.0004510753,0.06864813057893496,0.003375700624521027,0.03601191560172799,0
STARLINK-34886,65683,53.1587,475.946,474.565,0.00072464,0.16004670475421742,0.010722200766875998,0.08538445276054671,0
STARLINK-34795,65684,53.1622,475.971,474.458,0.00096117,0.08058204816110613,0.004452616501627261,0.042517332331366696,0
STARLINK-35145,65685,53.1601,476.17,474.357,0.001050343,0.08658900534599671,0.0036321429147420743,0.045110574130369396,0
STARLINK-35137,65686,53.1591,473.463,472.03,0.00052301,0.08806416316878338,0.0070856232452432555,0.047574893207013316,0
STARLINK-34856,65687,53.1586,476.019,474.395,0.0008201,0.053434720848196796,0.0027762359996671413,0.02810547842393197,0
STARLINK-34930,65688,53.1592,475.752,474.66,0.00026626337,0.12471550997073529,0.008578282165593773,0.06664689606816453,0
STARLINK-34875,65689,53.1618,476.237,474.603,0.0012291381,0.10720888585014651,0.0052173387858141,0.056213112317980304,0
STARLINK-34790,65690,53.1624,476.091,474.355,0.00088321384,0.1886809770824698,0.01151275292748971,0.10009686500497976,0
STARLINK-34691,65691,53.1591,476.076,474.476,0.00069262065,0.059395267073582586,0.003944304330137168,0.031669785701859875,0
STARLINK-34825,65692,53.1605,476.022,474.232,0.0012633,0.11628436826161302,0.004463590364681486,0.06037397931314725,0
STARLINK-35060,65693,53.1613,473.214,471.874,0.00098826,0.06866727227895243,0.0044790336308705,0.03657315295491147,0
STARLINK-35204,65694,53.1627,476.058,474.394,0.00097204751,0.2486132176231513,0.01428202134270682,0.13144761948292907,0
STARLINK-35221,65695,53.1598,475.946,474.575,0.0003588094,0.05183587269694953,0.004032935927035066,0.0279344043119923,0
STARLINK-34734,65696,53.1586,476.068,474.371,0.0009746,0.0913210489241961,0.005143616307296915,0.048232332615746505,0
STARLINK-35113,65697,53.1594,475.776,474.706,0.0011140123,0.12398196768130565,0.007194266150003275,0.06558811691565446,0
STARLINK-35090,65698,53.1615,475.845,474.41,0.0010283,0.07714153315050469,0.0036752108623764957,0.040408372006440596,0
STARLINK-35086,65699,53.1604,475.815,474.682,0.0011121722,0.10577277448968106,0.005747451701163777,0.05576011309542242,0
STARLINK-34086,65734,53.1597,475.96,474.527,0.0010450929,0.07975483527621496,0.004837508776372008,0.04229617202629349,0
STARLINK-35313,65758,53.1595,475.997,474.594,0.00042655,0.06066206667977124,0.005383715468668059,0.03302289107421965,0
STARLINK-34692,65759,53.1594,475.788,474.583,0.00069446117,0.06913994022895664,0.005415580137262722,0.03727776018310968,0
STARLINK-34890,65760,53.16,475.985,474.332,0.00019832,0.026644163422814417,0.0025610179431321154,0.014602590682973267,0
STARLINK-34889,65761,53.1583,475.936,474.514,0.0011107079,0.06838976062953295,0.0037333507581672355,0.03606155569385009,0
STARLINK-35099,65735,53.162,475.829,474.61,0.0013066134,0.10023198335800418,0.00462597881405448,0.05242898108602933,0
STARLINK-35167,65736,53.1589,475.974,474.583,0.00035308,0.13956374833545823,0.010476561708433255,0.07502015502194574,0
STARLINK-35121,65737,53.1589,475.942,474.492,0.001243714,0.14645000145199022,0.008745135690583064,0.07759756857128663,0
STARLINK-35108,65738,53.158,476.172,474.48,-0.00065596,0.09549504976502668,0.005996067095638477,0.05074555843033258,0
STARLINK-35106,65739,53.1585,475.695,474.595,0.00074227027,0.12572422090841834,0.009005027953773458,0.06736462443109589,0
STARLINK-35130,65740,53.1604,476.078,474.235,0.00016121152,0.05193787786404169,0.0037498949049830925,0.027843886384512392,0
STARLINK-35284,65741,53.158,476.249,473.819,0.00074671,0.17322238240997548,0.009210139522290928,0.09121626096613321,0
STARLINK-35316,65742,53.1588,475.732,474.768,0.0014750518,0.23512687877895388,0.0130821948193525,0.12410453679915319,0
STARLINK-35319,65743,53.1614,475.942,474.464,0.00078797,0.04706938536385035,0.003819813721627022,0.025444599542738686,0
STARLINK-35173,65744,53.1617,476.193,474.256,0.0016035364,0.14968915090708904,0.006447596576763195,0.07806837374192611,0
STARLINK-34808,65745,53.1608,475.943,474.229,0.0010807039,0.06787389506156398,0.0032353190160288627,0.03555460703879642,0
STARLINK-34704,65746,53.1579,476.075,474.59,0.0012593418,0.08383328628801061,0.004004001483247108,0.043918643885628855,0
STARLINK-35214,65747,53.1584,475.891,474.696,0.00055516,0.15396658795674745,0.010720043313304298,0.08234331563502587,0
STARLINK-35265,65748,53.1583,475.994,474.443,9.3115e-05,0.07445634762245652,0.006373701758872228,0.040415024690664374,0
STARLINK-35288,65749,53.1581,475.765,474.75,0.00097549,0.08888215118771256,0.006099019544581914,0.04749058536614724,0
STARLINK-35165,65750,53.1607,475.955,474.553,0.00091868795,0.056393728923014065,0.0035980347244049687,0.029995881823709516,0
STARLINK-35260,65751,53.1616,475.881,474.661,0.0011007759,0.10342720771505652,0.0061943073033729115,0.054810757509214714,0
STARLINK-34893,65752,53.1577,475.934,474.416,0.0014569757,0.11412970883432771,0.004664634039108183,0.05939717143671795,0
STARLINK-34894,65753,53.1592,476.275,474.175,0.00095504,0.3066400544306853,0.017390225286555004,0.16201513985862015,0
STARLINK-35287,65754,53.1617,475.804,474.735,0.00089985014,0.1565982119436665,0.01031425706086337,0.08345623450226493,0
STARLINK-35294,65755,53.1612,475.856,474.563,0.00070141657,0.11003135804008678,0.008220698791406163,0.05912602841574647,0
STARLINK-35275,65756,53.1578,475.991,474.574,0.0009803335,0.26098657358995964,0.015434939894994483,0.13821075674247707,0
STARLINK-35211,65757,53.1584,476.053,474.428,0.0012478361,0.10611544400951639,0.005363331422938219,0.05573938771622731,0
STARLINK-35330,65791,97.6023,551.136,547.878,0.00014421,0.4243205755735266,0.04246275049779672,0.23339166303566167,0
STARLINK-35373,65792,97.6037,550.358,548.626,0.00044332,0.45483179562529674,0.042839443443164274,0.2488356195342305,0
STARLINK-35383,65793,97.6031,551.143,547.861,0.00031382,0.4545770646185192,0.042894912260044736,0.24873598843928196,0
STARLINK-35378,65794,97.6019,550.805,548.184,0.00036480216,0.4281081780046636,0.04221980144391639,0.23516398972429,0
STARLINK-35406,65795,97.6016,551.106,547.887,0.00036667463,0.4922328928223758,0.04347309650561465,0.26785299466399526,0
STARLINK-35390,65796,97.6038,550.954,548.07,0.00046612,0.44986097102440453,0.04226498932096041,0.24606298017268247,0
STARLINK-35412,65797,97.6027,551.129,547.935,0.00073894,0.4571284019756944,0.04246957400503512,0.24979898799036476,0
STARLINK-35414,65798,97.6025,550.672,548.304,0.00040758,0.40114737478581775,0.041497674793607574,0.22132252478971265,0
STARLINK-35357,65799,97.6015,550.719,548.199,0.00041551,0.4195887600754932,0.041616862599045,0.2306028113372691,0
STARLINK-35300,65800,97.6017,551.215,547.816,0.0004486,0.46022790477014197,0.04288432421473532,0.25155611449243864,0
STARLINK-35296,65801,97.6026,551.283,547.522,0.0011266357,0.5107846812051207,0.0437978329365344,0.2772912570708275,0
STARLINK-34919,65802,97.6042,550.532,548.6,0.00091778,0.42372195624635506,0.04158393725948275,0.2326529467529189,0
STARLINK-35286,65803,97.602,551.093,547.907,0.0002858,0.42662522038513284,0.042455992427583744,0.2345406064063583,0
STARLINK-35266,65804,97.602,550.842,548.152,0.00041364496,0.40177402648316063,0.04175753990889555,0.22176578319602808,0
STARLINK-35273,65805,97.6019,551.36,547.588,0.00019720565,0.48124168678086904,0.04367722910244981,0.2624594579416594,0
STARLINK-35047,65806,97.6025,550.591,548.278,0.00059632,0.4077056415349241,0.04150173999738508,0.2246036907661546,0
STARLINK-35285,65807,97.6012,551.681,547.319,2.8578e-05,0.51266065164087,0.04537675427215687,0.27901870295651343,0
STARLINK-34580,65808,97.6028,550.49,548.485,0.00042655,0.41561446464751967,0.042172648965428154,0.2288935568064739,0
STARLINK-35289,65809,97.6039,550.79,548.306,0.0004899,0.4323079534424327,0.04186271047071674,0.23708533195657472,0
STARLINK-35268,65810,97.6039,551.116,547.893,0.00033151,0.4445498162492469,0.042589811015671865,0.2435698136324594,0
STARLINK-35224,65811,97.6035,552.616,546.229,0.0003548,0.6065939228307125,0.052373851233291496,0.329483887032002,0
STARLINK-35271,65812,97.6023,551.169,547.823,0.00029326,0.4396049353684071,0.04266508218303066,0.2411350087757189,0
STARLINK-35215,65813,97.6024,551.167,547.886,0.00044693,0.44680188623802275,0.042561045135520593,0.24468146568677168,0
STARLINK-35157,65814,97.6025,550.821,548.285,0.00043265616,0.39931297491046985,0.04162093747262225,0.22046695619154605,0
STARLINK-35392,65823,53.1608,476.242,474.216,0.0011866,0.07120745534786406,0.002661271018819643,0.03693436318334185,0
STARLINK-35262,65847,53.1596,476.058,474.279,0.0007838,0.025059092960020332,0.0017359003269166067,0.01339749664346847,0
STARLINK-35308,65848,53.159,476.053,474.372,0.0011907,0.040296964639147406,0.0015419494647568913,0.02091945705195215,0
STARLINK-35231,65849,53.1594,476.092,474.361,0.00099444,0.054088624548595365,0.003378656045919757,0.02873364029725756,0
STARLINK-35252,65850,53.1609,476.102,474.297,0.0014746,0.07799000906738944,0.0026177553319909055,0.04030388219969017,0
STARLINK-35281,65824,53.1606,475.955,474.347,0.00092764,0.0684965592959675,0.004663951847116735,0.03658025557154212,0
STARLINK-35397,65825,53.159,476.122,474.269,0.00096059,0.08100080219021481,0.005202539849741671,0.04310167101997824,0
STARLINK-35381,65826,53.1593,476.02,474.468,0.00075239,0.017602312810167373,0.001999213386347358,0.009800763098257365,0
STARLINK-35393,65827,53.1602,476.332,474.15,0.00093505,0.0599351145143774,0.002505977843673057,0.031220546179025227,0
STARLINK-35396,65828,53.1591,476.164,474.353,0.001204,0.03897671090898014,0.0008008250975957789,0.019888768003287958,0
STARLINK-35244,65829,53.1606,476.288,474.093,0.00047899,0.08343541012950739,0.004861200415521098,0.044148305272514246,0
STARLINK-35368,65830,53.1605,476.128,474.235,0.0011037,0.04991258561419342,0.002168447518399251,0.026040516566296336,0
STARLINK-35337,65831,53.1591,475.985,474.415,0.00040933,0.01698172433314199,0.0020207185669093805,0.009501221450025686,0
STARLINK-35277,65832,53.16,476.156,474.101,0.00078349,0.03893835893822861,0.0020016837421858312,0.02047002134020722,0
STARLINK-35345,65833,53.1593,476.267,474.179,0.00067137,0.027042253200713115,0.0005624040936323176,0.013802328647172716,0
STARLINK-35320,65834,53.1606,476.229,474.246,0.00077934,0.11818615572065058,0.007524225364097247,0.06285519054237391,0
STARLINK-35349,65835,53.1602,476.091,474.349,0.0010103,0.04896249990469465,0.0030476162480627743,0.026005058076378713,0
STARLINK-35356,65836,53.1587,476.037,474.423,0.00095644,0.07379402073304694,0.005159577789593747,0.03947679926132035,0
STARLINK-35314,65837,53.1603,476.338,474.117,0.00076561,0.07111843477757264,0.003279655471375565,0.037199045124474105,0
STARLINK-35324,65838,53.1606,476.182,474.228,0.00096842,0.036391232477069574,0.0015382484483571239,0.018964740462713348,0
STARLINK-35102,65839,53.1594,476.323,474.103,0.0010894,0.11390904110068668,0.005114181120287557,0.05951161111048712,0
STARLINK-35364,65840,53.1585,476.199,474.17,0.0007116,0.028993890291199996,0.0006686668580842184,0.014831278574642108,0
STARLINK-35298,65842,53.1588,475.652,474.703,0.00099472,0.11197149210383354,0.008809255470774973,0.06039037378730426,0
STARLINK-35301,65843,53.1591,476.002,474.425,0.00077364,0.016739252445495335,0.0020189092737247145,0.009379080859610025,0
STARLINK-35148,65844,53.1598,476.054,474.44,-0.00031632,0.024294399176664462,0.0018600198284309854,0.013077209502547723,0
STARLINK-35302,65845,53.1588,476.109,474.309,0.00095776,0.09820185391153052,0.006557056616212183,0.052379455263871354,0
STARLINK-35290,65846,53.1594,475.9,474.569,0.00077386,0.034561968126028075,0.0031347430527760645,0.01884835558940207,0
STARLINK-35208,65854,53.1572,476.113,474.178,0.00089995475,0.28354618427960465,0.017063578290900216,0.15030488128525243,0
STARLINK-35453,65878,53.159,476.201,474.194,0.001103,0.08704788139419,0.0032906862804526343,0.045169283837321314,0
STARLINK-35418,65879,53.1581,475.855,474.528,0.0011682581,0.10449532013137597,0.00683333039355824,0.055664325262467104,0
STARLINK-35445,65880,53.16,475.909,474.553,0.00094080441,0.07023064115112898,0.005149451893029121,0.03769004652207905,0
STARLINK-35464,65881,53.1586,476.424,473.897,0.0019589014,0.33340764914477417,0.017464526298999465,0.17543608772188682,0
STARLINK-35200,65855,53.1613,476.119,474.278,0.00056309,0.032472940622846634,0.0017580578416737476,0.01711549923226019,0
STARLINK-35459,65856,53.1601,475.936,474.454,0.0009429,0.2519930664724422,0.015350654314292124,0.13367186039336715,0
STARLINK-35489,65857,53.1581,475.974,474.417,0.0010497174,0.16661014352845996,0.010835891571674682,0.08872301755006733,0
STARLINK-35199,65858,53.1576,475.895,474.56,0.00078897,0.04945594055221706,0.0036494763034195864,0.026552708427818324,0
STARLINK-35408,65859,53.1583,475.996,474.412,0.0010402525,0.07741362743768992,0.004974305145780214,0.04119396629173507,0
STARLINK-35303,65860,53.1602,475.89,474.469,0.00061198,0.05114573244379044,0.004354467065994655,0.027750099754892548,0
STARLINK-35258,65861,53.1596,476.118,474.317,0.001135,0.055108659879603276,0.0022435025201547492,0.028676081199879012,0
STARLINK-35386,65862,53.1585,476.037,474.348,0.0010427714,0.16172438652596519,0.010189621002050384,0.08595700376400778,0
STARLINK-35469,65863,53.159,476.096,474.315,0.00075653,0.03273392191838936,0.002063199084121082,0.01739856050125522,0
STARLINK-35471,65864,53.1578,476.083,474.345,0.00089004,0.0779903022219423,0.004621890131651643,0.041306096176796966,0
STARLINK-35475,65865,53.1577,476.103,474.329,0.0011314753,0.0555792702158879,0.0023630727555146074,0.028971171485701254,0
STARLINK-35312,65866,53.1597,475.684,474.807,0.00095495,0.18060732529511092,0.012345206707858988,0.09647626600148496,0
STARLINK-35456,65867,53.1582,476.162,474.238,0.0006455,0.029392532034709783,0.0012635745870234897,0.015328053310866636,0
STARLINK-35450,65868,53.1601,475.97,474.494,0.0010354507,0.09806685881817433,0.00670341463522467,0.0523851367266995,0
STARLINK-35441,65869,53.1597,476.175,474.251,0.00090623,0.061461004448275056,0.0029380048009833766,0.03219950462462921,0
STARLINK-35433,65870,53.158,476.062,474.324,0.00075523,0.03432310316358077,0.001484632570815319,0.017903867867198043,0
STARLINK-35465,65871,53.1597,476.294,474.064,0.00090521,0.060418125297014603,0.0009169828761996524,0.030667554086607127,0
STARLINK-34108,65872,53.1586,476.039,474.329,0.00093974,0.04660163679987909,0.0026154382619111563,0.024608537530895123,0
STARLINK-35423,65873,53.1577,476.032,474.282,0.00090001299,0.03732366254941059,0.0016826274876628822,0.019503145018536734,0
STARLINK-35425,65874,53.1602,476.02,474.418,0.00096925505,0.03752584844416354,0.0020233635399368945,0.019774605992050217,0
STARLINK-34688,65875,53.1578,476.031,474.536,0.0005631813,0.058727650437458645,0.004892250656616894,0.031809950547037766,0
STARLINK-34438,65876,53.1596,476.046,474.421,0.0010198234,0.04370524270610643,0.0024425554444740508,0.02307389907529024,0
STARLINK-35462,65877,53.1577,475.925,474.426,0.0013346,0.17012290781319575,0.009859627199548424,0.08999126750637208,0
STARLINK-35270,65882,53.16,476.079,474.384,0.0010842,0.12356542230547923,0.006274147445617067,0.06491978487554816,0
STARLINK-35385,65906,53.1592,475.841,474.53,0.0015759,0.24004963284624398,0.012122862993901829,0.1260862479200729,0
STARLINK-35347,65907,53.1597,475.986,474.437,0.0005676,0.06803761299022265,0.004110532762788029,0.03607407287650534,0
STARLINK-35329,65908,53.1589,476.241,474.102,0.0011944,0.37061188879035867,0.019112039446644583,0.19486196411850162,0
STARLINK-35387,65909,53.1613,476.067,474.265,0.0009854958,0.07282898173033145,0.003561320090610258,0.038195150910470856,0
STARLINK-35367,65883,53.1599,475.874,474.559,0.0014857,0.1526882368899087,0.007431199104977909,0.08005971799744331,0
STARLINK-35384,65884,53.1624,475.803,474.478,0.0013238095,0.131143899291794,0.006734292746120328,0.06893909601895717,0
STARLINK-35415,65885,53.1594,476.094,474.483,-9.0442734e-05,0.12457682828799042,0.008277648128018197,0.06642723820800431,0
STARLINK-35413,65886,53.1601,475.937,474.51,0.0012511,0.16288634314482164,0.008343564468861777,0.08561495380684171,0
STARLINK-35332,65887,53.1605,475.798,474.594,0.00099772,0.08687986307786014,0.005313543895735118,0.046096703486797626,0
STARLINK-35362,65888,53.1623,476.012,474.455,0.0011381368,0.10298899111327342,0.00503063312999728,0.05400981212163535,0
STARLINK-35193,65889,53.1626,476.163,474.288,0.0010768,0.07492037193671613,0.0022199225844542385,0.038570147260585184,0
STARLINK-34542,65890,53.1628,476.01,474.482,0.0009072753,0.08374584853567336,0.004607589481430019,0.04417671900855169,0
STARLINK-34791,65891,53.161,475.845,474.567,0.000811802,0.075631202676608,0.0047449746042044156,0.04018808864040621,0
STARLINK-34853,65892,53.1595,476.112,474.319,0.0010491,0.08986221108944212,0.003979757348644074,0.046920984219043095,0
STARLINK-34921,65893,53.1624,476.121,474.397,0.00097617,0.08403685104779474,0.003671424870027688,0.04385413795891121,0
STARLINK-34672,65894,53.161,475.703,474.525,0.0010410054,0.1260056312926919,0.007028938758175029,0.06651728502543347,0
STARLINK-34898,65895,53.1591,476.021,474.412,0.0016562,0.15453968377830551,0.006501032388563205,0.08052035808343436,0
STARLINK-34906,65896,53.1611,476.114,474.314,0.00094343866,0.0768216693264865,0.0037764855480875905,0.04029907743728704,0
STARLINK-34934,65897,53.1595,475.933,474.545,0.0014623,0.12804276613755833,0.005447441917567873,0.0667451040275631,0
STARLINK-34936,65898,53.1592,475.83,474.62,0.00066865591,0.1008551690137975,0.00652379606359499,0.053689482538696244,0
STARLINK-35272,65899,53.1609,475.852,474.381,0.0011449,0.08161514438532295,0.0035567091165408767,0.04258592675093192,0
STARLINK-35264,65900,53.1607,476.102,474.437,0.00082728798,0.06453730291531863,0.002931077101686765,0.033734190008502696,0
STARLINK-35249,65901,53.1618,475.969,474.473,0.0010515991,0.0844302728447392,0.004336869522421126,0.04438357118358016,0
STARLINK-35278,65902,53.1628,476.235,474.197,0.0011982233,0.09438833071662499,0.00265302716823403,0.04852067894242951,0
STARLINK-35210,65903,53.1607,475.977,474.673,0.00029851129,0.13812414785546842,0.009065992622771643,0.07359507023912003,0
STARLINK-35348,65904,53.1598,475.932,474.642,0.00087366684,0.09297274853627048,0.005584083649646601,0.04927841609295854,0
STARLINK-35380,65905,53.1626,476.062,474.243,0.0008886871,0.08235592042154402,0.003827983931971649,0.04309195217675783,0
STARLINK-35523,65910,53.1611,476.061,474.374,0.00067789,0.06134551364502791,0.0049668983864200045,0.03315620601572396,0
STARLINK-33921,65934,53.1587,476.654,473.94,-0.00033594,0.19001513916992654,0.011210714012687117,0.10061292659130683,0
STARLINK-35155,65935,53.1588,476.182,474.326,0.00099089,0.03231842674631746,0.0009402086859695376,0.016629317716143496,0
STARLINK-35161,65936,53.1581,476.073,474.394,0.00034813,0.0076994048278640325,0.001289853095893666,0.00449462896187885,0
STARLINK-35473,65937,53.1585,476.214,474.489,6.1331e-06,0.07799157356413187,0.006710534102062628,0.04235105383309725,0
STARLINK-35160,65911,53.1585,476.959,473.359,0.00099019,0.31349988193095013,0.01907935111950128,0.1662896165252257,0
STARLINK-35508,65912,53.1594,475.945,474.539,0.00098335,0.03311180275833622,0.002508439367823504,0.017810121063079862,0
STARLINK-35472,65913,53.1587,476.025,474.401,0.00054699,0.006775548793305746,0.0011950892611556668,0.003985319027230707,0
STARLINK-35524,65914,53.1584,476.087,474.557,0.00041161,0.035309545796419,0.004431622585226954,0.019870584190822976,0
STARLINK-35539,65915,53.1597,475.937,474.435,0.0011559,0.032514315881828765,0.0017599671363758512,0.017137141509102307,0
STARLINK-35521,65916,53.1595,476.138,474.284,0.00040491,0.08696440169610928,0.006995428291993181,0.04697991499405123,0
STARLINK-35478,65917,53.16,475.708,474.644,-0.00023105,0.35973820440841103,0.021714403175029925,0.19072630379172048,0
STARLINK-35516,65918,53.1583,476.293,474.089,0.0011899,0.08670925172965645,0.002977646544332005,0.04484344913699423,0
STARLINK-35519,65919,53.1582,476.098,474.45,0.00090336,0.15667507247705856,0.010688886384068343,0.08368197943056345,0
STARLINK-33902,65920,53.1581,476.039,474.407,0.00086714,0.02922231766076099,0.0017147705767081543,0.015468544118734572,0
STARLINK-35530,65921,53.1583,476.075,474.415,0.00059794,0.011877853269281913,0.001430192231446855,0.006654022750364384,0
STARLINK-35544,65922,53.1591,475.95,474.544,0.00091032,0.06271086200122666,0.00500412972579245,0.03385749586350956,0
STARLINK-35484,65923,53.1581,475.775,474.572,0.00057375,0.12634329739415395,0.009767281598268372,0.06805528949621116,0
STARLINK-34994,65924,53.1582,475.993,474.567,0.0006542,0.02099245615930538,0.0025952686208829457,0.011793862390094164,0
STARLINK-35458,65925,53.1577,475.944,474.526,0.00083304,0.06909647087498935,0.005536911540461196,0.037316691207725274,0
STARLINK-35492,65926,53.1583,476.193,474.365,0.00095669,0.023612638472212472,0.0005045151495795562,0.012058576810896015,0
STARLINK-35494,65927,53.1579,476.116,474.485,0.0009251,0.029025236766562917,0.0014689390648644442,0.01524708791571368,0
STARLINK-35493,65928,53.1592,476.035,474.356,0.00022797,0.07797431784439393,0.006804956449745536,0.04238963714706973,0
STARLINK-35175,65929,53.1599,475.94,474.542,0.00049888,0.0699870893775544,0.006815257795163824,0.03840117358635912,0
STARLINK-35513,65930,53.1595,476.31,474.198,-4.9134e-05,0.1221163946010303,0.008758357572102011,0.06543737608656615,0
STARLINK-35526,65931,53.1606,475.666,474.656,0.0008567,0.1863022400663922,0.01317023410708728,0.09973623708673975,0
STARLINK-35436,65932,53.1593,476.063,474.446,0.00049236,0.05219811919169432,0.005014287207930857,0.02860620319981259,0
STARLINK-35192,65933,53.1577,475.972,474.479,0.00058543,0.019552368224334593,0.0021632122653697794,0.010857790244852186,0
STARLINK-34849,66005,53.1593,476.222,474.252,0.00068807,0.07990927172939959,0.005364817075809496,0.04263704440260454,0
STARLINK-35399,66029,53.1605,476.078,474.408,0.00080384,0.015891009668797394,0.001584924257835482,0.008737966963316439,0
STARLINK-35431,66030,53.1606,476.063,474.408,0.0009198,0.028400020560302563,0.0020956839962481956,0.01524785227827538,0
STARLINK-35326,66031,53.16,476.089,474.176,0.00099333,0.10879255111698599,0.006937046114757752,0.05786479861587187,0
STARLINK-35311,66032,53.1599,476.36,474.056,0.00039498,0.0725047348658575,0.0035309421835723717,0.038017838524714936,0
STARLINK-35336,66006,53.1598,476.053,474.279,0.00078453,0.0809498224978338,0.006093389964211939,0.04352160623102287,0
STARLINK-35196,66007,53.1582,476.021,474.466,0.00070681,0.021946058056225484,0.0017629123623672516,0.011854485209296368,0
STARLINK-35236,66008,53.1593,476.23,474.213,0.00066641,0.03211273783631051,0.002175363903269889,0.0171440508697902,0
STARLINK-35276,66009,53.1578,476.0,474.429,0.00090001,0.026128184774878778,0.0016224747700507936,0.013875329772464785,0
STARLINK-35297,66010,53.1598,476.128,474.353,0.00062102,0.030956475330721468,0.0028385946150183724,0.01689753497286992,0
STARLINK-35256,66011,53.1578,475.948,474.495,0.0011021,0.08262140460654809,0.005261882864374725,0.0439416437354614,0
STARLINK-35293,66012,53.159,476.098,474.405,0.00093623,0.023619457348560736,0.0011717199003471943,0.012395588624453965,0
STARLINK-35307,66013,53.1592,476.347,474.108,0.00049401,0.04372379548322074,0.001481597124174611,0.022602696303697673,0
STARLINK-35395,66014,53.1584,476.088,474.351,0.0012768,0.051630493036949686,0.0015345635151185531,0.02658252827603412,0
STARLINK-34622,66015,53.1597,476.133,474.303,0.00080964,0.07174491136842522,0.005178636225826937,0.03846177379712608,0
STARLINK-35243,66016,53.1597,476.26,474.259,0.00080433,0.16056046032160837,0.01083219794869408,0.08569632913515123,0
STARLINK-35398,66017,53.1597,476.214,474.254,0.00062384,0.020669760411998656,0.0011112401957541105,0.010890500303876383,0
STARLINK-35376,66018,53.1601,475.999,474.433,0.0011578,0.03398823026308966,0.001800844518391552,0.01789453739074061,0
STARLINK-35382,66019,53.1598,475.942,474.377,0.0010256,0.03468704890525617,0.0028922014299690097,0.018789625167612588,0
STARLINK-35430,66020,53.1584,476.218,474.169,0.00080706,0.06323440540210874,0.003687518971536708,0.03346096218682273,0
STARLINK-35432,66021,53.1585,476.161,474.277,0.0013737,0.06024781869187346,0.0012983779679808126,0.030773098329927136,0
STARLINK-35340,66022,53.1583,476.05,474.424,0.00045838,0.01821655749311282,0.001555645485177135,0.009886101489144978,0
STARLINK-35394,66023,53.1577,475.99,474.347,0.00094828,0.042469573360863926,0.002729876213703795,0.02259972478728386,0
STARLINK-35410,66024,53.1594,476.065,474.352,0.0011356,0.05088361342140143,0.0026961187829212304,0.02678986610216133,0
STARLINK-35280,66025,53.1588,476.245,474.329,0.0008306,0.022945523323689515,0.0005205484842523626,0.011733035903970939,0
STARLINK-34812,66026,53.1607,476.146,474.149,0.0010497,0.032838211232506805,0.0007867300698142041,0.016812470651160503,0
STARLINK-35341,66027,53.1601,476.059,474.265,0.0011949,0.06608087206931286,0.004021232852327097,0.03505105246081998,0
STARLINK-35339,66028,53.1602,476.388,474.026,0.0010349,0.13083806438789025,0.00629422210213181,0.06856614324501104,0
STARLINK-35552,66058,53.1594,475.981,474.448,0.0010318432,0.11231044772756636,0.007504724294105902,0.05990758601083613,0
STARLINK-35011,66082,53.1599,476.055,474.227,0.00063847,0.15595562851513253,0.010480108663410655,0.08321786858927159,0
STARLINK-35291,66083,53.1577,476.097,474.438,0.00080462,0.027378798060337276,0.001497970319009381,0.014438384189673328,0
STARLINK-35379,66084,53.1569,476.104,474.258,0.00096374,0.06495819108331949,0.0038020540573580485,0.03438012257033877,0
STARLINK-35370,66085,53.1551,476.726,473.829,0.0011324,0.10894709477778329,0.002884919779384193,0.05591600727858374,0
STARLINK-35560,66059,53.1588,476.031,474.189,0.0017221,0.0730698263469237,0.0008612046252442375,0.03696551548608397,0
STARLINK-35558,66060,53.1566,475.575,474.798,0.00093662,0.09392747307124875,0.008378287189408551,0.051152880130328655,0
STARLINK-35566,66061,53.1597,475.987,474.368,0.0010351,0.06633246166841288,0.004463195083511348,0.035397828375962115,0
STARLINK-35421,66062,53.1553,476.293,474.024,0.0011996,0.1596969022783706,0.008176088163798324,0.08393649522108447,0
STARLINK-35562,66063,53.1589,475.927,474.37,0.0013864562,0.09837815667779518,0.005074520383638567,0.05172633853071687,0
STARLINK-35542,66064,53.1571,476.267,473.905,0.0014697,0.12725379536965684,0.004155744381430971,0.0657047698755439,0
STARLINK-35375,66065,53.1595,476.402,473.989,0.00017252111,0.05509868116686812,0.001439663396235604,0.02826917228155186,0
STARLINK-35179,66066,53.1567,475.737,474.42,0.00095933,0.04333944929880971,0.003192575668564819,0.023266012483687263,0
STARLINK-35401,66067,53.1576,476.395,473.913,0.0012585,0.08660627429713802,0.001007658324335938,0.04380696631073698,0
STARLINK-35422,66068,53.1595,475.708,474.634,0.0012852,0.07773239995639857,0.004670744942029336,0.04120157244921395,0
STARLINK-35279,66069,53.1594,475.887,474.475,0.00092149015,0.0867464875820986,0.006134423052671371,0.046440455317384985,0
STARLINK-35295,66070,53.158,476.074,474.339,0.0014886,0.05935502184851232,0.0012696968439080457,0.030312359346210183,0
STARLINK-35323,66071,53.1597,475.808,474.513,0.00090936213,0.0457498180564095,0.003384292094324979,0.024567055075367238,0
STARLINK-35299,66072,53.1568,475.813,474.477,0.0010179,0.08523885394487789,0.006159682779655033,0.04569926836226646,0
STARLINK-35274,66073,53.1578,476.166,474.216,0.00061901,0.025564497835055794,0.0005159176570119794,0.013040207746033887,0
STARLINK-35321,66074,53.1561,476.005,474.447,0.0011074,0.06108604600992549,0.00346597820900797,0.03227601210946673,0
STARLINK-35131,66075,53.159,475.894,474.475,0.0013543,0.2755003696200168,0.015503880048067093,0.14550212483404193,0
STARLINK-34801,66076,53.1569,476.589,473.666,0.0012659,0.11356120491723867,0.0029913999205562884,0.05827630241889748,0
STARLINK-35129,66077,53.1583,475.752,474.579,0.0013962,0.09536300871842257,0.005613444718435664,0.05048822671842912,0
STARLINK-35116,66078,53.1599,476.038,474.351,0.0014712,0.06985152734488317,0.0025488417393096244,0.0362001845420964,0
STARLINK-35402,66079,53.159,476.485,473.852,0.00089106,0.09115589091007166,0.0028929568622004507,0.047024423886136056,0
STARLINK-35325,66080,53.1589,476.018,474.286,0.00098351827,0.10198541276536426,0.0070250778300525105,0.05450524529770838,0
STARLINK-35403,66081,53.1586,476.078,474.307,0.0016122,0.056779784975975175,0.0007495584498562722,0.028764671712915725,0
STARLINK-35596,66086,53.1595,476.186,474.297,0.00084928,0.022487252098487908,0.001088237592700326,0.011787744845594117,0
STARLINK-35427,66110,53.1589,476.056,474.417,0.00075876,0.02299899057925609,0.0019328645477283638,0.012465927563492227,0
STARLINK-35574,66111,53.1594,476.065,474.32,0.0012121,0.10364814013152013,0.005667478939862421,0.05465780953569127,0
STARLINK-35531,66112,53.1586,476.359,474.071,0.0011661,0.16672557961432663,0.008148116642575289,0.08743684812845096,0
STARLINK-35491,66113,53.1591,476.069,474.415,0.0010193,0.035643853755691776,0.002243784761288415,0.018943819258490095,0
STARLINK-35563,66087,53.1587,476.262,474.192,0.00087543,0.08102552687924737,0.004269519684729302,0.042647523281988335,0
STARLINK-35461,66088,53.1576,476.489,473.928,0.00065955,0.09067677470374515,0.004980232201494049,0.047828503452619596,0
STARLINK-35571,66089,53.1576,475.98,474.5,0.00035377,0.05607182469600943,0.00519099868866783,0.030631411692338628,0
STARLINK-35570,66090,53.1581,476.012,474.476,0.00083449,0.02417700648445009,0.0018211717449814898,0.012999089114715789,0
STARLINK-35532,66091,53.1587,475.976,474.461,0.0011827,0.07426294634890386,0.00459263741168198,0.03942779188029292,0
STARLINK-35527,66092,53.1601,476.057,474.366,0.0013599,0.07517134856530423,0.003280392663767675,0.03922587061453595,0
STARLINK-35500,66093,53.1579,475.99,474.454,0.00099368,0.04578301609946649,0.003278562766338734,0.024530789432902614,0
STARLINK-35528,66094,53.1578,476.125,474.313,0.00063691,0.024289160522170714,0.002147370446922507,0.013218265484546611,0
STARLINK-35559,66095,53.1584,476.078,474.376,0.00089957,0.018104625640374974,0.0013842617359177195,0.009744443688146347,0
STARLINK-34386,66096,53.1584,475.968,474.479,0.0011141,0.04274456299085147,0.0023149631115238645,0.022529763051187666,0
STARLINK-35613,66097,53.1581,476.078,474.377,0.00081092,0.02675279611258109,0.0020030271628752373,0.014377911637728164,0
STARLINK-34206,66098,53.1597,476.071,474.458,0.00028403,0.08963754371842601,0.0073630651402303085,0.048500304429328164,0
STARLINK-34460,66099,53.1584,476.091,474.391,0.00073301,0.010592994585065688,0.0011605292101555162,0.0058767618976106025,0
STARLINK-35609,66100,53.1595,476.001,474.433,0.00097374,0.030849558350071565,0.0022900123359019934,0.016569785342986778,0
STARLINK-35595,66101,53.1602,476.307,474.225,0.0015044,0.16327111345749154,0.0076204793080030305,0.08544579638274728,0
STARLINK-35599,66102,53.16,476.481,473.929,0.0010237,0.16363267217354363,0.008218490391353165,0.0859255812824484,0
STARLINK-35622,66103,53.1595,476.459,474.015,0.0012397,0.17050301787124486,0.007498724180617394,0.08900087102593113,0
STARLINK-35452,66104,53.1604,476.226,474.204,0.0012635,0.09375744899993717,0.0038572367753443525,0.04880734288764076,0
STARLINK-35561,66105,53.1605,476.275,474.149,0.00088473,0.13081727380852867,0.007649334789753783,0.06923330429914122,0
STARLINK-35584,66106,53.159,476.263,474.177,0.00062605,0.05433626639986332,0.0032762356400567556,0.028806251019960035,0
STARLINK-35593,66107,53.1596,476.282,474.192,0.00075124,0.09512133554154438,0.005614511122114725,0.05036792333182955,0
STARLINK-35590,66108,53.1587,476.071,474.378,0.00097243,0.04900851408769262,0.0033142164592828705,0.026161365273487745,0
STARLINK-35545,66109,53.1595,476.218,474.223,0.00092264,0.03509991691060413,0.001193123888870805,0.018146520399737468,0
STARLINK-35496,66114,53.161,476.109,474.293,0.0010539,0.05029030532874424,0.002899230286215775,0.026594767807480008,0
STARLINK-35623,66138,53.1598,476.157,474.339,0.0010310012,0.04814969757793967,0.0020311547322534695,0.025090426155096567,0
STARLINK-35549,66139,53.1597,475.932,474.54,0.0008047473,0.16062523045489754,0.011024326153600349,0.08582477830424895,0
STARLINK-35625,66140,53.1607,476.119,474.343,0.00097773,0.038488067712272894,0.001877920979085045,0.02018299434567897,0
STARLINK-35603,66141,53.16,475.804,474.577,0.0013504,0.08257626701330048,0.004659924513226344,0.04361809576326341,0
STARLINK-35428,66115,53.1615,476.112,474.287,0.001681,0.07949663439178908,0.0016149634818525313,0.040555798936820806,0
STARLINK-35573,66116,53.1592,475.854,474.578,0.00083058,0.05174441822752244,0.0042881191019778254,0.028016268664750134,0
STARLINK-35572,66117,53.1611,476.077,474.332,0.0010565,0.047439609534732495,0.0025750473847592444,0.02500732845974587,0
STARLINK-35468,66118,53.1614,475.724,474.542,0.0010986,0.23988258090837422,0.015261183234157105,0.12757188207126566,0
STARLINK-35547,66119,53.1604,476.24,474.211,0.00095355,0.13904311679210196,0.007965948153084072,0.07350453247259302,0
STARLINK-35553,66120,53.1612,476.284,474.139,0.0010634,0.06397956680255938,0.00269649484443785,0.033338030823498614,0
STARLINK-35631,66121,53.1608,476.032,474.394,0.0013376,0.06550704565396744,0.0022550409635339135,0.03388104330875068,0
STARLINK-35653,66122,53.161,476.126,474.293,0.0013821,0.11136726372808521,0.0048837534426143395,0.058125508585349775,0
STARLINK-35628,66123,53.1585,475.839,474.583,0.00091988,0.09639497727243213,0.007282348645788576,0.051838662959110354,0
STARLINK-35645,66124,53.1621,475.95,474.482,0.00088407,0.05302166785929076,0.0037861538458179573,0.028403910852554358,0
STARLINK-35649,66125,53.1601,475.919,474.488,0.0011031396,0.056317756780126,0.0032606418255405993,0.029789199302833302,0
STARLINK-35658,66126,53.1599,475.922,474.517,0.0012643472,0.0958940274217039,0.005181624322194961,0.05053782587194943,0
STARLINK-35629,66127,53.16,476.053,474.41,0.0013992156,0.12000760541406073,0.006178007499058361,0.06309280645655954,0
STARLINK-35612,66128,53.1614,476.23,474.523,0.0010492,0.043285134753439945,0.002060634915589588,0.022672884834514767,0
STARLINK-35632,66129,53.1618,476.064,474.411,0.00087665,0.04549799625082914,0.0033446936253094892,0.024421344938069314,0
STARLINK-35637,66130,53.1626,476.148,474.263,0.00096420355,0.036179106142797714,0.0016158696272663032,0.018897487885032007,0
STARLINK-35630,66131,53.1601,476.356,474.032,0.0012904,0.10419139600023011,0.0024337924299572132,0.05331259421509366,0
STARLINK-34412,66132,53.1601,476.028,474.393,0.0010373,0.038874845326948716,0.002479861177315368,0.020677353252132043,0
STARLINK-35520,66133,53.1591,476.018,474.439,0.00071056,0.04680625360435215,0.0038682343788388443,0.0253372439915955,0
STARLINK-35525,66134,53.1599,475.942,474.448,0.00091169005,0.04942716927443331,0.0036326361212526493,0.02652990269784298,0
STARLINK-34852,66135,53.1602,475.822,474.398,0.0018284,0.16295938087124492,0.008107480524801366,0.08553343069802315,0
STARLINK-35592,66136,53.16,476.01,474.41,0.00065807,0.05134205775566177,0.0042125208445146795,0.027777289300088225,0
STARLINK-35576,66137,53.16,476.051,474.453,0.0010519191,0.043054794912132564,0.002475043181165192,0.022764919046648877,0
STARLINK-35318,66146,53.159,476.093,474.325,0.0009499881,0.03179599768931284,0.0019200150334728189,0.01685800636139283,0
STARLINK-35585,66170,53.1584,476.167,474.255,0.00057109038,0.04197586558114154,0.0030804118323923485,0.022528138706766943,0
STARLINK-35606,66171,53.1608,476.126,474.29,0.00090523,0.057965512770393066,0.0035721517610824444,0.030768832265737754,0
STARLINK-35627,66172,53.1603,475.974,474.389,0.0012507,0.0812654829687218,0.004203531298148827,0.04273450713343531,0
STARLINK-35634,66173,53.1613,476.127,474.326,0.00098799,0.04263776173781191,0.0024496114474901283,0.02254368659265102,0
STARLINK-33948,66147,53.1597,476.083,474.323,0.001296,0.13144861701291857,0.0069086086393191784,0.06917861282611888,0
STARLINK-35081,66148,53.1602,476.581,474.049,0.00016137,0.07759124072934825,0.004273043766808454,0.040932142248078354,0
STARLINK-35601,66149,53.1615,476.25,474.224,0.0006418,0.02705724237360529,0.0013612324229698163,0.014209237398287554,0
STARLINK-35605,66150,53.1608,476.272,474.137,0.0015161,0.119201368756359,0.004453756982719136,0.06182756286953907,0
STARLINK-35540,66151,53.1592,476.065,474.375,0.00045535,0.04804096539188482,0.004412497616349314,0.026226731504117067,0
STARLINK-35455,66152,53.1598,476.031,474.394,0.0011895,0.10698475781971933,0.006136443525561358,0.05656060067264035,0
STARLINK-34752,66153,53.1594,475.972,474.256,0.0013477542,0.05530317703772651,0.0016368618438246897,0.0284700194407756,0
STARLINK-34625,66154,53.1605,476.151,474.269,0.0012247,0.12125549067533467,0.006313001028639503,0.06378424585198708,0
STARLINK-35580,66155,53.1615,476.186,474.235,0.00099403,0.06698366815593855,0.0038619727709576154,0.03542282046344808,0
STARLINK-35621,66156,53.1597,476.267,474.156,0.0007507,0.04334231471429987,0.0017908626513530015,0.022566588682826436,0
STARLINK-35594,66157,53.1612,475.864,474.517,0.00057794,0.06433961212458347,0.0052886949353693,0.03481415352997639,0
STARLINK-35587,66158,53.1606,476.078,474.307,0.0012847,0.057333618556134724,0.0013879146532095612,0.029360766604672142,0
STARLINK-35586,66159,53.159,475.82,474.641,0.00087927248,0.061570413026544146,0.004610474248499032,0.03309044363752159,0
STARLINK-35636,66160,53.1593,475.937,474.489,0.0012016062,0.0689387284229227,0.003669306300218707,0.036304017361570705,0
STARLINK-35635,66161,53.1607,476.135,474.279,0.0012697,0.05597105195068849,0.0012344071784739174,0.0286027295645812,0
STARLINK-35633,66162,53.1615,476.099,474.75,0.00092316,0.0731397056552967,0.005191452318861184,0.039165578987078946,0
STARLINK-35607,66163,53.1613,476.267,474.129,0.001276,0.13187729677848142,0.005853156687458037,0.06886522673296973,0
STARLINK-35614,66164,53.1587,476.445,474.227,0.00038185436,0.1926627863556967,0.01145924270085467,0.10206101452827568,0
STARLINK-35575,66165,53.1597,476.22,474.071,0.0011425,0.26637311237092737,0.014141228236831931,0.14025717030387966,0
STARLINK-35624,66166,53.1607,476.239,474.211,0.00095939867,0.15385233683594815,0.009252737133904593,0.08155253698492637,0
STARLINK-35641,66167,53.1611,476.262,474.213,0.00059889,0.03092036061799514,0.001149276006035228,0.016034818312015184,0
STARLINK-35578,66168,53.1612,476.178,474.274,0.0010833,0.10895364353902325,0.006230063695708512,0.05759185361736588,0
STARLINK-35638,66169,53.1601,476.096,474.344,0.0012604,0.07517447123498394,0.003134335174469369,0.03915440320472666,0
STARLINK-35352,66177,53.1591,475.636,474.7,0.0011271,0.29204210915060946,0.01724312110272366,0.15464261512666655,0
STARLINK-35543,66201,53.159,476.479,473.803,0.0014195,0.12023988213326407,0.0032407235656422206,0.061740302849453144,0
STARLINK-35534,66202,53.1604,476.21,474.203,0.0014082484,0.1048973244073878,0.0038258802391465726,0.054361602323267186,0
STARLINK-35548,66203,53.1603,476.08,474.197,0.0016013,0.06195667868315077,0.000777073482089366,0.03136687608262007,0
STARLINK-35490,66204,53.1599,476.074,474.198,0.0015482,0.08939131444637169,0.003494942586336462,0.04644312851635408,0
STARLINK-35363,66178,53.1584,476.141,474.233,0.00082928,0.17374434716692636,0.011158467859018098,0.09245140751297223,0
STARLINK-35346,66179,53.1592,475.859,474.644,0.0011613905,0.13751488330770698,0.00851130544984329,0.07301309437877514,0
STARLINK-35335,66180,53.1591,475.872,474.53,0.001235,0.18021687062925137,0.010594547606948534,0.09540570911809995,0
STARLINK-35342,66181,53.1588,475.895,474.545,0.0011005,0.1224729087030886,0.00785387363214323,0.06516339116761592,0
STARLINK-35333,66182,53.1589,476.251,474.478,0.0007955665,0.028360017004548235,0.0014017260435550776,0.014880871524051657,0
STARLINK-35310,66183,53.1581,475.926,474.335,0.0016582,0.06990811651070021,0.0018973237848969012,0.03590272014779856,0
STARLINK-35317,66184,53.1587,475.936,474.511,0.00048402944,0.0524897113690474,0.00479423076744635,0.028641971068246876,0
STARLINK-35377,66185,53.1579,475.838,474.353,0.001065,0.26061004381241476,0.016101627476345998,0.13835583564438036,0
STARLINK-35365,66186,53.1575,476.517,473.829,0.0010118,0.13749953940293055,0.006303707332844242,0.0719016233678874,0
STARLINK-35350,66187,53.1576,475.564,474.673,0.0015604,0.31272914217184566,0.017405620091503635,0.16506738113167466,0
STARLINK-35041,66188,53.1595,475.86,474.583,0.0010577846,0.05865087419645178,0.003715680631731793,0.031183277414091784,0
STARLINK-34694,66189,53.1591,476.342,473.965,0.0012416,0.1504763419129103,0.0062195134717478034,0.07834792769232904,0
STARLINK-34863,66190,53.1593,475.77,474.557,0.0012005,0.08752431300397831,0.005408318614423635,0.04646631580920097,0
STARLINK-35061,66191,53.1568,475.899,474.527,0.0012514,0.06024943883805471,0.002673841348706649,0.03146164009338068,0
STARLINK-34937,66192,53.157,475.94,474.112,0.0013445,0.0850235288980252,0.0030227897547216312,0.044023159326373414,0
STARLINK-35197,66193,53.1591,476.259,474.1,0.00092732,0.08841947221921934,0.004389455310291421,0.04640446376475538,0
STARLINK-35374,66194,53.1587,475.928,474.381,0.0010225,0.06037981156823299,0.004512151820273724,0.032445981694253355,0
STARLINK-34813,66195,53.1587,475.717,474.443,0.00093455,0.08720439057706483,0.006095017510957862,0.04664970404401135,0
STARLINK-35409,66196,53.1602,475.802,474.458,0.0013367,0.08696988243335121,0.0054461559365864025,0.04620801918496881,0
STARLINK-35518,66198,53.1571,475.861,474.408,0.0013886,0.05920931411860607,0.002164460706161677,0.030686887412383873,0
STARLINK-35259,66197,53.1596,476.234,474.068,0.0011411,0.07533256039926124,0.0024110682525265736,0.03887181432589391,0
STARLINK-35509,66199,53.1596,476.009,474.394,0.001317957,0.07496966435661695,0.0035230431363887623,0.03924635374650286,0
STARLINK-35551,66200,53.1604,476.29,474.117,0.00093989135,0.17741180368606582,0.009708920096460502,0.09356036189126316,0
STARLINK-35748,66206,53.159,476.038,474.178,0.0013606,0.07628398796273352,0.0021869160936381408,0.039235452028185826,0
STARLINK-35736,66230,53.1594,476.297,474.13,0.00048879658,0.2873435797228751,0.017192482452312408,0.15226803108759376,0
STARLINK-35735,66231,53.16,475.808,474.196,0.0017953155,0.08118442151913591,0.0016756325240524198,0.041430027021594165,0
STARLINK-35753,66232,53.1567,475.817,474.435,0.0014956,0.06661064500135533,0.0025314785816054797,0.0345710617914804,0
STARLINK-35626,66233,53.1568,476.028,474.006,0.0012662,0.07203463750658212,0.0016230198078074156,0.03682882865719477,0
STARLINK-35747,66207,53.1571,476.626,473.684,0.00092693,0.14780042302643714,0.006216172348336381,0.07700829768738676,0
STARLINK-35751,66208,53.1603,476.078,474.279,0.0016785749,0.09378858137173818,0.003421236012275906,0.048604908692007044,0
STARLINK-35750,66209,53.1581,476.523,473.786,0.0014931,0.11650821758299791,0.001961426589452579,0.05923482208622524,0
STARLINK-35740,66210,53.1575,476.151,474.093,0.00088651,0.04053203247431023,0.0004995442467879697,0.0205157883605491,0
STARLINK-35723,66211,53.1548,476.095,474.211,0.000873,0.04215661042359417,0.0012381717211113023,0.02169739107235274,0
STARLINK-35710,66212,53.1569,475.771,474.522,0.0013352218,0.06918567484169706,0.003400133526996984,0.036292904184347025,0
STARLINK-34204,66213,53.1566,476.149,474.165,0.0015606,0.07043730193828711,0.00011703362028770221,0.035277167779287404,0
STARLINK-35714,66214,53.1569,476.156,474.172,0.00099216,0.04590321189543898,0.0005831742354877349,0.023243193065463356,0
STARLINK-35712,66215,53.1599,475.926,474.467,0.00083102367,0.06224711018641702,0.00492595310082624,0.03358653164362163,0
STARLINK-35709,66216,53.1577,476.013,474.29,0.0012375,0.04712336106328994,0.0011335482184962474,0.024128454640893093,0
STARLINK-35700,66217,53.1606,476.075,474.198,0.0011011,0.07819331262211386,0.0037425951700625236,0.04096795389608819,0
STARLINK-35722,66218,53.1578,476.059,474.273,0.0010193,0.06749654962151802,0.003822864229414786,0.035659706925466404,0
STARLINK-35737,66219,53.1603,475.697,474.542,0.0014709196,0.08850968589252411,0.004356846297121102,0.04643326609482261,0
STARLINK-35677,66220,53.1586,476.595,473.654,0.0013582,0.1277439493531022,0.0030852706467768163,0.06541460999993952,0
STARLINK-35704,66221,53.1581,476.049,474.109,0.0011216,0.04523343962602226,0.0005131321924067794,0.02287328590921452,0
STARLINK-35666,66222,53.159,475.815,474.344,0.0010403,0.03567078871390958,0.0020296461079065977,0.018850217410908088,0
STARLINK-35664,66223,53.1587,476.079,474.248,0.0010504,0.031175058629728313,0.0008227627785667366,0.015998910704147523,0
STARLINK-35733,66224,53.1573,475.89,474.521,0.0010743387,0.0710377399840586,0.005001787854926297,0.03801976391949245,0
STARLINK-35734,66225,53.1585,476.207,474.174,0.0013536,0.07349372037002579,0.0013554049228638601,0.03742456264644482,0
STARLINK-34466,66226,53.1598,476.201,474.178,0.00081677,0.0477899836251047,0.0018916465746455504,0.024840815099875124,0
STARLINK-34882,66227,53.1604,476.162,474.048,0.0016452,0.09569660216133057,0.0020701749752147103,0.04888338856827264,0
STARLINK-35731,66228,53.1605,475.676,474.601,0.00098995539,0.31250367840353416,0.01905367717259681,0.1657786777880655,0
STARLINK-35758,66229,53.159,476.857,473.418,0.0010925,0.1419181315526406,0.00607012961228457,0.07399413058246258,0
STARLINK-35537,66234,53.1609,475.758,474.455,0.00089446,0.27109840390905926,0.017189784362624964,0.14414409413584212,0
STARLINK-34650,66258,53.1582,476.085,474.348,0.00081351,0.08017735689046503,0.005247060090801562,0.04271220849063329,0
STARLINK-35529,66259,53.1584,475.885,474.514,0.00077878,0.03828977307557988,0.0032238577758467407,0.02075681542571331,0
STARLINK-35420,66260,53.1586,475.711,474.671,0.0013124,0.11357038607781397,0.006817611538522658,0.060193998808168316,0
STARLINK-35536,66261,53.1597,475.585,474.755,0.00066265,0.2936635616789089,0.019522367584669777,0.15659296463178934,0
STARLINK-35487,66262,53.159,476.001,474.303,0.0017139,0.09374801202700161,0.0026593210119549193,0.048203666519478265,0
STARLINK-35541,66235,53.1597,475.844,474.539,0.0012967,0.09310688266851753,0.005294060094829664,0.0492004713816736,0
STARLINK-35454,66236,53.1572,475.992,474.415,0.00075797,0.060070573622132285,0.004027382195079848,0.032048977908606065,0
STARLINK-35557,66237,53.1576,475.761,474.6,0.00063873209,0.08154893915724726,0.006043927790743091,0.04379643347399517,0
STARLINK-35556,66238,53.1575,475.888,474.481,0.00072171,0.09087862019894699,0.006865205961119232,0.04887191308003311,0
STARLINK-35554,66239,53.1575,475.928,474.567,-0.00024322987,0.1828627450476531,0.01286417845878341,0.09786346175321825,0
STARLINK-35546,66240,53.1575,476.446,473.928,0.0013351,0.10470927378458124,0.0024374451188751236,0.053573359451728184,0
STARLINK-35497,66241,53.1575,476.028,474.297,0.00089265,0.09408756852299124,0.005728091086878701,0.049907829804934974,0
STARLINK-35480,66242,53.1565,475.779,474.726,0.0010145,0.2895639554387526,0.017865289899255274,0.15371462266900393,0
STARLINK-35495,66243,53.1586,476.242,474.197,0.00081603,0.04613826969152028,0.0015684298562026792,0.02385334977386148,0
STARLINK-35517,66244,53.157,476.276,474.138,0.00093298,0.057652520113967445,0.0014456367279946569,0.02954907842098105,0
STARLINK-35503,66245,53.157,476.021,474.405,0.00083245,0.045707047292330744,0.002783937587410832,0.024245492439870786,0
STARLINK-35434,66246,53.1577,475.772,474.72,0.0010040523,0.11116888532001543,0.0076384584153049466,0.059403671867660185,0
STARLINK-35481,66247,53.1589,476.156,474.259,0.00063778,0.12578115899792186,0.008446418763204499,0.06711378888056319,0
STARLINK-35416,66248,53.1594,476.292,474.227,0.0010597,0.061060714559835506,0.0013294702867756147,0.03119509242330556,0
STARLINK-35304,66249,53.1582,476.617,473.603,0.0012205,0.1348303712824947,0.004728486392808944,0.06977942883765183,0
STARLINK-35338,66250,53.1593,475.879,474.495,0.0013555,0.10592874736480792,0.006043017898945981,0.055985882631876954,0
STARLINK-35485,66251,53.159,475.853,474.341,0.00083109,0.15292256329412565,0.010411965916354252,0.08166726460523996,0
STARLINK-35483,66252,53.1574,476.638,473.629,0.0013303,0.12727772366638276,0.0036596574830031012,0.06546869057469293,0
STARLINK-35486,66253,53.1574,475.918,474.486,0.0010284376,0.07688100209235989,0.004624831664548261,0.040752916878454074,0
STARLINK-35488,66254,53.1577,475.902,474.424,0.00087435182,0.08707688162607946,0.005863931628317238,0.04647040662719835,0
STARLINK-35616,66255,53.1573,475.864,474.535,0.00098191038,0.09295394477353087,0.0066493061735712865,0.04980162547355108,0
STARLINK-35619,66256,53.1569,476.292,474.08,0.00091193,0.06266671502327652,0.0008198988816898585,0.03174330695248319,0
STARLINK-35615,66257,53.1583,475.85,474.547,0.0010453,0.06675824433552673,0.004233582261208847,0.035495913298367786,0
STARLINK-35801,66265,53.1603,476.718,473.814,0.00035007,0.35966335842236846,0.019349532907883604,0.18950644566512603,0
STARLINK-35802,66289,53.1601,475.971,474.399,0.0011244,0.041376115648782893,0.001699427406080395,0.021537771527431644,0
STARLINK-35799,66290,53.1595,475.867,474.525,0.00070379,0.03197499499506915,0.002915183561768369,0.01744508927841876,0
STARLINK-35800,66291,53.1586,475.889,474.51,0.00063041,0.3273468985062435,0.019633821224681627,0.17349035986546255,0
STARLINK-35798,66292,53.1601,475.935,474.331,0.001556,0.06379756468606544,0.0013518303938134348,0.03257469753993944,0
STARLINK-35056,66266,53.1591,475.645,474.687,0.0010345,0.08115702989891288,0.005858603371614165,0.04350781663526352,0
STARLINK-35550,66267,53.16,475.846,474.399,0.0024,0.169660778845831,0.006403097355473629,0.08803193810065231,0
STARLINK-35069,66268,53.1576,476.068,474.387,0.0010579,0.05024261778974735,0.002511057434148873,0.02637683761194811,0
STARLINK-34910,66269,53.1581,476.054,474.701,0.00058491,0.03742749132449322,0.003228858447257069,0.02032817488587514,0
STARLINK-35757,66270,53.1592,476.229,474.23,0.00080273,0.1539651701360705,0.009111910385773057,0.08153854026092178,0
STARLINK-35745,66271,53.1579,475.866,474.498,0.00082306,0.04091710944605448,0.0025822955443385474,0.02174970249519651,0
STARLINK-35741,66272,53.1596,476.388,474.111,0.00091442,0.06238767495642884,0.0006430530925069377,0.03151536402446789,0
STARLINK-35730,66273,53.1597,475.72,474.71,0.0011309,0.09806333567619019,0.007598044120143148,0.052830689898166666,0
STARLINK-35760,66274,53.1577,476.092,474.478,0.00038713,0.21052592165047762,0.013337995920993058,0.11193195878573534,0
STARLINK-35752,66275,53.1582,475.997,474.456,0.00097721,0.11059966528155311,0.007024015576909355,0.05881184042923124,0
STARLINK-35742,66276,53.1588,475.951,474.382,0.00097798,0.04430951897825289,0.002679930399702202,0.023494724688977543,0
STARLINK-35708,66277,53.1595,476.337,473.974,0.0011207,0.2238950288717367,0.012859631103994643,0.11837732998786568,0
STARLINK-35713,66278,53.1583,475.784,474.522,0.0011443,0.07865318740673707,0.004720698194438717,0.04168694280058789,0
STARLINK-35724,66279,53.1579,476.259,474.195,0.00023979,0.27105007568399336,0.015994535310671205,0.14352230549733228,0
STARLINK-35726,66280,53.1607,475.545,474.822,0.0010049,0.09290098116120027,0.0074932897631917825,0.05019713546219603,0
STARLINK-35727,66281,53.1579,475.946,474.373,0.0008022,0.03836720083495859,0.0029876112297594947,0.020677406032359045,0
STARLINK-35776,66282,53.1596,476.081,474.262,0.00092739,0.12449366473606302,0.007219573666736887,0.06585661920139996,0
STARLINK-35774,66283,53.1571,476.017,474.32,0.00099547,0.036815168045123726,0.0012346825848362079,0.019024925314979967,0
STARLINK-35830,66284,53.1586,475.86,474.355,0.0014941,0.07324254292274796,0.0029146626285535574,0.038078602775650755,0
STARLINK-35819,66285,53.1583,475.936,474.535,0.00055552,0.04173876027694972,0.004038357977264828,0.022888559127107275,0
STARLINK-35783,66286,53.1595,475.917,474.525,0.0010375,0.16739461289094165,0.010644146764179066,0.08901937982756036,0
STARLINK-34884,66287,53.1589,475.907,474.563,0.0009065,0.06756976104118646,0.004326050593861706,0.035947905817524085,0
STARLINK-34896,66288,53.1601,475.714,474.749,0.00086851,0.07707677372446001,0.005841065363481946,0.041458919543970976,0
STARLINK-35442,66319,43.0016,483.895,482.053,0.0014746,0.09394793513818163,0.00700079923470121,0.05047436718644142,0
STARLINK-35467,66343,43.0011,483.933,482.028,0.00107,0.28207696427468404,0.02110589989229414,0.15159143208348907,0
STARLINK-35511,66344,43.0009,484.009,481.893,0.0015634,0.11097658687319929,0.00849805896093331,0.0597373229170663,0
STARLINK-35440,66345,42.9953,483.584,482.329,0.00098775,0.16546025382268606,0.012369789552070942,0.0889150216873785,0
STARLINK-35482,66346,42.9966,483.906,482.066,0.001037,0.16589185740027218,0.010572734844595422,0.0882322961224338,0
STARLINK-35438,66347,43.0011,483.813,482.244,0.0009524,0.10411259848714008,0.009714974719533158,0.05691378660333662,0
STARLINK-34616,66320,42.9985,484.342,481.585,0.0010994,0.3018954849421175,0.02202775829476065,0.16196162161843908,0
STARLINK-34615,66321,42.9995,484.288,481.632,0.0013314,0.31376812343137805,0.019416674337223955,0.166592398884301,0
STARLINK-35292,66322,42.9999,483.727,482.164,0.0016350305,0.27444659120075987,0.021427833426736088,0.14793721231374798,0
STARLINK-35309,66323,43.0003,484.229,481.693,0.0015881,0.1484311820987798,0.010472856439426817,0.07945201926910331,0
STARLINK-35506,66324,42.9989,483.994,481.972,0.0010409,0.11418211546979219,0.009214791942061592,0.061698453705926894,0
STARLINK-35504,66325,42.9979,483.292,482.7,0.00097137,0.1587679600950518,0.013893505178675257,0.08633073263686354,0
STARLINK-35479,66326,42.9982,483.754,482.293,0.0014597,0.11491977593371447,0.008040720156139337,0.061480248044926904,0
STARLINK-35507,66327,43.0003,484.676,481.276,0.0012598,0.1544354958220092,0.010828018837422005,0.0826317573297156,0
STARLINK-35460,66328,42.9995,483.819,482.16,0.001008,0.10735776121180782,0.008782264188944521,0.05807001270037617,0
STARLINK-35505,66329,42.9926,483.896,482.001,0.0014815,0.2530383065297993,0.012045281377437047,0.13254179395361818,0
STARLINK-35512,66330,42.999,483.95,482.109,0.0012383,0.07731786076047044,0.00670693092950141,0.04201239584498592,0
STARLINK-35257,66331,42.9968,483.96,481.957,0.0012905,0.255017138116267,0.018153648096253337,0.13658539310626017,0
STARLINK-35322,66332,42.9984,483.751,482.095,0.001214,0.2533628733586212,0.019052349200991334,0.13620761127980627,0
STARLINK-35400,66333,43.0026,484.156,481.759,0.00093829,0.07355278281857014,0.006174872068025748,0.039863827443297944,0
STARLINK-35407,66334,42.9995,483.815,482.13,0.0011605,0.08553341107282049,0.007555392260389182,0.04654440166660483,0
STARLINK-35417,66335,42.995,484.856,481.018,0.0011067,0.38143075297668577,0.021140258084798913,0.20128550553074234,0
STARLINK-35404,66336,42.999,484.045,481.863,0.00047806,0.09472940987724761,0.00829558759364971,0.05151249873544866,0
STARLINK-34783,66337,43.0001,483.932,482.251,0.0012982,0.08110306948621993,0.007114588192105442,0.044108828839162686,0
STARLINK-35477,66338,42.9973,484.001,481.957,0.0013882,0.08474241685513587,0.005752096412233934,0.0452472566336849,0
STARLINK-35443,66339,42.9986,484.038,482.043,0.00083099,0.07295716884157294,0.00663624296807221,0.03979670590482257,0
STARLINK-35218,66340,42.9986,483.854,482.096,0.0014436,0.20710347269830234,0.015698480364219537,0.11140097653126094,0
STARLINK-35522,66341,42.9959,483.207,482.753,0.0010764,0.4414987283416011,0.027036230828894784,0.23426747958524793,0
STARLINK-35535,66342,42.9932,483.289,482.669,0.0011443,0.2794965502034816,0.019025416517949034,0.1492609833607153,0
STARLINK-35849,66348,53.1597,475.518,474.851,0.0012508708,0.10289455825747487,0.008104349503927018,0.05549945388070095,0
STARLINK-35821,66372,53.1589,476.221,474.357,0.00071172,0.05280116945593103,0.0033091543033638574,0.028055161879647444,0
STARLINK-35809,66373,53.16,476.154,474.244,0.00085961089,0.11008250289379036,0.00655089510079171,0.058316698997291035,0
STARLINK-35831,66374,53.1581,475.933,474.394,0.0011587,0.04751961396344555,0.002291072645000823,0.024905343304223185,0
STARLINK-35826,66375,53.1568,476.627,473.643,0.0014664,0.13261073503562534,0.0031795865449343957,0.06789516079027987,0
STARLINK-35848,66349,53.1565,475.781,474.34,0.00098099,0.2520735471975178,0.016606887645218452,0.13434021742136812,0
STARLINK-35829,66350,53.1587,476.05,474.264,0.0015987,0.08513211980384672,0.002715759687174979,0.04392393974551085,0
STARLINK-35828,66351,53.1581,476.34,474.007,0.0011738,0.08580366937571864,0.0004602657274321403,0.04313196755157539,0
STARLINK-35850,66352,53.1602,476.172,474.169,0.0010001,0.06124669814020413,0.0024128784826560187,0.031829788311430074,0
STARLINK-35869,66353,53.1611,475.911,474.389,0.0014054,0.06672862281504989,0.0021891323568344876,0.03445887758594219,0
STARLINK-35895,66354,53.1591,475.529,474.822,0.0011426521,0.2285998526472175,0.015389407307889675,0.12199462997755359,0
STARLINK-35861,66355,53.1581,476.362,473.932,0.0012772,0.11101731515220488,0.002179055311198976,0.05659818523170193,0
STARLINK-35851,66356,53.1574,475.864,474.453,0.00098692126,0.20714037801970775,0.013228807220171624,0.11018459261993968,0
STARLINK-35817,66357,53.1567,476.331,474.001,0.00096824,0.08217965417565751,0.0015565492759878157,0.041868101725822664,0
STARLINK-35807,66358,53.1565,475.754,474.577,0.0011318,0.08373336406370473,0.005698850347069115,0.04471610720538692,0
STARLINK-35805,66359,53.1582,476.272,474.095,0.001007,0.10403419566757521,0.004455485787303932,0.05424484072743957,0
STARLINK-35823,66360,53.1597,476.12,474.27,0.00090807,0.04337404218174853,0.001927777110221182,0.022650909645984856,0
STARLINK-35813,66361,53.1584,476.971,473.381,0.00097423,0.16458348263114925,0.008424342526294079,0.08650391257872167,0
STARLINK-35822,66362,53.1572,476.47,473.855,0.00090916,0.13263095588985807,0.005662374633109577,0.06914666526148383,0
STARLINK-35806,66363,53.1595,475.389,474.926,0.0009612671,0.10580286393734162,0.010079007808877499,0.057940935873109556,0
STARLINK-35797,66364,53.1571,476.395,473.863,0.0014889,0.10048521038032682,0.0009523423678981701,0.05071877637411249,0
STARLINK-35827,66365,53.1581,475.727,474.343,0.0015744,0.1495303287337678,0.007833993381130246,0.07868216105744902,0
STARLINK-35845,66366,53.1581,475.644,474.644,0.0010977,0.07892810413399728,0.005429558509520852,0.04217883132175907,0
STARLINK-35846,66367,53.159,475.803,474.556,0.00098211,0.05457906770798288,0.0035025452225795495,0.029040806465281215,0
STARLINK-34861,66368,53.157,476.319,473.987,0.0011381,0.10387147941051196,0.0029875297318581267,0.053429504571185046,0
STARLINK-35795,66369,53.1578,475.9,474.579,0.00075416471,0.06248938958851166,0.00538155335899214,0.0339354714737519,0
STARLINK-35824,66370,53.1574,475.811,474.526,0.0011172,0.05588151791140294,0.003264500790471839,0.029573009350937388,0
STARLINK-35804,66371,53.1576,476.474,473.838,0.0010543,0.13972532654629685,0.007289772467782167,0.07350754950703951,0
STARLINK-35139,66380,53.1601,475.813,474.488,0.0015474799,0.09321822608321821,0.004487052400136974,0.04885263924167759,0
STARLINK-35691,66404,53.1595,475.798,474.529,0.001249,0.07273136727191985,0.004009684727017812,0.03837052599946883,0
STARLINK-35683,66405,53.1613,476.247,474.072,0.0010478,0.11621018186369361,0.005239810225769745,0.06072499604473168,0
STARLINK-34840,66406,53.1601,475.794,474.597,0.0016281009,0.24041775947221966,0.013062875188783022,0.12674031733050134,0
STARLINK-35686,66407,53.1601,475.639,474.75,0.00057571184,0.2559756217960928,0.01796143990869152,0.13696853085239216,0
STARLINK-35679,66408,53.1575,476.815,473.527,0.0010555,0.18249168658249776,0.010030362040766736,0.09626102431163225,0
STARLINK-35158,66381,53.1592,476.398,474.03,0.0010832329,0.07661485747666674,0.0009251673830651452,0.03877001242986594,0
STARLINK-35639,66382,53.1573,475.626,474.795,0.00048313,0.2798997455751761,0.017429160843574827,0.14866445320937546,0
STARLINK-35690,66383,53.16,476.077,474.289,0.00097235104,0.0779186730057362,0.0043880696724535595,0.04115337133909488,0
STARLINK-35662,66384,53.1601,476.191,474.215,0.0011318377,0.07897448314741816,0.003161630205352482,0.04106805667638532,0
STARLINK-35659,66385,53.16,476.238,474.265,0.0010340496,0.045419244483845156,0.0003143942059444005,0.02286681934489478,0
STARLINK-35651,66386,53.1603,475.908,474.475,0.00108608,0.070066969232503,0.004754530429505533,0.037410749831004265,0
STARLINK-35661,66387,53.1603,476.076,474.272,0.00099695826,0.05025103122225336,0.002256285847156725,0.026253658534705043,0
STARLINK-35647,66388,53.1604,476.129,474.169,0.0010519,0.0698956267811145,0.002931869174565104,0.0364137479778398,0
STARLINK-35694,66389,53.1601,475.858,474.509,0.00074981942,0.033315844845516446,0.0029265838906873246,0.018121214368101886,0
STARLINK-35665,66390,53.1595,477.004,473.286,0.0010624281,0.3244733568041187,0.019183999668607,0.17182867823636286,0
STARLINK-35656,66391,53.1595,475.613,474.766,0.0012222935,0.28001706476140076,0.01718574752811277,0.14860140614475675,0
STARLINK-35671,66392,53.1579,476.503,473.845,0.0010055,0.09482918349722594,0.002482917986064551,0.048656050741645245,0
STARLINK-35652,66393,53.1593,476.29,474.141,0.0010351178,0.07286518248092808,0.0026518017316799355,0.037758492106304005,0
STARLINK-35672,66394,53.158,476.252,474.078,0.0010108,0.14264168358905488,0.00841987447313312,0.075530779031094,0
STARLINK-35681,66395,53.1597,475.852,474.523,0.0006481,0.1455122646897941,0.010528280206104544,0.07802027244794933,0
STARLINK-35669,66396,53.1589,476.654,473.675,0.00086031,0.11130384739484275,0.004003490708135557,0.05765366905148916,0
STARLINK-35510,66397,53.1604,475.858,474.418,0.0011829807,0.27688121949347566,0.01849257301627144,0.14768689625487355,0
STARLINK-35642,66398,53.1581,475.991,474.343,0.00095002,0.03638776939278613,0.0016436380768585764,0.019015703734822354,0
STARLINK-35657,66399,53.1585,476.195,474.025,0.00084179,0.05305923714450733,0.0002833058804263408,0.026671271512466836,0
STARLINK-35667,66400,53.1573,475.957,474.534,0.00064940084,0.03259642712921403,0.0030665663002521653,0.017831496714733098,0
STARLINK-35668,66401,53.158,475.94,474.366,0.0011257,0.04022561778787579,0.0018383428185589485,0.02103198030321737,0
STARLINK-35644,66402,53.157,476.067,474.237,0.0010782,0.10276944567941455,0.0063605017828466184,0.05456497373113059,0
STARLINK-35602,66403,53.1584,476.364,473.973,0.0010446,0.16778975448383118,0.009309800567927205,0.0885497775258792,0
STARLINK-35617,66422,42.9997,484.115,481.802,0.0013451,0.09643205458322318,0.006828003446870524,0.051630029015046854,0
STARLINK-34986,66446,42.996,483.742,482.191,0.001171,0.2887251855485573,0.015388719457055503,0.1520569525028064,0
STARLINK-34851,66447,43.0023,484.441,481.514,0.0010061,0.10783912384737465,0.008431908345662775,0.058135516096518715,0
STARLINK-35355,66448,42.9925,483.218,482.762,0.00088252,0.46462664351898514,0.028197438295007426,0.24641204090699628,0
STARLINK-34720,66449,42.9981,483.64,482.247,0.0014069,0.16038513308537716,0.011166845367231386,0.08577598922630428,0
STARLINK-35334,66450,42.9936,483.285,482.694,0.0011177,0.46780048442147676,0.024888923062563198,0.24634470374201997,0
STARLINK-35618,66423,42.9942,483.821,482.149,0.00096165,0.3214528936333113,0.018415816569386772,0.16993435510134905,0
STARLINK-35588,66424,42.9948,484.128,481.851,0.00092634,0.2977669839638418,0.0209565498381867,0.15936176690101425,0
STARLINK-35555,66425,42.9944,484.058,481.868,0.0011659,0.29613441732539825,0.020020602194903408,0.15807750976015084,0
STARLINK-35589,66426,42.9976,483.828,482.204,0.0011011,0.25532818435597987,0.019157857929792427,0.13724302114288614,0
STARLINK-35611,66427,43.0012,484.659,481.268,0.0012713899,0.15012630623053488,0.011063307001901083,0.08059480661621798,0
STARLINK-35610,66428,42.9979,483.681,482.312,0.00079494,0.18756497561359495,0.01385866540069146,0.10071182050714321,0
STARLINK-35533,66429,42.9976,483.154,483.035,0.0019853,0.31890315219852455,0.017686697549110758,0.16829492487381764,0
STARLINK-35470,66430,43.0048,483.516,482.529,0.00077132,0.41724067024462586,0.025710192598171085,0.22147543142139847,0
STARLINK-35439,66431,42.9978,483.377,482.688,0.00098538,0.39316237837254703,0.01972508906288169,0.20644373371771435,0
STARLINK-35446,66432,43.0056,484.377,481.53,0.0010856,0.13000178056279857,0.008458551865756638,0.0692301662142776,0
STARLINK-35457,66433,43.0048,484.289,481.69,0.00091165,0.10766095617180457,0.0074111400735259805,0.05753604812266527,0
STARLINK-35389,66434,42.9989,483.511,482.468,0.00086773,0.2813141146085565,0.022508555781568622,0.15191133519506256,0
STARLINK-35502,66435,42.9995,485.241,480.692,0.0011379,0.35273742575273415,0.02278163851162104,0.18775953213217758,0
STARLINK-35501,66436,42.9968,483.265,482.785,0.0012052,0.44885350578582844,0.02760065130021786,0.23822707854302316,0
STARLINK-35474,66437,42.9985,484.261,481.655,0.00082207,0.12473502733450004,0.008910625342733373,0.0668228263386167,0
STARLINK-34681,66438,42.9953,483.395,482.579,0.0011458,0.31247342564080083,0.019315395612609167,0.16589441062670499,0
STARLINK-35327,66439,43.0013,484.136,481.775,0.0015227,0.09386911692900052,0.006317131898548758,0.050093124413774635,0
STARLINK-35405,66440,42.9984,483.723,482.24,0.0014511,0.09631216193248333,0.007168106234876403,0.05174013408367987,0
STARLINK-35426,66441,43.0015,483.933,482.033,0.00091358,0.0658083484694156,0.006445623663154292,0.03612698606628495,0
STARLINK-34724,66442,42.9972,484.25,482.082,0.0023111,0.27332522407798615,0.0073945051331638185,0.14035986460557498,0
STARLINK-35219,66443,42.9958,483.695,482.276,0.00090973,0.3085937716716644,0.021546805788014104,0.16507028872983925,0
STARLINK-35360,66444,42.9939,483.177,482.733,0.0012674,0.250846426275088,0.01741764714228935,0.13413203670868867,0
STARLINK-34698,66445,42.9945,483.356,482.604,0.0010549,0.2026323610317782,0.01421884707636433,0.10842560405407127,0
STARLINK-35643,66456,43.0044,485.496,480.61,0.00095380677,0.23602941326106397,0.019682087656911894,0.12785575045898792,0
STARLINK-35670,66480,43.0049,484.376,481.579,0.0009883466,0.10860814093461384,0.007691515430976126,0.05814982818279498,0
STARLINK-35698,66481,43.0008,484.18,481.878,0.00083787904,0.07211999636211884,0.006594319905775828,0.039357158133947336,0
STARLINK-35648,66482,42.9915,483.915,482.181,0.00088044,0.2795682449465654,0.0117885725477635,0.14567840874716445,0
STARLINK-35654,66483,43.0037,484.206,481.696,0.0011858,0.09755818550874355,0.006793110212057983,0.05217564786040077,0
STARLINK-35371,66484,42.9981,483.959,482.15,-0.00021319124,0.10204915337909633,0.008024170080467534,0.05503666172978193,0
STARLINK-35466,66457,43.0038,484.152,481.952,0.00021123,0.08862683955826642,0.006878959936493796,0.047752899747380104,0
STARLINK-35684,66458,43.0023,483.909,481.966,0.0012331252,0.1019734334665371,0.007757740181450847,0.05486558682399398,0
STARLINK-35449,66459,43.0027,483.545,482.579,0.00088571,0.24671735556122787,0.017124012016057285,0.13192068378864258,0
STARLINK-35424,66460,42.9983,483.653,482.298,0.00060196,0.09166496683212069,0.008378132213019977,0.05002154952257033,0
STARLINK-35132,66461,42.9992,484.279,481.857,0.0013638273,0.0971330100428799,0.006828514007153457,0.051980762025016676,0
STARLINK-35499,66462,42.9992,484.48,481.593,0.0010013,0.102461758437344,0.007998720630743106,0.05523023953404355,0
STARLINK-35463,66463,42.9987,483.422,482.52,0.00095246,0.32640864889995436,0.020291576107123902,0.17335011250353913,0
STARLINK-35435,66464,42.999,484.291,481.886,0.0024912173,0.12991722132796274,0.006845870213160064,0.06838154577056141,0
STARLINK-35448,66465,43.0032,483.568,482.555,0.00086619,0.4478073839085418,0.025662045607247965,0.23673471475789487,0
STARLINK-35388,66466,43.0031,484.255,481.736,0.0011979,0.09125668192924867,0.006795180463832414,0.04902593119654054,0
STARLINK-35682,66467,43.0013,484.538,481.592,0.0010017,0.1100885837880889,0.008601131060761923,0.05934485742442541,0
STARLINK-35331,66468,43.0006,483.817,482.187,0.0011637,0.11650582747394028,0.0092831702625321,0.0628944988682362,0
STARLINK-35451,66469,43.0011,484.072,481.86,0.00090256068,0.06974799788953692,0.006495967142096468,0.038121982515816694,0
STARLINK-35655,66470,42.9981,483.539,482.501,0.0010336,0.4269886901579254,0.023323431321260656,0.22515606073959302,0
STARLINK-35569,66471,43.0034,484.051,481.893,0.00082835,0.08645234132813545,0.006744696065526637,0.04659851869683104,0
STARLINK-35567,66472,42.9967,484.113,481.956,0.0010355,0.10964866402014616,0.007361311521482374,0.05850498777081427,0
STARLINK-35568,66473,42.9947,484.108,481.87,0.00091954433,0.42926744062722666,0.024512207584280864,0.22688982410575376,0
STARLINK-35620,66474,42.9996,484.618,481.444,0.0010019083,0.11948410632727187,0.009346148487711738,0.0644151274074918,0
STARLINK-35538,66475,43.0034,484.109,482.16,0.0010723155,0.08309509293313827,0.00655919336197452,0.0448271431475564,0
STARLINK-35372,66476,43.0059,484.276,481.661,0.00094064702,0.11052436550408619,0.007149228659925026,0.05883679708200561,0
STARLINK-35354,66477,42.9989,484.47,481.384,0.00058417,0.11745245473345077,0.009084914097535096,0.06326868441549294,0
STARLINK-35283,66478,43.0009,483.232,482.6,0.0010368,0.23690391754986964,0.017259703175796278,0.12708181036283295,0
STARLINK-35581,66479,43.0003,484.353,481.667,0.00089835696,0.0875345834883562,0.007376178686207714,0.04745538108728196,0
STARLINK-34774,66485,43.0017,484.266,481.803,0.0010422,0.11600323072284555,0.007887665351148744,0.06194544803699714,0
STARLINK-35598,66509,43.0057,483.829,482.136,0.00079892,0.15196434848766374,0.009486834584076814,0.08072559153587028,0
STARLINK-35600,66510,43.0026,484.027,481.732,0.0022904609,0.13604299346070312,0.006761867474935781,0.07140243046781945,0
STARLINK-35444,66511,43.004,483.931,481.97,0.00099486721,0.10205047081378676,0.007178024660308205,0.05461424773704748,0
STARLINK-35366,66512,43.0007,484.042,481.881,0.0016492398,0.11659499744570354,0.007114572749631523,0.06185478509766753,0
STARLINK-35692,66513,42.9985,483.891,482.004,0.00096657602,0.11222285678265372,0.007629429091916961,0.05992614293728534,0
STARLINK-34844,66486,43.0023,483.737,482.28,0.0012454,0.11776451555530236,0.008291248397300966,0.06302788197630166,0
STARLINK-34733,66487,43.0038,484.156,481.767,0.0012008958,0.11701032382839778,0.00732697090876268,0.06216864736858023,0
STARLINK-35515,66488,43.0044,484.195,481.782,0.0015562028,0.1442557946855542,0.007539006182664526,0.07589740043410936,0
STARLINK-35696,66489,43.0091,485.79,480.109,0.00097432479,0.38731276724310243,0.02696664450923091,0.20713970587616667,0
STARLINK-35693,66490,43.0036,483.829,481.883,0.0011979771,0.11381333700180037,0.007381941420384633,0.0605976392110925,0
STARLINK-35663,66491,43.0016,484.171,481.759,0.0012889106,0.11944314267591168,0.007588092655829106,0.0635156176658704,0
STARLINK-35673,66492,43.0035,483.82,482.089,0.00095382311,0.10309384047672346,0.00770239726059865,0.055398118868661056,0
STARLINK-35597,66493,43.0007,483.659,482.295,0.00092984554,0.1197507288181904,0.009774297089841167,0.06476251295401579,0
STARLINK-35689,66494,43.0025,483.737,482.204,0.00066488,0.45920804026129286,0.0248103597080294,0.24200919998466114,0
STARLINK-35832,66495,43.0042,484.016,481.899,0.00093636499,0.10649517952755391,0.00711217126487658,0.056803675396215246,0
STARLINK-35909,66496,43.0016,484.179,481.865,0.00086544043,0.12293242850857879,0.008124016477528806,0.06552822249305379,0
STARLINK-35899,66497,43.0038,484.211,481.739,0.00096654361,0.12088539460929205,0.007488983055327627,0.06418718883230984,0
STARLINK-35907,66498,43.0008,483.842,482.24,0.00098123,0.10351940795977492,0.008052930701978891,0.055786169330876906,0
STARLINK-35816,66499,43.0025,483.869,481.958,0.00083125074,0.09231532555661512,0.007414999089417644,0.04986516232301638,0
STARLINK-35894,66500,43.003,484.162,481.731,0.0006252,0.11452117005917906,0.0077770672854294886,0.06114911867230427,0
STARLINK-35897,66501,43.0005,483.814,482.117,0.00098630934,0.09793014110221254,0.007555864294275101,0.05274300269824382,0
STARLINK-35922,66502,43.0014,483.672,482.421,0.00090147,0.10577580350234103,0.009311911391035332,0.05754385744668818,0
STARLINK-35917,66503,43.0003,483.811,482.061,0.0010931417,0.10087396711020644,0.0075955215423193405,0.054234744326262886,0
STARLINK-35916,66504,43.0034,484.468,481.369,0.0011024046,0.15114052437167508,0.009707330934820959,0.08042392765324802,0
STARLINK-34766,66505,43.002,483.326,482.533,0.00099261901,0.4261292844042904,0.025881905407846843,0.2260055949060686,0
STARLINK-34765,66506,42.9979,483.843,482.03,0.0011567017,0.34285014161008254,0.019606901735378778,0.18122852167273065,0
STARLINK-34767,66507,43.0031,484.099,482.098,0.00082676,0.10031120521824279,0.007156431378574553,0.05373381829840867,0
STARLINK-35608,66508,43.0006,483.915,481.979,0.0010640039,0.10028800464736885,0.007458818812007747,0.0538734117296883,0
STARLINK-35924,66516,42.9939,483.338,482.703,0.00070832,0.4316925064756867,0.025499987885284323,0.22859624718048552,0
STARLINK-35818,66540,42.9986,485.493,480.55,0.0013173,0.35791603406175837,0.023733835456545057,0.19082493475915172,0
STARLINK-35796,66541,43.0024,483.984,482.003,0.0013111,0.11314801430363597,0.00803831377223324,0.060593164037934605,0
STARLINK-35833,66542,42.998,486.385,479.765,0.0010379,0.4014147983165682,0.0316562039085375,0.21653550111255285,0
STARLINK-35315,66543,42.9985,483.36,482.54,0.0014471,0.13089450550576812,0.010830577182348148,0.07086254134405813,0
STARLINK-35728,66544,43.0002,484.221,481.663,0.00094506,0.12818269645059974,0.009515871955755699,0.06884928420317772,0
STARLINK-35937,66517,42.9997,484.152,481.889,0.0011013,0.08679227704700833,0.006882612381918507,0.04683744471446342,0
STARLINK-35962,66518,42.9974,483.381,482.445,0.00097048,0.1261997881827386,0.010177129493837945,0.06818845883828828,0
STARLINK-35931,66519,42.9998,483.668,482.377,0.00083594,0.07961405632171017,0.008219550896119726,0.04391680360891495,0
STARLINK-35952,66520,43.0048,484.435,481.499,0.0011254,0.16166950594173152,0.010229783450224095,0.08594964469597781,0
STARLINK-35915,66521,43.0052,484.379,481.533,0.0010321,0.12615986173806085,0.008418823397487568,0.0672893425677742,0
STARLINK-35946,66522,43.0036,484.592,481.355,0.00089422,0.12370163940157518,0.009820506078680196,0.06676107274012769,0
STARLINK-35969,66523,43.0039,484.533,481.387,0.0012358,0.1540988312205517,0.010175596174780107,0.08213721369766591,0
STARLINK-35687,66524,42.9989,484.444,481.369,0.001118,0.11036620360026396,0.008687575547783731,0.05952688957402384,0
STARLINK-35975,66525,43.0,483.865,482.067,0.0013067,0.0874515208424217,0.0067026524944897,0.047077086668455705,0
STARLINK-35932,66526,43.0013,484.164,482.009,0.00077098,0.08985185961141304,0.007608564729732975,0.04873021217057301,0
STARLINK-35935,66527,43.0061,483.613,482.376,0.0010413,0.17142600837306024,0.011529848848869761,0.091477928610965,0
STARLINK-35928,66528,42.9989,483.794,482.224,0.0011294899,0.11264037148593965,0.00888889873769216,0.06076463511181591,0
STARLINK-35933,66529,42.9971,483.333,482.773,0.0013837,0.21705725618476804,0.016165035985330884,0.11661114608504947,0
STARLINK-35961,66530,43.0067,484.828,481.064,0.00092334,0.2281258125406956,0.014793282451484518,0.12145954749609006,0
STARLINK-35960,66531,42.974,484.759,481.071,0.0016154431,0.5009631144783995,0.023194178169288246,0.26207864632384387,0
STARLINK-35914,66532,43.0032,483.659,482.386,0.0011024,0.11890585014620657,0.009520932803353751,0.06421339147478015,0
STARLINK-35707,66533,42.9987,484.363,481.608,0.00093752,0.19769435241416472,0.012767431578023052,0.10523089199609388,0
STARLINK-35976,66534,42.9966,483.699,482.228,0.0011431,0.3623240978133623,0.0213473667038578,0.19183573225861003,0
STARLINK-35514,66535,43.0011,484.143,481.854,0.00089321,0.08320996638883114,0.006872311367624071,0.04504113887822761,0
STARLINK-35640,66536,43.0031,483.841,482.113,0.0012147881,0.11497941223381648,0.008566183663904218,0.06177279794886035,0
STARLINK-35582,66537,43.0021,484.35,482.063,0.0017865,0.30873216821064287,0.014029091055617402,0.16138062963313013,0
STARLINK-35577,66538,42.9913,483.668,482.366,0.0008855,0.236372384978818,0.009080169026547168,0.12272627700268258,0
STARLINK-35697,66539,43.0005,484.246,482.062,0.0026317103,0.19587804844229384,0.01185011752074859,0.10386408298152122,0
STARLINK-35699,66557,43.0,483.905,482.068,0.00093860786,0.09657048481360894,0.007279684910939045,0.05192508486227399,0
STARLINK-35744,66581,43.0024,483.679,482.25,0.0007797,0.11950626000168202,0.00926702614639909,0.06438664307404056,0
STARLINK-35746,66582,43.0041,484.023,481.892,0.00092324657,0.10664055644437738,0.007231744029962722,0.05693615023717005,0
STARLINK-35941,66583,43.0022,483.636,482.427,0.0012293,0.3995690116961845,0.02370274846894616,0.21163588008256531,0
STARLINK-35939,66584,43.0036,484.102,481.885,0.00074227,0.10752063627972938,0.007575306650631623,0.0575479714651805,0
STARLINK-35963,66585,43.0016,483.911,481.972,0.0012455071,0.10935757421772573,0.0070616260125387995,0.058209600115132265,0
STARLINK-35695,66558,43.0021,483.804,482.077,0.00093345976,0.09633300277344906,0.007674225339391232,0.05200361405642014,0
STARLINK-35419,66559,42.9994,484.018,481.901,0.0013822351,0.1139009133256536,0.006931471423955724,0.06041619237480466,0
STARLINK-35411,66560,43.0007,484.735,481.181,0.00098980255,0.2183572893837475,0.014158741778772594,0.11625801558126005,0
STARLINK-35305,66561,43.002,484.204,481.666,0.0010714007,0.11852854731114161,0.00796942437334125,0.06324898584224142,0
STARLINK-35579,66562,42.9992,483.771,482.184,0.00067340642,0.10256988418799437,0.00814442711517178,0.05535715565158308,0
STARLINK-35437,66563,43.0026,483.932,481.914,0.001045986,0.10719721049354071,0.007615628244458867,0.05740641936899979,0
STARLINK-35358,66564,43.0032,484.145,482.101,0.00021048607,0.10250449745010391,0.007564797232841355,0.055034647341472634,0
STARLINK-35893,66565,43.0037,484.034,481.848,0.00098340999,0.10814954049477402,0.007184147696371932,0.057666844095572975,0
STARLINK-35871,66566,43.0038,483.974,481.944,0.00099603027,0.11687512116527324,0.007873659059916157,0.0623743901125947,0
STARLINK-35825,66567,43.004,484.33,481.861,0.00063767,0.11420977200481108,0.007615825111734258,0.06091279855827267,0
STARLINK-35803,66568,43.0045,484.429,481.432,0.0007992073,0.17571088520478287,0.011134894525473305,0.09342288986512809,0
STARLINK-35835,66569,43.0027,483.542,482.324,0.0012331297,0.16246795814103157,0.011116360577476489,0.08679215935925402,0
STARLINK-35834,66570,43.0033,483.626,482.255,0.0011714392,0.11712909687775266,0.008524141284388801,0.06282661908107073,0
STARLINK-35836,66571,43.0027,483.854,482.022,0.00086615399,0.10096666135410635,0.007606283120438065,0.05428647223727221,0
STARLINK-35870,66572,43.0032,484.1,481.976,0.00083201,0.11075610569326327,0.007710344666150414,0.05923322517970685,0
STARLINK-35650,66573,43.0065,484.35,481.949,0.00081550591,0.13636667573776726,0.007417322185280248,0.07189199896152375,0
STARLINK-35812,66574,43.0012,483.842,482.218,0.0007446,0.09798713231242638,0.008570780966671344,0.05327895663954886,0
STARLINK-35810,66575,42.9943,483.84,482.162,0.0013059,0.4184182142249958,0.01945309902141967,0.21893565662320774,0
STARLINK-35814,66576,42.9988,483.634,482.374,0.0011847,0.11973088512989839,0.008985963057422233,0.06435842409366031,0
STARLINK-35815,66577,42.9997,483.954,482.027,0.00053188385,0.09560846201279108,0.007795530345896309,0.05170199617934369,0
STARLINK-35743,66578,43.001,483.872,481.951,0.00082381422,0.10468663931460447,0.008282170052965726,0.05648440468378509,0
STARLINK-35868,66579,43.0023,483.799,482.087,0.00098081752,0.09979965047899295,0.007566554733310344,0.053683102606151646,0
STARLINK-35872,66580,43.0026,484.034,481.653,0.0013881443,0.11612780549934557,0.007107133837109582,0.06161746966822757,0
STARLINK-36076,66588,43.0018,484.015,481.917,0.00079178,0.09665416997534561,0.007719913311932257,0.05218704164363893,0
STARLINK-36039,66612,43.0131,483.952,481.935,0.0013229707,0.3538406523103545,0.021572880390176467,0.18770676635026548,0
STARLINK-36037,66613,43.0075,484.399,481.457,0.00090992,0.2611872570852296,0.01390472253982281,0.13754598981252622,0
STARLINK-36040,66614,43.0051,484.169,481.792,0.00094598463,0.11665147781936545,0.007191909798651047,0.06192169380900825,0
STARLINK-35988,66615,43.0033,483.761,482.145,0.00089862,0.09290060102180397,0.007600209338560644,0.05025040518018231,0
STARLINK-35391,66616,43.0003,483.924,482.018,0.00096457603,0.3068750436274659,0.021734241375869844,0.16430464250166787,0
STARLINK-35447,66589,43.0044,483.856,482.079,0.0012386,0.09896819543297303,0.006768605618173598,0.05286840052557331,0
STARLINK-35429,66590,43.0045,484.338,481.529,0.0013318,0.13594320924633543,0.008512587610612889,0.07222789842847416,0
STARLINK-36058,66591,43.0092,484.749,481.273,0.0012152,0.28135191112566205,0.014477695605553648,0.14791480336560786,0
STARLINK-36066,66592,43.0043,484.254,481.672,0.00098131747,0.12040546134991263,0.0077943757004886784,0.06409991852520065,0
STARLINK-36031,66593,43.002,483.559,482.283,0.0013385,0.12235017989640187,0.009296408392135205,0.06582329414426855,0
STARLINK-36032,66594,43.0032,483.99,481.927,0.0010952322,0.30020167898682304,0.021053476668106332,0.16062757782746467,0
STARLINK-35711,66595,43.0022,483.771,482.076,0.0013533,0.11341695759694675,0.007950080391905832,0.0606835189944263,0
STARLINK-35811,66596,43.0018,483.653,482.195,0.0015392111,0.15016877844156037,0.01102114913121558,0.08059496378638797,0
STARLINK-35820,66597,42.9992,483.872,482.091,0.00095312,0.30839154948940395,0.021835616684157184,0.16511358308678056,0
STARLINK-35981,66598,42.9992,483.944,482.01,0.0010530009,0.08779510807223954,0.006625671775321615,0.04721038992378058,0
STARLINK-35930,66599,43.0058,484.082,481.706,0.0010794,0.15444603847909613,0.008579860102928437,0.08151294929101228,0
STARLINK-35980,66600,43.0046,483.993,481.957,0.00074935,0.11134405025738578,0.008069932534595876,0.059706991395990824,0
STARLINK-35978,66601,43.004,483.895,482.077,0.0010505,0.09379873841852392,0.00715557665344726,0.05047715753598559,0
STARLINK-36050,66602,43.0034,483.746,482.259,0.00049309,0.10000349314461963,0.008387140790482018,0.054195316967550825,0
STARLINK-36048,66603,43.0002,483.737,482.199,0.0014112,0.09650396451842427,0.007352373672889558,0.051928169095656916,0
STARLINK-35977,66604,43.0016,483.79,482.332,0.0010237,0.1029491736693134,0.00851861800880658,0.055733895839059994,0
STARLINK-36052,66605,43.0046,484.058,481.83,0.0010089,0.10091056716321599,0.006711439281617683,0.05381100322241684,0
STARLINK-36063,66606,43.0033,483.777,482.167,0.00087193,0.0876093536750561,0.007417980558138118,0.04751366711659711,0
STARLINK-35993,66607,43.0033,483.748,482.18,0.0011755,0.1216647410069778,0.009606234992113123,0.06563548799954547,0
STARLINK-36036,66608,43.0002,483.656,482.321,0.00081643,0.11274760934596562,0.010104106349535073,0.06142585784775034,0
STARLINK-36034,66609,43.0032,483.795,482.121,0.0011572185,0.09540422382171276,0.007281858742295013,0.05134304128200389,0
STARLINK-35680,66610,42.9975,483.917,482.03,0.0010597,0.3296151338177508,0.02000249862935626,0.17480881622355354,0
STARLINK-35583,66611,43.0046,483.969,481.899,0.0011894,0.107701470772761,0.00709838997686324,0.05739993037481212,0
STARLINK-35940,66617,53.1583,476.027,474.436,0.00086823,0.103359838423621,0.00805634487650746,0.055708091650064226,0
STARLINK-35923,66641,53.1578,475.791,474.626,0.00084711,0.05195897696374929,0.005177542825398295,0.028568259894573796,0
STARLINK-35926,66642,53.1579,476.265,474.152,0.0008558,0.033236700900398077,0.001498048193172944,0.01736737454678551,0
STARLINK-35918,66643,53.1588,475.784,474.322,0.001652646,0.1343969132462456,0.007671753920991265,0.07103433358361842,0
STARLINK-35938,66644,53.1581,475.986,474.474,0.00083401,0.020845489829749507,0.0026743505278465016,0.011759920178798004,0
STARLINK-35970,66618,53.1593,476.006,474.368,0.00073119,0.005543943237565792,0.0015804586617460753,0.0035622009496559335,0
STARLINK-35951,66619,53.158,475.971,474.47,0.00065555,0.023645500852460935,0.003356990148260764,0.01350124550036085,0
STARLINK-35936,66620,53.1582,476.281,474.184,0.0018796,0.08468624618458051,0.0016363823744956559,0.043161314279538086,0
STARLINK-35847,66621,53.1578,476.075,474.37,0.00071765,0.009552038589229535,0.0010586974517917765,0.005305368020510656,0
STARLINK-35950,66622,53.1581,476.069,474.414,0.00061256,0.029522504986355554,0.003580067459122927,0.016551286222739242,0
STARLINK-35920,66623,53.1597,475.738,474.705,0.00078266,0.08756652416319581,0.00893028090965375,0.04824840253642478,0
STARLINK-35927,66624,53.1589,476.049,474.391,0.00065335,0.008651784922914647,0.0021378012055917536,0.0053947930642532,0
STARLINK-35929,66625,53.1584,476.017,474.479,0.00088922,0.00992380248183219,0.0018818873120540036,0.005902844896943096,0
STARLINK-35902,66626,53.1577,475.843,474.586,0.00032316,0.01808777935367555,0.0034969812803399805,0.010792380317007765,0
STARLINK-35904,66627,53.1581,475.953,474.352,0.0010372,0.021919129168530456,0.001389725622430932,0.011654427395480694,0
STARLINK-35862,66628,53.1592,476.137,474.326,0.00092162,0.04433622877281267,0.0036129010273493853,0.02397456490008103,0
STARLINK-35949,66630,53.1599,475.616,474.404,0.0017987282,0.08915222016739567,0.004246479405246965,0.046699349786321315,0
STARLINK-35965,66631,53.1595,476.202,474.047,0.00087008254,0.06396815010475608,0.0038959514186147313,0.03393205076168541,0
STARLINK-35973,66632,53.1605,475.944,474.514,0.00060052,0.14252060086502238,0.011311132209652986,0.07691586653733769,0
STARLINK-35948,66633,53.1598,476.173,474.228,0.00081239,0.024326006392607406,0.0018682672331310054,0.013097136812869205,0
STARLINK-35967,66634,53.16,476.158,474.266,0.0004273,0.04014920124946719,0.004155183067989327,0.02215219215872826,0
STARLINK-35955,66635,53.1574,476.27,473.794,0.0015634169,0.20194526386759143,0.00908597891562102,0.10551562139160622,0
STARLINK-35968,66636,53.1579,476.035,474.462,0.000262,0.0,0.0017492694195847972,0.0008746347097923986,0
STARLINK-35953,66637,53.158,475.989,474.013,0.0017655647,0.08689584589629068,0.0025442634381385052,0.04472005466721459,0
STARLINK-35972,66638,53.158,476.054,474.488,0.00078833,0.038596741175230063,0.004371479720989086,0.021484110448109574,0
STARLINK-35908,66639,53.1582,475.954,474.434,0.00069753,0.107595542871698,0.009144294947148985,0.05836991890942349,0
STARLINK-35921,66640,53.1582,475.924,474.437,0.00082953,0.024174614138605496,0.0027500071587035864,0.013462310648654541,0
STARLINK-35867,66791,43.0032,484.408,481.503,0.00078833,0.11174503852073936,0.007860535996758906,0.05980278725874913,0
STARLINK-35985,66815,42.9993,484.033,481.947,0.0008411923,0.30580530340523,0.021475685791231065,0.16364049459823052,0
STARLINK-36098,66816,42.9991,483.463,482.5,0.00098522627,0.158052086817209,0.012254024925005517,0.08515305587110726,0
STARLINK-35995,66817,43.004,484.95,481.014,0.00097819891,0.26909117578456193,0.016691115052751282,0.1428911454186566,0
STARLINK-35994,66818,43.0031,483.531,482.385,0.0011043909,0.20715941660655138,0.014625582593876757,0.11089249960021406,0
STARLINK-35989,66819,43.0003,483.505,482.479,0.00078828503,0.09572111154309618,0.009569145689427055,0.05264512861626162,0
STARLINK-35990,66792,43.0005,483.541,482.449,0.00090934,0.17661113217071933,0.012889966094157707,0.09475054913243852,0
STARLINK-36051,66793,43.0037,484.629,481.268,0.0010951,0.17995038545887443,0.010995126072276068,0.09547275576557525,0
STARLINK-36062,66794,43.0012,483.694,482.275,0.00085076,0.1011920173073273,0.008499897136458812,0.05484595722189305,0
STARLINK-36047,66795,43.0,483.927,482.108,0.0011682,0.07811836185603441,0.006191587694757845,0.04215497477539613,0
STARLINK-35964,66796,42.9986,483.534,482.393,0.0010229297,0.337408820145582,0.022878642332450214,0.1801437312390161,0
STARLINK-36099,66797,43.002,483.826,482.249,0.00096668,0.2317738225881418,0.016611765453742114,0.12419279402094197,0
STARLINK-36041,66798,42.9994,483.88,482.071,0.0012295715,0.11736960879990038,0.008787575163864313,0.06307859198188234,0
STARLINK-36044,66799,43.007,484.522,481.388,0.00077457,0.15302111282302847,0.009308806138077835,0.08116495948055315,0
STARLINK-35996,66800,43.0003,483.83,482.1,0.0009129,0.1057068771173145,0.007651206800891353,0.05667904195910292,0
STARLINK-36080,66801,43.002,484.183,481.711,0.0010809,0.09769132929277806,0.007062171967389002,0.052376750630083534,0
STARLINK-35604,66802,43.0005,483.99,481.909,0.0013873067,0.09946443582001444,0.006590583765089775,0.05302750979255211,0
STARLINK-35565,66803,43.0008,484.374,481.696,0.00093382,0.15109840143808176,0.010333706154618556,0.08071605379635016,0
STARLINK-36038,66804,43.0034,483.636,482.31,0.0011319,0.10298801822185592,0.007778439006110203,0.055383228613983065,0
STARLINK-36049,66805,42.9985,484.328,481.659,0.0013280701,0.20724038705261133,0.012835286705037653,0.11003783687882449,0
STARLINK-36069,66806,42.9981,483.553,482.34,0.0012385245,0.12568169384821998,0.008738236894507149,0.06720996537136356,0
STARLINK-36000,66807,43.0079,484.531,481.372,0.00082808,0.19160504283241397,0.010883434922118851,0.10124423887726641,0
STARLINK-36071,66808,43.0006,483.878,482.163,0.00078544,0.07136124966456237,0.006543094347905751,0.038952172006234055,0
STARLINK-35979,66809,42.9986,484.501,481.656,0.00087344,0.14028804082333993,0.009374360235908567,0.07483120052962425,0
STARLINK-36046,66810,43.0012,484.026,481.885,0.0012401,0.09895119455991828,0.00739628390523894,0.053173739232578614,0
STARLINK-36045,66811,43.0054,484.692,481.195,0.001048,0.24125826048590385,0.014085894906782026,0.12767207769634292,0
STARLINK-36054,66812,43.0042,484.136,481.735,0.00084285,0.09845481187889564,0.006893740525673167,0.052674276202284404,0
STARLINK-36042,66813,43.0028,484.295,481.612,0.0012887,0.10458727154422753,0.006903010406331399,0.05574514097527947,0
STARLINK-35984,66814,43.0007,483.945,482.237,0.00082837,0.07319174190697904,0.006555114913647974,0.03987342841031351,0
STARLINK-35966,66821,70.0019,573.935,570.119,0.0004683321,0.29534538754315287,0.020510006542801513,0.15792769704297718,0
STARLINK-36068,66845,70.0016,574.129,569.931,0.00037109,0.3103156095779349,0.02221205098345943,0.16626383028069716,0
STARLINK-36055,66846,70.0025,573.055,571.003,0.00029437,0.2970837970595529,0.016100475658408258,0.1565921363589806,0
STARLINK-36061,66847,70.0043,572.919,571.116,9.8383e-05,0.3963846720506662,0.019140302346568133,0.20776248719861717,0
STARLINK-35958,66822,70.0018,573.962,570.044,0.00083444675,0.32793549506589226,0.02111333238572273,0.1745244137258075,0
STARLINK-35957,66823,70.0024,573.719,570.317,0.00067352217,0.3112961428479425,0.018930925176916115,0.1651135340124293,0
STARLINK-35896,66824,70.0021,573.936,570.088,0.00060740679,0.3168292243220578,0.020881198679884534,0.16885521150097116,0
STARLINK-35476,66825,70.0026,573.749,570.293,0.00058733257,0.3042064495008405,0.01906941949865465,0.1616379344997476,0
STARLINK-35898,66826,70.0029,573.664,570.412,-0.00057222373,0.37138958073899214,0.018502422237465278,0.19494600148822872,0
STARLINK-35959,66827,70.0016,573.914,570.074,0.00087277138,0.32152239038943486,0.02082655479495442,0.17117447259219465,0
STARLINK-35982,66828,70.0029,573.563,570.465,0.0011281491,0.3455586260668366,0.018503319967969764,0.1820309730174032,0
STARLINK-36084,66829,70.0027,573.947,570.109,0.00047904057,0.3029018831356173,0.02060986681110398,0.16175587497336064,0
STARLINK-35881,66830,70.002,573.237,570.91,-0.00043121841,0.32647752204564884,0.015835338445108503,0.17115643024537866,0
STARLINK-35788,66831,70.0021,573.859,570.165,0.00077596317,0.3204579329168545,0.02021280369019302,0.17033536830352375,0
STARLINK-35768,66832,70.0027,573.673,570.407,0.0002367,0.3897607011014464,0.02061397997006822,0.2051873405357573,0
STARLINK-35858,66833,70.0022,573.808,570.21,0.0014262637,0.33710826003737787,0.02014233557416204,0.17862529780576997,0
STARLINK-35840,66834,70.0029,573.559,570.501,0.00038227,0.30073580823593793,0.017656642468493394,0.15919622535221567,0
STARLINK-35890,66835,70.0021,574.023,570.007,0.00055126823,0.31237123412337575,0.02145886918324458,0.16691505165331016,0
STARLINK-35838,66836,70.0021,573.848,570.194,0.00055028011,0.2993580025379844,0.0198703007673023,0.15961415165264334,0
STARLINK-35729,66837,70.0022,574.059,569.848,0.00084601028,0.35935638727432134,0.022767880623590742,0.19106213394895605,0
STARLINK-35886,66838,70.0025,573.971,570.085,0.00037239,0.3067184680112986,0.020762354037462877,0.16374041102438075,0
STARLINK-35717,66839,70.0026,573.915,570.118,0.00057369015,0.3105931006538725,0.02051995142985033,0.16555652604186144,0
STARLINK-35837,66840,70.0024,573.958,570.082,0.00046426558,0.3122830091101967,0.020800555825517892,0.16654178246785728,0
STARLINK-35715,66841,70.0024,573.732,570.313,0.00042265,0.3020355562504275,0.018938417225537962,0.16048698673798273,0
STARLINK-35769,66842,70.0025,573.976,569.931,0.00097698932,0.3496321861956448,0.021992408572156598,0.1858122973839007,0
STARLINK-35997,66843,70.0026,573.76,570.278,0.00064154486,0.3090972270428174,0.019195867151965803,0.1641465470973916,0
STARLINK-36073,66844,70.0022,573.513,570.524,0.00050206991,0.32357896434294064,0.017929084622093118,0.1707540244825169,0
STARLINK-36091,66848,43.0019,483.958,481.876,0.0014443725,0.10978079228871061,0.006903841159253917,0.05834231672398227,0
STARLINK-36082,66872,43.004,483.795,482.133,0.00092274962,0.11743212928228776,0.00894470451244057,0.06318841689736417,0
STARLINK-36128,66873,43.002,483.86,482.057,0.00091355536,0.09225884570842041,0.007483980909888281,0.049871413309154344,0
STARLINK-36129,66874,43.0021,483.615,482.342,0.00058612524,0.19582140873294046,0.013396921439250942,0.1046091650860957,0
STARLINK-36053,66875,43.0033,483.945,481.965,0.00092205174,0.09934516582803109,0.007593928947888382,0.05346954738795973,0
STARLINK-35702,66876,42.9978,483.369,482.626,0.00097675,0.4685412441998492,0.02568217736328967,0.24711171078156943,0
STARLINK-36102,66849,43.0041,483.835,482.157,0.0011076,0.12962797043567675,0.00914803772917388,0.06938800408242532,0
STARLINK-36105,66850,43.0079,485.636,480.229,0.0012229123,0.3711843943122287,0.025196055510548432,0.19819022491138857,0
STARLINK-36094,66851,43.0022,483.932,481.976,0.0013802056,0.1022297655288315,0.006954361554602103,0.054592063541716807,0
STARLINK-35992,66852,43.0018,484.016,481.874,0.0013439254,0.10330461125912975,0.006916104501335024,0.055110357880232386,0
STARLINK-35986,66853,43.0018,483.536,482.478,0.00053078,0.10954844957811555,0.010228295929017455,0.0598883727535665,0
STARLINK-36087,66854,43.0036,484.023,481.854,0.0011137629,0.10311281863451884,0.0071300133669887225,0.05512141600075378,0
STARLINK-36090,66855,43.0006,484.018,481.805,0.0014697648,0.10328455110011693,0.006935585613059406,0.05511006835658817,0
STARLINK-36072,66856,43.0014,483.619,482.27,0.00098440567,0.10228105750666704,0.008825025090552083,0.05555304129860956,0
STARLINK-36083,66857,43.004,484.284,481.608,0.00095900954,0.14436459144397915,0.00894870718874479,0.07665664931636197,0
STARLINK-35118,66858,43.0029,484.049,481.847,0.0012632,0.1059574256550573,0.006929781703457955,0.056443603679257624,0
STARLINK-35646,66859,43.003,484.011,481.851,0.0012775569,0.10517807799866606,0.006925288150920674,0.05605168307479337,0
STARLINK-35987,66860,43.0012,483.847,482.063,0.00073378097,0.08561220047057612,0.007409891561744481,0.0465110460161603,0
STARLINK-35991,66861,42.9959,483.451,482.417,0.0010200324,0.4606151436477049,0.024745249785284855,0.24268019671649488,0
STARLINK-35974,66862,42.9999,483.327,482.518,0.00091945163,0.3272104798097828,0.02078239412233421,0.17399643696605852,0
STARLINK-36134,66863,42.9988,483.658,482.294,0.00077217,0.11694014622717637,0.009701359431378615,0.06332075282927749,0
STARLINK-36070,66864,43.0037,484.044,481.836,0.0009459911,0.10618135346819571,0.007202018359175309,0.05669168591368551,0
STARLINK-36117,66865,43.0069,483.924,481.958,0.0010408824,0.12470376611359778,0.007442046374100392,0.06607290624384908,0
STARLINK-36126,66866,43.001,484.452,481.424,0.00062708041,0.13640660686381775,0.009398566923685302,0.07290258689375152,0
STARLINK-36101,66867,43.0001,484.109,481.762,0.0011308246,0.12463521764104321,0.007979960407619703,0.06630758902433145,0
STARLINK-36108,66868,43.0038,484.104,482.065,0.001045821,0.11668693664754277,0.007362692217469379,0.06202481443250608,0
STARLINK-36092,66869,43.0028,484.296,481.679,0.0011172587,0.11465098946313873,0.007757025309472271,0.0612040073863055,0
STARLINK-36114,66870,43.0043,484.067,482.006,0.00089993,0.09798294554869068,0.007176775094581734,0.0525798603216362,0
STARLINK-36095,66871,43.0054,483.706,482.361,0.001158,0.40462279739507395,0.024161564244266773,0.21439218081967037,0
STARLINK-35866,66878,53.1622,475.993,474.428,0.0011748,0.12910333079411002,0.006680466607159522,0.06789189870063476,0
STARLINK-35983,66902,53.1628,475.973,474.4,0.0013918,0.08904766454514557,0.0029892993674294783,0.04601848195628752,0
STARLINK-36077,66903,53.1622,475.836,474.409,0.0011128,0.16729723947685926,0.00944608566124272,0.08837166256905099,0
STARLINK-36059,66904,53.1629,476.106,474.347,0.00053524576,0.04315112376028958,0.002523616801551468,0.022837370280920526,0
STARLINK-36075,66905,53.161,476.014,474.249,0.0010365316,0.2825470740399784,0.01632822412216305,0.14943764908107074,0
STARLINK-35749,66879,53.1626,475.752,474.65,0.00079716652,0.20114577095086972,0.012576901919319138,0.10686133643509443,0
STARLINK-35844,66880,53.1623,476.014,474.425,0.0010519,0.07402209206247574,0.004033378425512852,0.0390277352439943,0
STARLINK-35860,66881,53.1621,475.844,474.556,0.0011521,0.3019494792156017,0.01679052395535964,0.15937000158548068,0
STARLINK-35912,66882,53.16,475.979,474.464,0.0011415,0.08153237222243784,0.0039127374944652816,0.04272255485845156,0
STARLINK-35947,66883,53.1603,475.968,474.417,0.00080311,0.05371088843106439,0.0031847689744152075,0.0284478287027398,0
STARLINK-36057,66884,53.1601,476.003,474.439,0.0014323,0.10020686251051074,0.004009015798989218,0.052107939154749976,0
STARLINK-35954,66885,53.1602,476.024,474.343,0.00089343,0.06886227477614092,0.003889503198158111,0.03637588898714952,0
STARLINK-35900,66886,53.1617,475.889,474.533,0.001279,0.11245101222353547,0.005565686709469292,0.05900834946650238,0
STARLINK-35925,66887,53.1617,476.467,473.804,0.0011881968,0.2981016853004686,0.014984331606577984,0.15654300845352329,0
STARLINK-35919,66888,53.1619,476.071,474.315,0.0011853,0.10444527549926198,0.004650249683815349,0.054547762591538665,0
STARLINK-35852,66889,53.1619,476.02,474.364,0.001065712,0.0750482944683218,0.003598079458391051,0.039323186963356425,0
STARLINK-35885,66890,53.1617,475.843,474.357,0.0010831,0.09706381101959619,0.005162739569221248,0.05111327529440872,0
STARLINK-35855,66891,53.1624,475.954,474.402,0.00093445889,0.0889535041573576,0.00520792500348767,0.047080714580422636,0
STARLINK-35883,66892,53.1622,476.149,474.482,0.00081447,0.1357060666914748,0.008121695285630896,0.07191388098855285,0
STARLINK-36033,66893,53.1602,475.948,474.5,0.0016062,0.09984715831270509,0.003538983452886032,0.05169307088279556,0
STARLINK-35718,66894,53.1643,476.169,474.175,0.00098356095,0.351204703400048,0.02004241182956791,0.18562355761480795,0
STARLINK-35971,66895,53.1594,475.946,474.595,0.00092770826,0.06925407091585371,0.004109053656707892,0.036681562286280806,0
STARLINK-35791,66896,53.1615,476.079,474.444,0.0010381738,0.14006068322325124,0.007968515344973793,0.07401459928411251,0
STARLINK-36079,66897,53.1598,475.979,474.478,0.0016630873,0.10284548537851505,0.0033388830427203576,0.053092184210617704,0
STARLINK-36065,66898,53.1609,476.003,474.316,0.0010637686,0.17141875203664914,0.00927465037074789,0.09034670120369852,0
STARLINK-36064,66899,53.1614,475.94,474.52,0.0010383,0.08508320828867821,0.004426932522843691,0.044755070405760954,0
STARLINK-36074,66900,53.1616,475.999,474.461,0.0010006372,0.05955609053501919,0.003263196831309005,0.031409643683164096,0
STARLINK-36043,66901,53.1621,476.332,473.846,0.0012296716,0.24657764921348643,0.011700622068453433,0.12913913564096993,0
STARLINK-35945,66925,53.162,475.949,474.48,0.00061704271,0.07768846854601541,0.004845323015281791,0.0412668957806486,0
STARLINK-36096,66949,53.1597,476.109,474.179,0.0012506,0.2677802498355558,0.013638645982319168,0.1407094479089375,0
STARLINK-36111,66950,53.1604,475.756,474.501,0.0010530405,0.12664623458464555,0.006881010217743138,0.06676362240119435,0
STARLINK-35999,66951,53.1625,476.072,474.347,0.0011706,0.08659946239461218,0.0030367055133463244,0.04481808395397925,0
STARLINK-36122,66952,53.1588,476.022,474.486,0.0012041128,0.12963788571689505,0.006516222504507746,0.0680770541107014,0
STARLINK-35942,66926,53.1609,475.68,474.478,0.0016795066,0.21685207133425902,0.010392084069653208,0.1136220777019561,0
STARLINK-35943,66927,53.161,476.154,474.371,0.00079279,0.08813317592177883,0.0044101812797953934,0.04627167860078711,0
STARLINK-35944,66928,53.1608,476.18,474.83,0.0014078065,0.12985385444641678,0.0054044242488980685,0.06762913934765742,0
STARLINK-36169,66929,53.1583,476.095,474.336,0.00026178093,0.05783263704798272,0.003003943741341363,0.030418290394662043,0
STARLINK-36206,66930,53.1596,476.202,474.565,0.0011818221,0.09199860548498065,0.0031172990900875074,0.04755795228753408,0
STARLINK-36130,66931,53.1609,475.871,474.462,0.0013719005,0.1221092063383003,0.004814342859665067,0.06346177459898268,0
STARLINK-36177,66932,53.1596,475.938,474.644,0.00063518743,0.08802987790679885,0.005599447218684505,0.04681466256274168,0
STARLINK-36157,66933,53.1614,475.826,474.51,0.00083718629,0.4116368788944963,0.022727219594051364,0.21718204924427384,0
STARLINK-36153,66934,53.1592,475.514,474.866,0.0011061328,0.14309671172750227,0.009630414002486126,0.0763635628649942,0
STARLINK-36127,66935,53.1628,476.112,474.416,0.0016408487,0.1558972830072501,0.006226455614164778,0.08106186931070743,0
STARLINK-36160,66936,53.1617,475.968,474.424,-9.0024862e-05,0.07419498353177102,0.004667155218320165,0.03943106937504559,0
STARLINK-36165,66937,53.1587,475.881,474.705,0.001134453,0.16441209295313836,0.009350202898306815,0.08688114792572259,0
STARLINK-36155,66938,53.162,476.272,474.509,4.821286e-06,0.12530711268466224,0.008075213003897155,0.0666911628442797,0
STARLINK-36154,66939,53.1621,476.142,474.27,0.00074953,0.07810598188783088,0.0037449173788262043,0.040925449633328545,0
STARLINK-36121,66940,53.1622,475.835,474.541,0.00086941,0.0940241265465891,0.004803444010941887,0.0494137852787655,0
STARLINK-36088,66941,53.1622,476.156,474.288,0.00096326589,0.25257611297358107,0.01411051445137276,0.1333433137124769,0
STARLINK-36100,66942,53.16,475.554,474.574,0.0009877532,0.14837976972786207,0.008436711473842238,0.07840824060085215,0
STARLINK-36109,66943,53.1588,476.056,474.367,0.0010053,0.08018983120866793,0.0032845654920105375,0.04173719835033923,0
STARLINK-36112,66944,53.1617,475.908,474.521,0.00063494908,0.10851551322580609,0.007023873490886849,0.05776969335834647,0
STARLINK-36110,66945,53.1608,476.016,474.105,0.0011745482,0.10125269734159445,0.0036102215281883588,0.05243145943489141,0
STARLINK-36115,66946,53.1622,476.22,474.025,0.00079041,0.1289151648769199,0.0060082597819881844,0.06746171232945404,0
STARLINK-36089,66947,53.1594,475.99,474.574,0.0010454542,0.0858669177279085,0.0043239626120279125,0.04509544016996821,0
STARLINK-36116,66948,53.1622,476.129,474.058,0.0016916971,0.13507773894747982,0.0023310755330304424,0.06870440724025513,0
STARLINK-35887,66959,43.003,484.118,481.737,0.0011575,0.12360296003459176,0.007523784350834519,0.06556337219271313,0
STARLINK-36145,66983,43.0033,484.1,481.83,0.0013018835,0.12509398089506926,0.007008638467913074,0.06605130968149117,0
STARLINK-35591,66984,43.0017,484.155,481.752,0.0010517329,0.12522809689255374,0.00790625083862475,0.06656717386558925,0
STARLINK-36103,66985,43.0023,483.816,482.243,-0.00082563,0.33115718157012985,0.01774674203426877,0.17445196180219932,0
STARLINK-36135,66986,43.0045,483.992,481.972,0.00082294,0.11241122604836071,0.007307529356986922,0.05985937770267381,0
STARLINK-36147,66987,43.0031,484.671,481.239,0.00094423,0.2084282052473902,0.013003425328064824,0.1107158152877275,0
STARLINK-35879,66960,43.0044,484.245,481.594,0.0015296,0.14193631297629938,0.0077314348291217085,0.07483387390271054,0
STARLINK-35761,66961,42.9994,483.267,482.714,0.00086736,0.1914790881027121,0.014307717148117904,0.102893402625415,0
STARLINK-35874,66962,43.0024,483.948,481.96,0.0011278175,0.12379644135007753,0.007967562161450906,0.06588200175576422,0
STARLINK-36133,66963,43.0043,484.11,481.83,0.00096989,0.12131015314156236,0.007156768397844092,0.06423346076970322,0
STARLINK-36104,66964,43.0024,484.135,481.775,0.0010351906,0.13758833596351394,0.008551211767330848,0.07306977386542239,0
STARLINK-36067,66965,43.0017,483.954,481.935,0.0016039,0.11513591161398504,0.0069625141954863645,0.0610492129047357,0
STARLINK-36139,66966,43.0049,484.122,481.917,0.00094643,0.16631407550819755,0.009250822811675644,0.08778244915993659,0
STARLINK-36136,66967,43.0039,484.06,481.909,0.0010129,0.1246212142042579,0.007657816223208712,0.0661395152137333,0
STARLINK-36152,66968,43.0053,484.599,481.293,0.001577256,0.21239490152340645,0.010990848699796956,0.11169287511160171,0
STARLINK-36149,66969,42.999,483.716,482.247,0.0005336979,0.1302154866209942,0.009528706875472996,0.0698720967482336,0
STARLINK-35703,66970,43.0015,484.362,481.45,0.0015523,0.19397453966779557,0.011299671671301886,0.10263710566954873,0
STARLINK-35678,66971,43.0039,484.034,481.847,0.00079136,0.11508256088772072,0.007415762034737114,0.06124916146122891,0
STARLINK-34846,66972,43.0051,484.07,481.816,0.0012591,0.13592355406435708,0.007284821700147148,0.07160418788225212,0
STARLINK-35778,66973,42.9997,483.859,482.047,0.00095527,0.10598828821699889,0.007362227442490636,0.056675257829744766,0
STARLINK-35780,66974,42.999,483.2,482.784,0.00088514,0.20891820522934032,0.015830982429293303,0.1123745938293168,0
STARLINK-35777,66975,42.9999,483.93,481.989,0.00098865051,0.11321666768337114,0.007613734488327271,0.060415201085849204,0
STARLINK-35772,66976,43.0032,481.779,479.126,0.00098732,0.12862605862992313,0.007964622332147156,0.06829534048103514,0
STARLINK-35770,66977,43.0031,484.119,481.801,0.0011643334,0.11863421817775584,0.007282397277127693,0.06295830772744176,0
STARLINK-35787,66978,43.001,483.988,481.915,0.0013660698,0.12673431677276847,0.007935361123800761,0.06733483894828461,0
STARLINK-36107,66979,43.0011,484.037,481.895,0.001021331,0.11135270261195912,0.007599125693752836,0.059475914152855976,0
STARLINK-36086,66980,43.002,484.163,481.774,0.00097506868,0.13760488504272778,0.00867778065265344,0.0731413328476906,0
STARLINK-36142,66981,43.0039,483.999,481.909,0.00095894,0.12162395581944216,0.007734232236345712,0.06467909402789393,0
STARLINK-36113,66982,43.0003,484.067,481.906,0.00050898,0.419499251335962,0.02012466742451195,0.21981195938023698,0
STARLINK-35660,67003,70.0005,574.427,569.658,0.00017525,0.3352981566679894,0.02463862819496818,0.1799683924314788,0
STARLINK-36171,67027,70.0004,574.679,569.354,0.00014012,0.3663430873009191,0.027621065835893334,0.19698207656840622,0
STARLINK-36132,67028,70.0001,574.792,569.218,0.00067024,0.39231007635795256,0.02919303813320563,0.2107515572455791,0
STARLINK-36190,67029,70.0018,574.601,569.708,-0.00042935,0.4905085802444673,0.027434476665496397,0.25897152845498184,0
STARLINK-35913,67004,70.0006,574.647,569.412,0.00041252,0.3625905216410971,0.027242733479665084,0.1949166275603811,0
STARLINK-36148,67005,70.0002,574.186,569.871,-0.00091593,0.34568834611029614,0.020955960092768483,0.18332215310153233,0
STARLINK-36156,67006,70.0001,574.865,569.178,0.00027703,0.39164799109776316,0.02960951894224206,0.2106287550200026,0
STARLINK-36123,67007,70.0067,573.534,570.838,-0.002858,0.4398730560881139,0.017129222859963367,0.22850113947403863,0
STARLINK-36163,67008,70.0015,574.635,569.436,0.00039507,0.3798418553160649,0.027198678571620834,0.20352026694384287,0
STARLINK-36118,67009,70.0021,574.777,569.297,-0.00043011,0.40863032897331575,0.027833963321084912,0.21823214614720032,0
STARLINK-36189,67010,70.0014,574.15,569.929,0.0004045,0.3103585756854489,0.021946751633260243,0.16615266365935458,0
STARLINK-36167,67011,70.0005,574.53,569.543,0.00025038,0.34640295340990096,0.025849662880742745,0.18612630814532186,0
STARLINK-36175,67012,69.9999,574.213,569.831,0.00040047,0.31548104283103007,0.022716677118463133,0.1690988599747466,0
STARLINK-35856,67013,70.0001,574.501,569.537,0.00040795,0.35334878772811495,0.025775245957186266,0.18956201684265062,0
STARLINK-36207,67014,70.0005,574.32,569.815,0.00048281,0.332490463444311,0.023479062081187725,0.17798476276274935,0
STARLINK-36093,67015,70.002,573.964,570.199,0.00042504,0.29802993270236977,0.019849401079938902,0.15893966689115432,0
STARLINK-36120,67016,70.0008,574.753,569.298,0.00044083,0.37797507279924636,0.028430819015931055,0.2032029459075887,0
STARLINK-35498,67017,70.0005,574.206,569.957,0.00044104,0.3133175989094156,0.022100867925589848,0.1677092334175027,0
STARLINK-36106,67018,70.0009,574.197,569.89,0.00012096,0.30236362423623275,0.022236485023853378,0.16230005463004307,0
STARLINK-35688,67019,70.0004,574.421,569.652,0.0001979,0.337907667076499,0.02462673948636136,0.18126720328143017,0
STARLINK-36172,67020,70.0034,573.704,570.064,0.0012213,0.36416132694016506,0.02008563811599364,0.19212348252807934,0
STARLINK-36184,67021,70.0001,574.543,569.813,-0.00078404,0.36402571392943334,0.023122799616121948,0.19357425677277765,0
STARLINK-36209,67022,70.0006,574.257,569.905,0.0005935,0.32630196604905704,0.022711680200191726,0.17450682312462437,0
STARLINK-36191,67023,70.0002,574.471,569.586,0.00030644,0.3504717890667659,0.025319238364777466,0.18789551371577168,0
STARLINK-36192,67024,70.0006,574.244,569.825,0.00023259,0.32024711290601,0.02291564216592657,0.17158137753596828,0
STARLINK-36178,67025,70.0013,574.287,569.903,0.00041908,0.31692986892354047,0.022759079231100023,0.16984447407732026,0
STARLINK-36176,67026,70.001,574.206,569.842,0.00040703,0.3151986530042115,0.02262070262586182,0.16890967781503666,0
STARLINK-36138,67030,43.0022,484.263,481.671,0.00091025,0.1152056088167386,0.00809298452062013,0.06164929666867936,0
STARLINK-35754,67054,43.0044,484.034,481.725,0.0015257,0.12058850066092945,0.0067628034462696,0.06367565205359953,0
STARLINK-35790,67055,43.0016,483.947,481.957,0.0013059,0.101219819581526,0.006947685584490744,0.05408375258300837,0
STARLINK-36143,67056,43.0046,484.225,481.832,0.0012085,0.11723325550235518,0.007022753900095389,0.06212800470122529,0
STARLINK-36141,67057,43.0052,484.076,481.897,0.00091475,0.11726867523499653,0.007155806664549618,0.062212240949773075,0
STARLINK-35767,67058,43.0029,483.907,481.99,0.0010689,0.09017025548598218,0.007043194317891121,0.04860672490193665,0
STARLINK-36150,67031,43.0027,483.929,481.964,0.0014424,0.1047395663549916,0.006844521310362509,0.05579204383267705,0
STARLINK-36131,67032,43.0023,483.941,482.032,0.0006607,0.08926734401410588,0.007528739443777975,0.04839804172894193,0
STARLINK-36137,67033,43.0048,484.15,481.811,0.0010214,0.11405451508647348,0.007163431894537199,0.06060897349050534,0
STARLINK-36140,67034,43.0024,483.884,482.026,0.00096406,0.0896364316584841,0.007023815047650781,0.04833012335306744,0
STARLINK-36085,67035,43.003,484.014,481.911,0.001214,0.09722878737947811,0.006785604525677668,0.05200719595257789,0
STARLINK-36125,67036,43.0043,484.094,481.813,0.00099176,0.1172536755947871,0.007549229571913995,0.062401452583350545,0
STARLINK-35732,67037,43.0027,484.211,481.662,0.0010172,0.11395022251443122,0.007800966606883096,0.06087559456065716,0
STARLINK-35775,67038,43.0067,484.303,481.75,0.00083714325,0.15198939485791751,0.008632471360865658,0.08031093310939158,0
STARLINK-35705,67039,43.0052,484.291,481.898,0.00094669,0.14070798206250804,0.008387856006257969,0.074547919034383,0
STARLINK-35786,67040,43.002,483.928,481.991,0.0010619,0.09120718734501482,0.006975978688671406,0.04909158301684311,0
STARLINK-35765,67041,43.0022,484.068,481.817,0.001614,0.1071373940308109,0.006777343478409668,0.056957368754610285,0
STARLINK-35773,67042,43.0005,484.03,481.872,0.0013173,0.10906927628577877,0.0073890159511243265,0.05822914611845155,0
STARLINK-35901,67043,43.002,484.033,481.863,0.001168,0.0962930289166307,0.0067971502058936355,0.05154508956126217,0
STARLINK-35884,67044,43.0036,484.729,481.556,0.00058377,0.15302981833875098,0.010136700782682195,0.08158325956071659,0
STARLINK-35891,67045,43.0034,483.963,481.802,0.0011428,0.10563046677077305,0.006799545244635348,0.056215006007704196,0
STARLINK-35721,67046,43.0017,484.019,481.855,0.0013442,0.09892614338443366,0.00675383477333668,0.052839989078885166,0
STARLINK-35779,67047,43.0061,484.037,481.866,0.0010083,0.12076848712133563,0.006901078184886656,0.06383478265311114,0
STARLINK-35905,67048,43.0015,484.006,481.982,0.0005748,0.08649107063576833,0.00738898931261909,0.04694002997419371,0
STARLINK-35877,67049,42.9976,483.432,482.466,0.0012561,0.15738151798434558,0.01055779873117358,0.08396965835775957,0
STARLINK-36078,67050,43.0062,484.903,481.152,0.0011084994,0.23030654384300583,0.01385521149755889,0.12208087767028236,0
STARLINK-35706,67051,43.0032,484.115,481.764,0.0011797,0.1344596654189392,0.009087617080007349,0.07177364124947327,0
STARLINK-35720,67052,43.0045,484.51,481.44,0.0009456,0.16987365128171614,0.011032838762297782,0.09045324502200695,0
STARLINK-35739,67053,43.0018,484.243,481.712,0.0008851,0.1967946149106495,0.013468759257197191,0.10513168708392334,0
STARLINK-36230,67075,70.0025,571.314,567.696,0.00096813,0.3679553636153188,0.01996864606548774,0.19396200484040327,0
STARLINK-36193,67099,70.0011,571.221,567.83,0.00040519,0.3440660657730306,0.018716989274028123,0.18139152752352938,0
STARLINK-36215,67100,70.0015,571.215,567.82,0.00064164,0.3500680018924988,0.018823046564803703,0.18444552422865126,0
STARLINK-36200,67101,70.0014,573.614,571.085,0.0071874,0.5474148719311892,0.025244542717272257,0.28632970732423074,0
STARLINK-36240,67076,70.0025,570.93,567.978,0.0013486,0.39784496098192035,0.017987644538043978,0.20791630275998216,0
STARLINK-36243,67077,70.0014,573.237,570.806,0.00059226,0.34072949359289584,0.016509275972017026,0.17861938478245643,0
STARLINK-36236,67078,70.0014,574.511,569.523,0.00073436,0.4364695095097648,0.026729784113591004,0.2315996468116779,0
STARLINK-36159,67079,70.0012,571.214,567.832,0.00048696,0.37407775862239967,0.01893624325169088,0.19650700093704526,0
STARLINK-36158,67080,70.0007,573.832,570.207,0.00051097,0.3387985706265828,0.01989761900023157,0.1793480948134072,0
STARLINK-35864,67081,70.0005,573.876,570.023,-0.0031162,0.5572498238862438,0.02566803227424128,0.29145892808024254,0
STARLINK-36035,67082,70.0048,571.146,568.551,-0.004541,0.5396104723018725,0.024146616509188368,0.28187854440553045,0
STARLINK-36170,67083,70.0023,571.157,568.134,-0.00052673,0.36416746431665775,0.016600023153016556,0.19038374373483716,0
STARLINK-36166,67084,70.0019,573.346,570.085,-0.0053009,0.4680369879454104,0.024309584738189095,0.24617328634179975,0
STARLINK-35794,67085,70.0019,571.063,567.992,0.0010051,0.4084879505507987,0.0192344648516737,0.21386120770123618,0
STARLINK-35841,67086,70.0018,571.06,568.049,0.00041749,0.3478699717337411,0.017526490034165735,0.18269823088395343,0
STARLINK-35842,67087,70.0005,571.56,567.494,0.00049915,0.3467367977594708,0.021616597806534757,0.18417669778300277,0
STARLINK-35882,67088,70.001,574.154,569.891,0.0006035,0.3548233170612016,0.02274397784858637,0.188783647454894,0
STARLINK-35763,67089,70.0018,573.882,570.228,0.00029118,0.3290351064384226,0.019846634757880788,0.1744408705981517,0
STARLINK-36060,67090,70.0011,573.935,570.097,0.00073378,0.36208512727827963,0.020946094448038414,0.19151561086315902,0
STARLINK-36097,67091,70.0011,489.4,484.679,0.0032125,0.575875303543081,0.028189899385421997,0.30203260146425154,0
STARLINK-35792,67092,70.0014,571.395,567.672,0.00048767,0.3469502745504857,0.0201390774432609,0.1835446759968733,0
STARLINK-35784,67093,70.0026,571.282,567.788,0.00045876,0.37742164608824824,0.019426640000012173,0.1984241430441302,0
STARLINK-36202,67094,70.0016,571.566,567.468,0.00079299,0.3584581512316465,0.02188798193460493,0.19017306658312572,0
STARLINK-36227,67095,70.0017,571.379,567.696,0.00053879,0.35336135734998997,0.020060530013305912,0.18671094368164795,0
STARLINK-36228,67096,70.0017,571.339,567.625,0.0009334,0.35703478483216256,0.020256225326628855,0.1886455050793957,0
STARLINK-36222,67097,70.002,571.087,567.836,0.00096712,0.3645529139935058,0.018490608806890838,0.19152176140019833,0
STARLINK-36205,67098,70.002,571.578,567.68,0.00032953,0.3456840515476975,0.020791526200398546,0.183237788874048,0
STARLINK-36255,67102,43.0003,481.463,479.689,-0.00014566,0.22105093597709818,0.016457900336650937,0.11875441815687456,0
STARLINK-36223,67126,43.0025,484.348,481.634,0.00098516,0.12287518707362592,0.009373946234710157,0.06612456665416803,0
STARLINK-36164,67127,42.9989,483.934,482.214,-2.701e-05,0.19202855175290595,0.0133861316955948,0.10270734172425038,0
STARLINK-35685,67128,43.0,479.297,477.798,-0.038239,0.4587170692374651,0.29689470109601024,0.37780588516673763,0
STARLINK-36214,67129,42.9933,483.056,477.86,0.0011363,0.4704853283456076,0.028365475169607204,0.24942540175760738,0
STARLINK-36194,67130,42.9999,481.434,479.39,0.0012066,0.22698628137274562,0.016938267130555015,0.12196227425165032,0
STARLINK-36256,67103,43.0012,481.099,478.371,-0.021628,0.39818084043146246,0.1642032292279971,0.28119203482972976,0
STARLINK-36258,67104,42.9969,483.098,482.841,0.00096653,0.32699027211928966,0.025630698859836706,0.17631048548956318,0
STARLINK-36261,67105,43.0005,481.468,479.679,0.00011212,0.14867719448110603,0.012916085095546695,0.08079663978832637,0
STARLINK-36259,67106,43.0008,473.473,472.429,-0.085755,0.6512408031039075,0.6899845005429446,0.6706126518234261,1
STARLINK-36196,67107,42.9948,485.296,480.537,0.0015532,0.45037758779016107,0.027961051136068713,0.2391693194631149,0
STARLINK-36208,67108,42.9988,483.996,482.509,0.00024579,0.22249964909766456,0.01495917256348094,0.11872941083057276,0
STARLINK-35764,67109,43.0001,481.154,480.064,0.00028155,0.1325106527544672,0.011750539586724326,0.07213059617059575,0
STARLINK-35781,67110,42.9992,483.959,482.235,0.00026189,0.24553058818072154,0.012201056195994545,0.12886582218835804,0
STARLINK-35875,67111,42.9999,481.457,479.454,0.00089078,0.28330553967795824,0.021454028609212115,0.1523797841435852,0
STARLINK-35906,67112,42.9988,481.121,479.711,0.00092881,0.08627572285521869,0.008040076567261419,0.047157899711240056,0
STARLINK-35789,67113,43.0,481.473,479.384,0.0012688,0.06700450267236563,0.005960362955666238,0.03648243281401593,0
STARLINK-36180,67114,42.9993,481.835,478.93,0.0016899,0.10149264474229142,0.0075518141720753605,0.05452222945718339,0
STARLINK-35892,67115,43.0,479.018,477.842,-0.040984,0.45983064613512153,0.3180496600161412,0.38894015307563135,0
STARLINK-35738,67116,43.0,472.987,471.004,-0.12346,0.6735749798207071,1.0,0.8367874899103536,1
STARLINK-35674,67117,43.0001,481.47,479.736,2.252e-05,0.14774476149166976,0.01174081262441516,0.07974278705804246,0
STARLINK-35701,67118,42.9993,483.797,482.355,-9.6814e-05,0.18279308132763672,0.015046631274681426,0.09891985630115907,0
STARLINK-36179,67119,43.0016,480.991,479.012,-0.010853,0.2933163870465915,0.0808892851953855,0.18710283612098852,0
STARLINK-36217,67120,42.9995,483.718,482.365,0.001407,0.10376120257964466,0.008335352799549665,0.056048277689597165,0
STARLINK-36124,67121,43.0004,483.982,482.12,0.00010987,0.22892403166679037,0.016663184847086128,0.12279360825693825,0
STARLINK-36188,67122,43.002,483.765,476.898,0.0023587,0.5482250761146825,0.03586169854197211,0.2920433873283273,0
STARLINK-36151,67123,43.0001,476.556,474.642,-0.11012,0.5693790503533358,0.864178544839566,0.7167787975964509,1
STARLINK-36195,67124,42.9995,465.364,463.54,-0.067367,0.6288642415794686,0.5886168385196667,0.6087405400495677,0
STARLINK-36219,67125,42.999,481.324,479.643,0.0012124,0.16482771772205293,0.012508157487496254,0.0886679376047746,0
STARLINK-35755,67163,42.9997,484.022,481.989,0.00055804431,0.07768756044194111,0.0068533099435736005,0.042270435192757354,0
STARLINK-35880,67187,43.0,483.778,482.155,0.0008671,0.07469936360412266,0.007363727309257338,0.04103154545669,0
STARLINK-35675,67188,43.0015,484.337,481.559,0.0011583593,0.10059837559871222,0.00784611401210537,0.0542222448054088,0
STARLINK-35889,67189,43.001,483.689,482.279,0.00082930485,0.08408196993556728,0.008379003918846183,0.04623048692720673,0
STARLINK-35888,67190,42.9982,484.592,481.455,0.00095917369,0.13797266450152462,0.00973505034029984,0.07385385742091223,0
STARLINK-35716,67191,42.9998,483.954,482.186,0.00073864,0.09439130023991797,0.008298150044166931,0.051344725142042455,0
STARLINK-36201,67164,43.0037,484.674,481.212,0.0012515086,0.1887602084729933,0.011885043453868326,0.1003226259634308,0
STARLINK-36186,67165,43.0042,484.163,481.738,0.0009231983,0.10210845632382518,0.007198899153547569,0.054653677738686374,0
STARLINK-36174,67166,43.0048,485.498,480.451,0.0014348622,0.26183488143008077,0.020468583882720718,0.14115173265640074,0
STARLINK-36198,67167,42.9991,484.047,481.875,0.00091101743,0.4181976294706704,0.02219173674198195,0.22019468310632617,0
STARLINK-35903,67168,42.9994,483.109,482.912,0.00092067,0.15032052717390756,0.016736388012269707,0.08352845759308863,0
STARLINK-35839,67169,42.9988,483.684,482.37,0.00063189863,0.1276825752090245,0.010759841732488952,0.06922120847075673,0
STARLINK-35863,67170,43.008,485.391,480.57,0.00095284,0.254885528622681,0.01912915418493058,0.13700734140380577,0
STARLINK-35771,67171,42.9978,483.437,482.269,0.0017208521,0.12896775620157544,0.009019654957828492,0.06899370557970197,0
STARLINK-35762,67172,42.9958,483.37,482.683,0.00092402,0.45798605069388276,0.027351434726704132,0.24266874271029346,0
STARLINK-36183,67173,42.9995,483.978,482.092,0.0010775,0.08692507496363762,0.0070349422209996645,0.04698000859231864,0
STARLINK-36210,67174,42.9991,483.792,482.24,0.001223,0.09499707713309448,0.007873923326634646,0.05143550022986456,0
STARLINK-35756,67175,42.9998,483.964,482.054,0.000688525,0.07499060243556023,0.007093237945453144,0.04104192019050669,0
STARLINK-35785,67176,42.9995,484.38,481.467,0.0017541229,0.12298522711946781,0.008245031344597717,0.06561512923203276,0
STARLINK-35853,67177,43.0002,484.311,481.589,0.0018270863,0.11984909902682976,0.008067208676545513,0.06395815385168764,0
STARLINK-35878,67178,43.0004,484.278,481.69,0.00099036399,0.08977440848682121,0.007309171556207884,0.04854179002151455,0
STARLINK-35793,67179,42.998,484.58,481.306,0.0013876987,0.1764819726180552,0.01129231291774919,0.09388714276790219,0
STARLINK-35876,67180,43.0018,484.405,481.488,0.00089099872,0.11214121875922141,0.008438467053436694,0.06028984290632905,0
STARLINK-35766,67181,43.0034,484.161,481.767,0.00071557242,0.10019870585941712,0.007041031677314489,0.0536198687683658,0
STARLINK-35782,67182,42.9998,483.21,482.803,0.00056377,0.3304420819122802,0.02256772334433211,0.17650490262830615,0
STARLINK-35719,67183,43.0001,483.445,482.698,0.0014242,0.16274403650844568,0.013072303706750239,0.08790817010759797,0
STARLINK-35910,67184,43.0004,484.003,481.938,0.00076470473,0.11811272813018665,0.009364737228206962,0.0637387326791968,0
STARLINK-35859,67185,43.0012,483.599,482.275,0.0012964913,0.11401143827661253,0.00947117642707943,0.06174130735184598,0
STARLINK-35857,67186,43.003,484.498,481.414,0.0012772892,0.13001475566856588,0.009073029459372292,0.06954389256396909,0
STARLINK-36182,67192,70.0025,574.671,569.383,0.00042994,0.33745688016605646,0.027420381554089653,0.18243863086007306,0
STARLINK-36212,67216,70.0008,575.365,568.899,0.0045246,0.5194929274168499,0.037018447664909394,0.27825568754087965,0
STARLINK-36216,67217,70.0014,574.954,569.109,0.00028877,0.369095981547755,0.030395177204534076,0.19974557937614454,0
STARLINK-36211,67218,70.0026,574.256,569.811,0.00030054,0.3112018470123318,0.023146449447439904,0.16717414822988585,0
STARLINK-36279,67193,70.0019,571.527,567.517,0.00097937,0.2984280944430966,0.020919799166738848,0.15967394680491773,0
STARLINK-36284,67194,70.0018,574.772,569.329,0.0002055,0.3504811068471321,0.028214794726690414,0.18934795078691125,0
STARLINK-36291,67195,70.0008,574.629,569.472,-0.0011143,0.5725569529211598,0.029493842257449367,0.3010253975893046,0
STARLINK-36239,67196,70.0016,574.204,569.936,0.00089615,0.30612715341046404,0.022303587222478296,0.16421537031647115,0
STARLINK-36283,67197,70.0015,574.04,569.973,0.00089514,0.29601116559471646,0.021307430510923923,0.1586592980528202,0
STARLINK-36267,67198,70.0021,574.092,569.969,0.0003214,0.27944055526365363,0.02138477413157565,0.15041266469761463,0
STARLINK-36268,67199,70.0059,573.349,570.65,0.0028814,0.44898027780663324,0.02151099164105609,0.23524563472384466,0
STARLINK-36270,67200,70.0008,572.201,566.989,-0.000213,0.3371966136631209,0.02631530933113413,0.18175596149712753,0
STARLINK-36262,67201,70.0024,573.975,570.079,0.00031448,0.28116183396870603,0.020239575905651036,0.15070070493717852,0
STARLINK-36263,67202,70.001,574.566,569.467,-0.0015332,0.3749276807024908,0.02437880660703656,0.19965324365476367,0
STARLINK-36224,67203,70.002,577.151,571.878,0.00047475,0.33675273897116803,0.02746354667376038,0.1821081428224642,0
STARLINK-36185,67204,70.0027,571.526,567.538,0.00031773,0.30112936875888535,0.02061605344090433,0.16087271109989484,0
STARLINK-36197,67205,70.0023,574.543,569.533,0.00027236,0.329956534962062,0.02587157588351784,0.17791405542278993,0
STARLINK-36056,67206,70.0017,574.298,569.744,0.00053919,0.3029490100981709,0.023540030557306853,0.16324452032773887,0
STARLINK-36225,67207,70.0017,574.614,569.428,0.00053919,0.32850241885640596,0.02693128717194618,0.17771685301417608,0
STARLINK-36265,67208,70.0044,574.406,569.566,0.00019852,0.44528248177082097,0.027840385299772404,0.23656143353529668,0
STARLINK-36226,67209,70.0029,573.85,570.3,6.4173e-05,0.26669501005739177,0.018685057221169345,0.14269003363928057,0
STARLINK-36173,67210,70.0024,571.533,567.541,0.00037608,0.32711761804544276,0.021070042371702118,0.17409383020857244,0
STARLINK-36280,67211,70.0021,574.373,569.666,0.00098854,0.3321720393484943,0.024569668457535065,0.1783708539030147,0
STARLINK-36213,67212,70.0025,573.876,570.195,0.00032291,0.3213823348111481,0.020076351450337804,0.17072934313074295,0
STARLINK-36199,67213,70.0017,574.273,569.772,0.0010565,0.32309570625455375,0.02351971781393105,0.1733077120342424,0
STARLINK-36203,67214,70.0024,574.757,569.325,0.00017245,0.3332683605988308,0.02810833297382941,0.1806883467863301,0
STARLINK-36221,67215,70.0033,574.718,569.275,0.000788,0.4119512327545692,0.02887889086673832,0.22041506181065376,0
STARLINK-36490,67305,43.0035,484.145,481.72,0.0010464121,0.10485521138337554,0.007134340068812896,0.05599477572609422,0
STARLINK-36496,67329,43.0007,484.009,481.924,0.00095378096,0.0783561917737046,0.0068814262558828665,0.042618809014793736,0
STARLINK-36483,67330,43.0005,483.888,482.054,0.00084024496,0.07814961136676238,0.00722391226653057,0.042686761816646476,0
STARLINK-36494,67331,42.9998,484.094,481.832,0.0009777289,0.10931824596688736,0.007957769305655376,0.05863800763627137,0
STARLINK-36492,67332,43.0015,484.049,481.82,0.001043169,0.09086921738357015,0.00706185169395021,0.04896553453876018,0
STARLINK-36427,67333,42.9985,483.871,482.061,0.0007612928,0.09168507163251982,0.007203032626088953,0.04944405212930439,0
STARLINK-36488,67306,43.0008,483.905,482.056,0.00064902455,0.07839390748164728,0.007182492158169429,0.042788199819908355,0
STARLINK-36481,67307,42.9986,483.417,482.63,0.0012634,0.44146306937672386,0.027002178934061826,0.23423262415539284,0
STARLINK-36449,67308,43.0012,484.184,481.722,0.0014710509,0.1003869562545122,0.0070300750705229315,0.05370851566251757,0
STARLINK-36482,67309,43.0005,485.464,480.437,0.0012469145,0.3149733741104129,0.022677307800214444,0.16882534095531365,0
STARLINK-36491,67310,42.9997,483.719,482.138,0.00010429,0.08904059580391069,0.00807712124329491,0.048558858523602796,0
STARLINK-36495,67311,43.0032,483.736,482.31,0.00091514,0.22510182584882385,0.015070844003589967,0.1200863349262069,0
STARLINK-36485,67312,43.0002,483.617,482.612,0.0016027,0.3442923702546153,0.020924015255745224,0.18260819275518025,0
STARLINK-36445,67313,42.9918,484.137,481.839,0.00078778327,0.27035324796041343,0.009276214443634027,0.13981473120202373,0
STARLINK-36476,67314,42.9997,486.773,479.059,0.0013580402,0.4443788957167142,0.038056572908599026,0.2412177343126566,0
STARLINK-36463,67315,43.0036,483.946,482.066,0.00063342,0.08949953983137704,0.007219128028475379,0.04835933392992621,0
STARLINK-36461,67316,43.0017,484.118,481.799,0.00087062,0.10390461431653829,0.0078012758240873295,0.05585294507031281,0
STARLINK-36450,67317,43.001,483.463,482.395,0.0014223311,0.11609146970978244,0.009888145206992471,0.06298980745838746,0
STARLINK-36498,67318,42.9972,483.939,482.11,0.0015578487,0.24000142825101964,0.014489545080363247,0.12724548666569144,0
STARLINK-36470,67319,42.9976,483.559,482.357,-0.00020554,0.12238323013017922,0.009529579469843872,0.06595640480001155,0
STARLINK-36500,67320,43.0007,483.908,482.086,0.00075187,0.08026443991854078,0.007267361182829808,0.04376590055068529,0
STARLINK-36462,67321,42.9999,483.585,482.465,0.0009847,0.43478641232439386,0.02425106586961362,0.22951873909700374,0
STARLINK-36434,67322,42.9922,484.738,481.315,0.0022159,0.45786956300337345,0.015717501031456395,0.23679353201741493,0
STARLINK-36497,67323,43.0006,484.253,481.714,0.00093691179,0.12090075856876122,0.009223427130247553,0.06506209284950439,0
STARLINK-36471,67324,43.0031,483.881,482.004,0.0010041929,0.08919009517975364,0.006999135588399218,0.04809461538407643,0
STARLINK-36473,67325,43.0031,484.497,481.314,0.0013055488,0.1725913955692392,0.011262842328815916,0.09192711894902755,0
STARLINK-36430,67326,43.0,483.648,482.345,0.00035637708,0.09555050420947617,0.009380008994134546,0.05246525660180536,0
STARLINK-36501,67327,43.003,483.941,481.965,0.0010922489,0.09061805092466893,0.006985875000596735,0.04880196296263283,0
STARLINK-36489,67328,42.9996,483.813,482.116,0.0008538776,0.0857910244663086,0.007399194557292199,0.046595109511800396,0
STARLINK-35343,67334,42.9961,483.602,482.359,0.00092932,0.2605059321540172,0.020061579672656555,0.14028375591333686,0
STARLINK-36466,67358,42.9994,484.842,481.067,0.0011118,0.36477006850241855,0.022320957223728705,0.19354551286307364,0
STARLINK-36499,67359,43.0004,484.364,481.658,0.0011698,0.13541546094209683,0.010715115481489018,0.07306528821179292,0
STARLINK-36469,67360,43.0003,483.917,481.84,0.00096031,0.06381481756858975,0.006650255803298129,0.03523253668594394,0
STARLINK-35306,67361,42.9996,484.026,482.032,0.00080671,0.06486228350150806,0.006612614790496478,0.03573744914600227,0
STARLINK-36428,67362,42.9931,483.805,482.16,0.0010063,0.29928068575443056,0.021772548487634616,0.16052661712103258,0
STARLINK-36486,67335,43.0,483.86,482.176,0.0011765,0.06769424007640636,0.006539184150712045,0.0371167121135592,0
STARLINK-36480,67336,43.0003,484.07,481.882,0.0012143,0.08494774245476405,0.007433161537174169,0.04619045199596911,0
STARLINK-36410,67337,42.9979,483.573,482.442,0.0010317,0.14661704786661503,0.011847517066247091,0.07923228246643106,0
STARLINK-36413,67338,43.0015,483.585,482.276,0.0014066,0.30317763898480826,0.021470739111912236,0.16232418904836024,0
STARLINK-36451,67339,43.0012,484.1,481.863,0.0014983,0.07119953781573457,0.006007686365412738,0.038603612090573655,0
STARLINK-36339,67340,42.9962,483.415,482.462,0.001144,0.28100556258627185,0.021681380558113902,0.15134347157219288,0
STARLINK-36453,67341,42.998,484.057,481.935,0.0015457,0.2213971910769097,0.015830797078672007,0.11861399407779086,0
STARLINK-36432,67342,42.9955,483.822,482.295,0.0012233,0.16338311370169809,0.012410541296219466,0.08789682749895877,0
STARLINK-36458,67343,42.9947,483.698,482.196,0.00095207,0.2882284245236572,0.022022584388842685,0.15512550445624995,0
STARLINK-36422,67344,42.9997,483.58,482.421,0.0011963,0.26430753249729494,0.020427440809284405,0.14236748665328966,0
STARLINK-35676,67345,43.0004,484.048,482.049,0.0011388,0.06479795841179954,0.006326461035124369,0.035562209723461954,0
STARLINK-36472,67346,43.0006,483.774,482.102,0.00098464,0.06170495695545436,0.006838686244454112,0.03427182159995423,0
STARLINK-36420,67347,42.995,484.398,481.511,0.00098998,0.3280054893415575,0.022384319781174892,0.1751949045613662,0
STARLINK-36467,67348,42.9998,483.959,482.061,0.00064627,0.118469189743595,0.010266137564529574,0.06436766365406228,0
STARLINK-36457,67349,43.0008,484.876,480.987,0.0014109,0.22337892696339587,0.015330967635140923,0.11935494729926839,0
STARLINK-36475,67350,43.0002,484.349,481.575,0.0011589,0.3238278327885223,0.019996667444104357,0.1719122501163133,0
STARLINK-36478,67351,42.9951,483.543,482.405,0.00095337,0.3085258384072729,0.019888625147994637,0.16420723177763374,0
STARLINK-36479,67352,42.997,483.404,482.596,0.00076959,0.26288887153607104,0.020796400597741398,0.14184263606690622,0
STARLINK-36474,67353,43.0014,484.442,481.504,0.0012943,0.10227948311653812,0.007828114547361967,0.055053798831950045,0
STARLINK-36448,67354,42.9996,483.925,482.048,0.0010068,0.07694874398125563,0.007167664911212414,0.042058204446234024,0
STARLINK-36477,67355,43.0,484.07,481.957,0.0010157,0.0633372463997455,0.006456131236750187,0.03489668881824785,0
STARLINK-36429,67356,43.0001,484.345,481.642,0.0010227,0.07396812640374219,0.007177309832421075,0.04057271811808163,0
STARLINK-36456,67357,42.9956,483.89,482.066,0.00098379,0.28953337926069345,0.021583182960814764,0.1555582811107541,0
STARLINK-36484,67404,42.9987,484.245,481.743,0.00092274,0.09924896927163493,0.008052065066344052,0.05365051716898949,0
STARLINK-36464,67428,42.9981,483.942,482.032,0.00079753,0.13407581416577635,0.010554405410373714,0.07231510978807504,0
STARLINK-36513,67429,43.0027,484.364,481.639,0.0013774,0.0996256945053565,0.007090497088722305,0.0533580957970394,0
STARLINK-36515,67430,42.9975,484.28,481.754,0.0011844,0.09296152816578143,0.006706406271124308,0.04983396721845287,0
STARLINK-36443,67431,43.0001,482.064,478.917,0.0011344,0.11116527395751595,0.008890534150333291,0.06002790405392462,0
STARLINK-36460,67432,42.998,483.939,481.87,0.00169,0.09745463629880842,0.006763064052139032,0.052108850175473724,0
STARLINK-36452,67405,42.9994,484.121,481.888,0.0011011,0.07580234295696653,0.006589493361400473,0.0411959181591835,0
STARLINK-36409,67406,42.9979,484.446,481.561,0.001066,0.10346407129776009,0.007737728716319723,0.055600900007039905,0
STARLINK-36510,67407,42.9965,483.645,482.324,0.00098139,0.26883183156075063,0.0211861768489103,0.14500900420483046,0
STARLINK-36509,67408,43.0013,483.572,482.543,0.00037017,0.16741282135428232,0.01339107437089315,0.09040194786258773,0
STARLINK-36507,67409,42.9965,483.547,482.228,0.00122,0.13041232694211374,0.01042421119471526,0.0704182690684145,0
STARLINK-36508,67410,42.9928,483.415,482.556,0.00098281,0.19439600681045333,0.015469498692567871,0.1049327527515106,0
STARLINK-36503,67411,43.0003,484.023,481.946,0.00104,0.0924996818597954,0.008052780094632006,0.050276230977213704,0
STARLINK-36446,67412,42.9881,485.907,479.945,0.0014736,0.5091479627050909,0.03375726201595269,0.27145261236052176,0
STARLINK-36442,67413,42.9993,483.766,482.241,0.0012886,0.08256634301013197,0.0071027953774100636,0.04483456919377102,0
STARLINK-36506,67414,42.9975,483.736,482.2,0.0010755,0.15834148820263957,0.011850456544948793,0.08509597237379418,0
STARLINK-36468,67415,42.9963,483.558,482.426,0.0012347,0.19904759278433629,0.01391190756412538,0.10647975017423084,0
STARLINK-36487,67416,42.996,481.434,479.272,-0.0026561,0.14578677974043783,0.016998389191800977,0.0813925844661194,0
STARLINK-36374,67417,42.9985,484.056,481.987,0.00096206,0.06510725603682885,0.0062058888371302485,0.03565657243697955,0
STARLINK-36455,67418,42.9997,481.9,479.101,0.0013174,0.10124685831974382,0.007813545667422633,0.05453020199358323,0
STARLINK-36424,67419,43.0006,482.005,478.96,0.0010028,0.11244097030612127,0.009118071467299193,0.06077952088671023,0
STARLINK-35564,67420,42.9949,483.787,482.155,0.00095283,0.3632111142896058,0.021583401720821585,0.19239725800521368,0
STARLINK-36431,67421,42.9985,483.861,482.214,0.00092298,0.23802387428723354,0.010440588841418155,0.12423223156432585,0
STARLINK-36418,67422,42.9921,483.579,482.432,0.0010102,0.11834877168323372,0.009196494895263047,0.06377263328924838,0
STARLINK-36465,67423,42.9967,484.551,481.49,0.00076226,0.1270826371211369,0.00885708591219847,0.06796986151666769,0
STARLINK-36362,67424,42.9991,482.603,478.428,0.0011023,0.1804107288730768,0.014760252234394089,0.09758549055373544,0
STARLINK-36447,67425,42.996,483.693,482.3,0.00091474,0.2605446917514676,0.01991512210538799,0.1402299069284278,0
STARLINK-36146,67426,42.9952,483.584,482.357,0.0015755,0.13442865307334675,0.009223199718212893,0.07182592639577982,0
STARLINK-36459,67427,42.9937,483.646,482.226,0.0011645,0.11605152609254404,0.008175302458106335,0.06211341427532519,0
STARLINK-36542,67445,42.9992,484.078,481.852,0.0015954,0.07824840380038574,0.006102682133262652,0.042175542966824194,0
STARLINK-36441,67469,42.9983,483.947,481.985,0.0015798,0.08386543065161037,0.005834966826796447,0.04485019873920341,0
STARLINK-36454,67470,42.9964,483.765,482.447,0.0012223,0.12158734718238684,0.009136552843750798,0.06536195001306883,0
STARLINK-36334,67471,43.0059,485.419,480.389,0.0017056,0.46688912141069555,0.027951331943299643,0.2474202266769976,0
STARLINK-36269,67472,42.9995,484.015,481.921,0.0016525,0.07314862379841901,0.0058089116754961685,0.03947876773695759,0
STARLINK-36408,67473,42.994,484.565,481.526,0.00094451,0.36559864422849697,0.021113065499841453,0.1933558548641692,0
STARLINK-36539,67446,42.9976,485.908,480.165,0.0009736,0.45294801978655136,0.028850425596625855,0.24089922269158862,0
STARLINK-36440,67447,42.9942,483.575,482.366,0.0015706,0.20438920631762697,0.013889699446838849,0.10913945288223291,0
STARLINK-36423,67448,42.9951,483.039,482.89,0.00093088,0.18911322839249073,0.017728535506277256,0.103420881949384,0
STARLINK-36519,67449,42.9998,484.021,481.964,0.0014363,0.23590938385626156,0.017447388440356825,0.1266783861483092,0
STARLINK-36525,67450,42.9988,483.797,481.998,0.0011263,0.08741613688972656,0.007379778740252562,0.04739795781498956,0
STARLINK-36511,67451,42.9947,484.372,481.556,0.0011789,0.3464470568173406,0.019075340245601563,0.1827611985314711,0
STARLINK-36524,67452,42.9933,483.608,482.332,0.0015742,0.1774379186212518,0.011671526868642262,0.09455472274494703,0
STARLINK-36518,67453,42.9988,484.385,481.639,0.00078141,0.08180051103178924,0.007497992964330694,0.04464925199805997,0
STARLINK-36517,67454,42.9968,483.6,482.36,0.00099018,0.3885974472629936,0.023562691414498533,0.20608006933874606,0
STARLINK-36516,67455,42.9979,487.286,478.625,0.0012685,0.5780937340538034,0.04461984063540443,0.3113567873446039,0
STARLINK-36493,67456,42.998,483.773,482.352,0.00076458,0.10810343417333668,0.00936840557708139,0.058735919875209035,0
STARLINK-36529,67457,42.9928,484.147,481.974,0.0013183,0.16550961198288497,0.010444555566740633,0.0879770837748128,0
STARLINK-36528,67458,42.9972,483.799,482.287,0.00049693948,0.09934370883291564,0.00806109750728535,0.0537024031701005,0
STARLINK-36546,67459,42.9991,483.738,482.274,0.0013248,0.08096893486748627,0.0072957888891302634,0.04413236187830827,0
STARLINK-36523,67460,42.9981,483.969,481.973,0.0010724,0.3082162086529732,0.019126965391813702,0.16367158702239346,0
STARLINK-36522,67461,42.9989,483.817,482.374,0.00031566,0.07300885293594067,0.007584834974282531,0.0402968439551116,0
STARLINK-36504,67462,42.9997,483.897,482.101,0.00027278,0.07782751837565884,0.007234936335532113,0.042531227355595475,0
STARLINK-36505,67463,42.9932,483.872,482.033,0.0011526,0.3164628698730453,0.020272095415951232,0.16836748264449825,0
STARLINK-36421,67464,42.999,483.756,482.242,0.0013264,0.0855865721127039,0.007255282163648041,0.04642092713817597,0
STARLINK-36437,67465,42.9924,484.349,481.556,0.001341,0.35736343205788884,0.020247843617850324,0.18880563783786958,0
STARLINK-36520,67466,43.0004,484.833,481.011,0.0014314,0.37977225140675563,0.021016140187849242,0.20039419579730244,0
STARLINK-36425,67467,42.9965,483.868,482.115,0.00093631,0.10253633460601771,0.007666059318060904,0.05510119696203931,0
STARLINK-36414,67468,42.998,483.854,482.237,0.0011985,0.08608632693192456,0.007099777855438758,0.04659305239368166,0
STARLINK-36551,67493,43.0014,483.544,482.196,0.0016551782,0.23592605060521568,0.016176731299265574,0.12605139095224063,0
STARLINK-36544,67517,42.997,483.841,482.157,0.000179859,0.10960766048493241,0.007934104415904718,0.05877088245041856,0
STARLINK-36412,67518,43.0042,484.348,481.572,0.00078338114,0.11443884669178939,0.008214930401200356,0.06132688854649487,0
STARLINK-36415,67519,43.0029,483.83,482.054,0.00061715081,0.2019371936845716,0.014017516756250266,0.10797735522041094,0
STARLINK-36547,67520,43.0003,484.105,481.441,0.0024344062,0.1283525664795529,0.007507645069219075,0.06793010577438599,0
STARLINK-36444,67521,43.0029,484.186,481.707,0.0012346361,0.10088758752310144,0.0071049606607374895,0.05399627409191946,0
STARLINK-36396,67494,42.9972,483.159,482.816,0.00069161511,0.4517543915382866,0.02883208000960369,0.24029323577394515,0
STARLINK-36550,67495,43.0008,484.118,481.768,0.0012590989,0.0947645183201439,0.006995843140470789,0.050880180730307346,0
STARLINK-36534,67496,42.9986,485.619,480.296,0.0012214717,0.5341645100369128,0.028635586593907896,0.2814000483154103,0
STARLINK-36555,67497,43.0001,483.813,482.136,0.001141,0.0853469237293282,0.0073568209813844095,0.0463518723553563,0
STARLINK-36081,67498,42.998,483.416,482.513,0.00093943398,0.18952926215467975,0.013529779372704996,0.10152952076369237,0
STARLINK-36558,67499,43.0019,484.016,481.93,0.00091474452,0.08049178918950106,0.006946926419271668,0.04371935780438636,0
STARLINK-36557,67500,43.0009,483.958,481.817,0.00095721412,0.080418603836341,0.006912125450106125,0.04366536464322356,0
STARLINK-36433,67501,42.9969,483.745,482.177,0.0012696659,0.39664173154085364,0.020427514259532296,0.20853462290019298,0
STARLINK-36554,67502,42.9996,484.044,481.924,0.00091276535,0.08326541317582456,0.006826914532559051,0.04504616385419181,0
STARLINK-36552,67503,43.0001,483.933,481.982,0.0011559878,0.08405300517725678,0.006784001735402409,0.04541850345632959,0
STARLINK-36512,67504,43.0104,485.638,480.321,0.00078256581,0.3385788952871516,0.024502301065486138,0.18154059817631887,0
STARLINK-36545,67505,43.0024,484.478,481.532,0.00062372631,0.12014845182279585,0.00884852901879542,0.06449849042079564,0
STARLINK-36553,67506,43.0051,484.109,481.953,0.00064027,0.10466288926949575,0.007021724375656335,0.05584230682257604,0
STARLINK-36521,67507,43.0033,484.133,481.892,0.00092684,0.09466430731913668,0.006846712284973759,0.05075550980205522,0
STARLINK-36526,67508,43.0034,484.083,481.894,0.0011304152,0.09761728013255468,0.00692298860771885,0.052270134370136764,0
STARLINK-36541,67509,43.0041,484.092,481.865,0.0010027517,0.10060061442227758,0.006900426935406029,0.053750520678841805,0
STARLINK-36549,67510,43.0031,484.12,481.843,0.0011841648,0.09923711108166065,0.006808770797678265,0.05302294093966946,0
STARLINK-36540,67511,43.0036,484.121,481.939,0.0017207,0.10490984003273679,0.006530902164272701,0.055720371098504744,0
STARLINK-36538,67512,43.0027,484.139,481.792,0.0010358123,0.09171476214959665,0.00699684165315856,0.0493558019013776,0
STARLINK-36531,67513,43.0004,484.11,482.022,0.0010972463,0.08148846250438663,0.0068658119175213465,0.04417713721095399,0
STARLINK-36530,67514,42.9996,483.904,482.112,0.0013528404,0.11189119257537003,0.00833962436710647,0.06011540847123825,0
STARLINK-36543,67515,42.9994,483.67,482.196,0.0013606551,0.10139406574353119,0.007805523956476947,0.05459979485000407,0
STARLINK-36537,67516,42.999,483.881,482.186,0.0010083523,0.4399615993145436,0.024422904516749118,0.23219225191564635,0
STARLINK-36587,67532,97.2835,345.682,342.344,0.0013199277,0.6511851296323472,0.056695473870645004,0.3539403017514961,0
STARLINK-36426,67560,97.2841,345.044,343.354,0.002123825,0.6473342242386311,0.07226949326970884,0.35980185875417,0
STARLINK-36417,67533,97.2846,345.724,341.587,0.0025132811,0.8091109068793825,0.08368883175999743,0.44639986931968995,0
STARLINK-36576,67534,97.2879,345.306,342.492,0.0012626394,0.659684726505978,0.056451512472034386,0.3580681194890062,0
STARLINK-36574,67535,97.2848,345.226,343.213,0.0018034958,0.6361086460357894,0.06511622530340568,0.35061243566959754,0
STARLINK-36572,67536,97.2838,345.09,342.473,0.0024831,0.6929561055823816,0.08102808649364705,0.3869920960380143,0
STARLINK-36561,67537,97.2848,345.159,342.873,0.0015756217,0.6811425242606377,0.0618824261630781,0.37151247521185793,0
STARLINK-36397,67538,97.2843,345.195,343.116,0.0015716046,0.614426764053419,0.06058361003102553,0.33750518704222227,0
STARLINK-36573,67539,97.2838,345.297,342.854,0.00089696495,0.6313718151561615,0.052346945986075484,0.3418593805711185,0
STARLINK-36585,67540,97.2855,345.403,343.047,0.0012648568,0.6111821327487308,0.05553656586448807,0.33335934930660943,0
STARLINK-36579,67541,97.2844,345.42,342.293,0.0022961,0.6991666487872589,0.07621433597462156,0.3876904923809402,0
STARLINK-35934,67542,97.2838,345.354,343.034,0.0017448133,0.629219341798335,0.0637965504559519,0.3465079461271435,0
STARLINK-36581,67543,97.2852,344.709,343.127,0.0024293041,0.7249903465134389,0.08132559850574193,0.4031579725095904,0
STARLINK-36565,67544,97.2839,344.95,343.063,0.001005423,0.5652387674185629,0.05182277672073619,0.3085307720696496,0
STARLINK-36583,67545,97.2842,344.924,343.071,0.00094131,0.5625784689982322,0.051207141193903474,0.3068928050960678,0
STARLINK-36580,67546,97.284,345.255,342.932,0.0020740077,0.6516132169217134,0.07081302153713093,0.3612131192294221,0
STARLINK-36584,67547,97.2842,345.004,343.384,0.0018492266,0.6964321776193122,0.06799957159953493,0.3822158746094236,0
STARLINK-36586,67548,97.2842,345.113,343.081,0.0018145,0.6239860327110842,0.06537846351657985,0.344682248113832,0
STARLINK-36564,67549,97.2852,345.473,342.775,0.0022458,0.6679763666031541,0.07450463357021846,0.37124050008668624,0
STARLINK-36563,67550,97.2849,345.524,342.429,0.0014999,0.6809130287066211,0.06023237730135482,0.3705727030039879,0
STARLINK-36566,67551,97.2844,344.919,343.038,0.00092409,0.562974683215359,0.05102109675377728,0.3069978899845682,0
STARLINK-36567,67552,97.2854,345.578,342.781,0.0020891,0.6804095181444414,0.07134788878011536,0.37587870346227836,0
STARLINK-36569,67553,97.2844,345.123,343.269,0.0020411565,0.7377557811278341,0.07309196619722111,0.40542387366252763,0
STARLINK-36395,67554,97.2844,345.068,341.753,0.0031074,0.8355022372411598,0.10043290376933219,0.467967570505246,0
STARLINK-36559,67555,97.286,345.641,342.657,0.0021868,0.6763580353479275,0.07314427495628402,0.3747511551521058,0
STARLINK-36621,67561,97.284,344.724,342.687,0.0021706049,0.6680575539636786,0.07448190797598868,0.3712697309698336,0
STARLINK-36560,67585,97.2837,345.267,342.491,0.0019749,0.6183243569443347,0.06856581354333721,0.343445085243836,0
STARLINK-36398,67562,97.284,345.09,342.81,0.0012213496,0.5878394174087944,0.05537380521184512,0.32160661131031976,0
STARLINK-36403,67563,97.284,344.763,342.414,0.0022681911,0.6882467413542381,0.07698315196604194,0.38261494666014007,0
STARLINK-36593,67564,97.2848,345.171,342.369,0.002097,0.673680789503255,0.07241560306994943,0.37304819628660224,0
STARLINK-35725,67565,97.2852,344.443,343.163,0.0016039359,0.5825207800597622,0.06192765907392279,0.3222242195668425,0
STARLINK-36394,67566,97.2845,344.097,343.254,0.0024239345,0.7354459181196851,0.08327240706557812,0.4093591625926316,0
STARLINK-36352,67567,97.2848,345.074,342.698,0.0014723911,0.6935102205352592,0.061722481581015946,0.37761635105813757,0
STARLINK-36435,67568,97.2841,344.494,343.655,0.00084190106,0.8107787663455772,0.05819420443217816,0.4344864853888777,0
STARLINK-36575,67569,97.2844,345.346,342.341,0.0014719868,0.6092994881494302,0.059347118957712997,0.33432330355357165,0
STARLINK-36562,67570,97.2829,345.04,342.818,0.00095029971,0.5302815411641744,0.05080166948095815,0.29054160532256623,0
STARLINK-36578,67571,97.284,346.372,341.512,0.0016491,0.6769797792844554,0.0639689823455117,0.3704743808149836,0
STARLINK-36350,67572,97.285,344.551,342.938,0.0020071395,0.6004654558882322,0.06977518599766927,0.33512032094295074,0
STARLINK-36588,67573,97.2847,345.394,342.57,0.0013298,0.5954558816394222,0.056613590359866496,0.32603473599964433,0
STARLINK-36594,67574,97.2834,345.325,342.734,0.0010329244,0.7269100447619156,0.057918842365041884,0.3924144435634787,0
STARLINK-36400,67575,97.2849,345.601,341.91,0.0019056,0.6798320501959062,0.06842615974223802,0.3741291049690721,0
STARLINK-36591,67576,97.2844,344.836,343.249,0.0010678693,0.7192370541662183,0.05812095754620527,0.3886790058562118,0
STARLINK-36590,67577,97.2854,345.208,342.456,0.001604,0.5944765023727291,0.061012313349460674,0.3277444078610949,0
STARLINK-36613,67578,97.2849,344.656,342.649,0.0026000859,0.7043387433515225,0.08564359501113214,0.3949911691813273,0
STARLINK-36571,67579,97.2846,346.011,341.668,0.0017231,0.6612690592782755,0.06456802242830328,0.3629185408532894,0
STARLINK-36612,67580,97.2837,344.918,343.224,0.00074920751,0.5243499890414818,0.04907227861523977,0.2867111338283608,0
STARLINK-36632,67581,97.2846,344.951,342.773,0.0015616,0.6076199375899575,0.061306942128597205,0.33446343985927734,0
STARLINK-36609,67582,97.285,345.158,342.472,0.0016626,0.5986584030969754,0.06241845455753486,0.3305384288272551,0
STARLINK-36577,67583,97.2849,344.901,342.563,0.0019759144,0.6677076127212228,0.070000585673217,0.3688540991972199,0
STARLINK-36419,67584,97.2836,345.138,342.971,0.00080036177,0.5189240490266515,0.04918013695637888,0.2840520929915152,0
STARLINK-36641,67589,97.2843,367.388,364.952,-0.019842,0.7661783793693977,0.5478786029316428,0.6570284911505202,1
STARLINK-36597,67613,97.2849,401.602,399.718,-0.0297,0.7978927546935175,0.5079716634977984,0.652932209095658,1
STARLINK-36376,67590,97.2843,364.441,362.401,-0.019034,0.7554272801422252,0.5480153600410819,0.6517213200916535,1
STARLINK-36391,67591,97.2849,374.066,371.782,-0.021802,0.8212151454386225,0.5453061395128673,0.6832606424757449,1
STARLINK-36603,67592,97.2853,350.5,344.617,-0.0032131,0.7337459609948059,0.1306253530886345,0.4321856570417202,0
STARLINK-36634,67593,97.2847,353.158,351.187,-0.016262,0.733240191464206,0.5444286348795606,0.6388344131718833,1
STARLINK-36638,67594,97.2845,400.893,398.911,-0.030024,0.6782653561500036,0.5169962422929881,0.5976307992214959,0
STARLINK-36628,67595,97.2845,374.13,371.877,-0.02172,0.7794903726229833,0.5426548715542647,0.661072622088624,1
STARLINK-36629,67596,97.2847,365.49,363.191,-0.019311,0.7602389648706589,0.54817666543187,0.6542078151512645,1
STARLINK-36384,67597,97.2834,344.651,343.409,0.0007498703,0.5850122734880204,0.05100568197180601,0.3180089777299132,0
STARLINK-36358,67598,97.2843,367.487,365.211,-0.019834,0.773101729540897,0.5465504576199083,0.6598260935804026,1
STARLINK-36582,67599,97.2842,374.586,372.618,-0.021697,0.7238288537787745,0.5378533044592166,0.6308410791189956,1
STARLINK-36640,67600,97.284,343.931,343.276,0.0029891245,0.7199906165362892,0.09563152928145938,0.40781107290887425,0
STARLINK-36635,67601,97.2842,352.232,347.778,-0.0060873,0.8804186135641864,0.22242283436007368,0.55142072396213,0
STARLINK-36631,67602,97.2832,344.473,342.763,0.0027808727,0.6208617026378123,0.08872559826147346,0.35479365044964284,0
STARLINK-36626,67603,97.2842,346.164,341.891,0.0010502384,0.819782054161348,0.06068012627797435,0.44023109021966117,0
STARLINK-36605,67604,97.2854,346.01,341.731,0.0017417755,0.7776662161975239,0.06897380538497158,0.4233200107912477,0
STARLINK-36281,67605,97.2845,386.082,383.687,-0.025555,0.8072216961432032,0.538588354464936,0.6729050253040696,1
STARLINK-35843,67606,97.2849,347.113,340.808,0.0023231,0.7899126553877547,0.07987181895092994,0.43489223716934233,0
STARLINK-36351,67607,97.2838,344.752,343.343,9.8452e-06,0.7157260213292043,0.05110640258366331,0.3834162119564338,0
STARLINK-36411,67608,97.2848,385.149,382.947,-0.024471,0.8189684754437754,0.5238481403449923,0.6714083078943838,1
STARLINK-36312,67609,97.2809,347.949,344.869,-0.0039457,0.6657215058649321,0.15706551066365967,0.4113935082642959,0
STARLINK-36387,67610,97.2843,345.46,342.444,0.0018471,0.6188400491126177,0.06595382386053752,0.3423969364865776,0
STARLINK-36636,67611,97.2845,395.069,393.32,-0.028038,0.7314234830845399,0.5213473837905829,0.6263854334375614,0
STARLINK-36407,67612,97.2832,345.01,343.089,0.00073104724,0.6783678585696207,0.05385450426082453,0.3661111814152226,0
STARLINK-36548,67617,42.9995,392.096,390.693,-0.027474,0.606639594945017,0.5454659143880406,0.5760527546665288,0
STARLINK-36514,67641,43.0,401.062,399.045,-0.030164,0.5113649159621051,0.5330212866676171,0.5221931013148611,0
STARLINK-36556,67642,42.9994,393.621,391.645,-0.027819,0.5579807999614875,0.543006014796479,0.5504934073789833,0
STARLINK-36533,67643,42.9993,391.031,389.756,-0.026554,0.6436548137668335,0.5358399427184314,0.5897473782426325,0
STARLINK-36623,67644,42.9995,383.625,382.023,-0.024476,0.547649712217164,0.5479767351536483,0.5478132236854061,0
STARLINK-36619,67645,42.9995,382.859,381.159,-0.024083,0.5269343094300636,0.5456595558906033,0.5362969326603335,0
STARLINK-36601,67618,42.9999,384.238,382.173,-0.023975,0.5091267018308828,0.5349955720165441,0.5220611369237135,0
STARLINK-36119,67619,42.9998,377.632,376.124,-0.022664,0.602312423151408,0.5521445770791957,0.5772285001153019,0
STARLINK-36607,67620,42.9996,373.496,371.803,-0.021337,0.5219752898035143,0.5531028178464104,0.5375390538249623,0
STARLINK-36615,67621,43.0001,393.571,391.349,-0.027061,0.513885737019646,0.5305808413962974,0.5222332892079717,0
STARLINK-36614,67622,42.9992,368.043,366.275,-0.019887,0.6464909776038268,0.5590717927590654,0.6027813851814461,0
STARLINK-36600,67623,42.9995,385.582,384.184,-0.024768,0.6135176439014763,0.5393828037691402,0.5764502238353082,0
STARLINK-36439,67624,42.999,387.284,385.807,-0.025172,0.6246244007056719,0.5358691004405107,0.5802467505730913,0
STARLINK-36438,67625,42.9992,374.911,373.219,-0.021934,0.6464595306455049,0.5565642856381952,0.6015119081418501,0
STARLINK-36436,67626,42.9997,392.903,390.906,-0.027472,0.527671856546564,0.5417000017357153,0.5346859291411397,0
STARLINK-36502,67627,42.9999,416.041,414.046,-0.00068986,0.31889448591344244,0.019366365314522335,0.1691304256139824,0
STARLINK-36532,67628,42.9998,393.355,391.258,-0.027051,0.49175036877867984,0.5314312877892207,0.5115908282839503,0
STARLINK-36367,67629,42.9993,379.386,377.362,-0.023181,0.5536297979495786,0.5526526500825786,0.5531412240160786,0
STARLINK-36416,67630,42.9993,370.433,368.812,-0.020589,0.6653778550344179,0.55804636748107,0.6117121112577439,0
STARLINK-36527,67631,42.9996,416.063,413.962,-0.0012052,0.43884389386757167,0.026627317915600867,0.23273560589158626,0
STARLINK-36633,67632,42.9994,404.39,402.511,-0.031468,0.588951212368918,0.5319956984641221,0.56047345541652,0
STARLINK-36637,67633,42.9993,371.399,369.559,-0.020895,0.6057576032151266,0.5590372158194551,0.5823974095172908,0
STARLINK-36617,67634,42.9995,415.236,413.043,-0.0094471,0.5478909887017067,0.1437509420184001,0.3458209653600534,0
STARLINK-36627,67635,42.9994,382.952,381.133,-0.02436,0.6547448248329563,0.5511175981436854,0.6029312114883209,0
STARLINK-36624,67636,42.9996,372.309,370.404,-0.02105,0.54852067958739,0.5559303937203126,0.5522255366538513,0
STARLINK-36610,67637,42.9996,368.657,366.794,-0.020073,0.5602184601567418,0.5594503908531435,0.5598344255049427,0
STARLINK-36599,67638,42.9995,402.69,400.411,-0.030459,0.49742846717913825,0.5279352402503255,0.5126818537147318,0
STARLINK-36595,67639,43.0028,384.286,382.177,-0.02471,0.5414824168070017,0.5494261669090358,0.5454542918580187,0
STARLINK-36570,67640,42.9992,375.306,373.269,-0.021903,0.545344182198906,0.5541348214351346,0.5497395018170204,0
STARLINK-36719,67648,97.2845,374.709,372.719,-0.021697,0.7632785368220887,0.5371772332230633,0.650227885022576,1
STARLINK-36616,67672,97.2843,369.667,367.287,-0.020295,0.8258419194435086,0.5424251529753462,0.6841335362094274,1
STARLINK-36342,67649,97.2838,345.332,342.694,0.0016072,0.8197022074844057,0.0668630661381115,0.44328263681125857,0
STARLINK-36703,67650,97.2848,345.399,342.467,0.00086642082,0.57227113055964,0.050410742289847515,0.31134093642474375,0
STARLINK-36696,67651,97.2844,369.523,367.622,-0.020214,0.7302010447664166,0.539556364474907,0.6348787046206618,1
STARLINK-36699,67652,97.2843,344.839,343.015,0.0016536339,0.6374269844610286,0.06339965389978004,0.35041331918040436,0
STARLINK-36694,67653,97.2844,372.247,370.392,-0.020892,0.7282017041599153,0.5358210604245194,0.6320113822922173,1
STARLINK-36620,67654,97.2846,381.273,379.455,-0.023652,0.7598937060203176,0.5323680120856538,0.6461308590529857,1
STARLINK-36720,67655,97.2842,355.558,353.701,-0.016474,0.7292937497235805,0.5323878387754082,0.6308407942494944,1
STARLINK-36688,67656,97.2837,345.911,344.624,-0.0014056816,0.7363549141408019,0.07581817252753356,0.4060865433341677,0
STARLINK-36706,67657,97.2849,386.944,385.042,-0.025517,0.7603800631440898,0.5303975936269526,0.6453888283855211,1
STARLINK-36701,67658,97.2848,391.234,389.107,-0.026088,0.7742321916280293,0.513455830212067,0.6438440109200481,1
STARLINK-36642,67659,97.2846,387.404,385.473,-0.025531,0.7543497295860696,0.5276377056021733,0.6409937175941214,1
STARLINK-36673,67660,97.2844,384.46,382.782,-0.024498,0.732244414283621,0.5269347458113494,0.6295895800474851,1
STARLINK-36674,67661,97.2843,355.943,353.88,-0.016653,0.7788681593767848,0.5355827235248366,0.6572254414508107,1
STARLINK-36700,67662,97.2851,344.633,343.036,0.0017452628,0.6796004371276194,0.06603056265470905,0.37281549989116425,0
STARLINK-36675,67663,97.2837,348.633,346.41,-0.0059387,0.6835190064174045,0.22378974726225434,0.4536543768398294,0
STARLINK-36404,67664,97.2849,398.062,396.013,-0.02852,0.7610593342014935,0.5112176373401591,0.6361384857708263,1
STARLINK-36399,67665,97.2847,373.894,371.918,-0.021549,0.7783005351738794,0.5396825656661073,0.6589915504199934,1
STARLINK-36365,67666,97.2847,371.665,369.599,-0.02084,0.785075112820276,0.5397855954066005,0.6624303541134382,1
STARLINK-36622,67667,97.2847,379.396,377.448,-0.023093,0.7806253416592207,0.5344080655502683,0.6575167036047445,1
STARLINK-36625,67668,97.2844,372.276,370.154,-0.021017,0.8023761010258463,0.5397446067811416,0.671060353903494,1
STARLINK-36639,67669,97.2846,366.905,364.906,-0.019376,0.8213389912844881,0.538779314376669,0.6800591528305786,1
STARLINK-36596,67670,97.2844,386.132,384.098,-0.025226,0.7812289004986605,0.5309712251109887,0.6561000628048246,1
STARLINK-36297,67671,97.2846,354.276,351.621,-0.01622,0.8171311249792207,0.5373727952738764,0.6772519601265485,1
STARLINK-36748,67693,97.2834,344.256,343.336,0.0018243,0.6009714126939886,0.06685753015875036,0.3339144714263695,0
STARLINK-36385,67717,97.286,328.871,326.834,0.0015562,0.8065583079264168,0.0747249004821011,0.44064160420425896,0
STARLINK-36753,67694,97.2832,345.689,341.818,0.0019527,0.6943708305434091,0.06903837302649145,0.38170460178495025,0
STARLINK-36750,67695,97.2836,345.195,343.318,0.00038345,0.6196021501981436,0.04841067432507272,0.33400641226160815,0
STARLINK-36401,67696,97.2844,345.778,341.968,0.0013739,0.6596092467881767,0.05866814042232419,0.3591386936052504,0
STARLINK-36704,67697,97.2843,344.313,343.177,0.0020319,0.7149393254746407,0.07403828494525289,0.3944888052099468,0
STARLINK-36697,67698,97.2833,345.121,343.531,0.00059144,0.6388244271103213,0.05057440288006442,0.34469941499519285,0
STARLINK-36716,67699,97.2842,345.021,342.903,0.00068987,0.5608564994881318,0.04947624633951496,0.30516637291382337,0
STARLINK-36712,67700,97.2842,345.478,342.389,0.0011143,0.6010761030509917,0.053381062107425103,0.3272285825792084,0
STARLINK-36713,67701,97.2838,345.099,342.872,0.0013251,0.6059944192289098,0.05695715169244122,0.3314757854606755,0
STARLINK-36695,67702,97.284,345.802,341.879,0.001638,0.6571256607954582,0.06254839582492544,0.3598370283101918,0
STARLINK-36630,67703,97.284,344.933,342.621,0.0017874,0.6795468733789866,0.06700906025332218,0.3732779668161544,0
STARLINK-36338,67704,97.2842,344.602,343.423,0.00081429,0.7158947433376014,0.056313939341714296,0.3861043413396578,0
STARLINK-36316,67705,97.2828,344.922,342.446,0.0019349,0.6208426106646188,0.06778131130653621,0.3443119609855775,0
STARLINK-36707,67706,97.2843,344.975,342.911,0.0010294,0.6271116944216503,0.05439749523239805,0.34075459482702414,0
STARLINK-36645,67707,97.2845,345.0,342.808,0.0010242,0.6690147389021993,0.05519940839724456,0.36210707364972194,0
STARLINK-36287,67708,97.2837,344.667,342.335,0.0032729,0.7589138592828681,0.10466289864062113,0.43178837896174466,0
STARLINK-36698,67709,97.283,345.456,342.523,0.0016107,0.7143573258646323,0.06529395398920382,0.38982563992691804,0
STARLINK-36344,67710,97.2841,343.916,343.812,0.0017126,0.6956265281973665,0.06717513504596823,0.3814008316216674,0
STARLINK-36687,67711,97.285,333.286,331.011,-0.0055005,0.735628521487187,0.2619583015737682,0.4987934115304776,0
STARLINK-36705,67712,97.2847,344.602,342.992,0.0019287,0.7482090314881561,0.07209805506313408,0.41015354327564507,0
STARLINK-36708,67713,97.2848,420.091,417.993,-0.0015994,0.5143936890098656,0.046953678355167935,0.2806736836825168,0
STARLINK-36702,67714,97.2836,344.986,343.067,0.00081904,0.5232307517906243,0.04941858538133267,0.2863246685859785,0
STARLINK-36718,67715,97.2852,345.016,343.339,9.6398e-05,0.6587244946202507,0.049048031547096756,0.35388626308367377,0
STARLINK-36715,67716,97.2856,330.04,325.429,0.0010733,0.7252531917202757,0.062471840568298555,0.39386251614428713,0
STARLINK-36772,67721,97.2849,448.931,446.546,-0.050735,0.7863106455177988,0.504883990447557,0.6455973179826779,1
STARLINK-36796,67722,97.2845,451.859,449.403,-0.051235,0.7716157018623193,0.49569852437825757,0.6336571131202884,1
STARLINK-36369,67723,97.2856,441.949,439.612,-0.046758,0.7828413224369422,0.5009884777114505,0.6419149000741964,1
STARLINK-36752,67724,97.2849,448.091,445.607,-0.049527,0.7945981175255722,0.4978945404185073,0.6462463289720397,1
STARLINK-36754,67725,97.2849,444.974,442.745,-0.048801,0.7745473346545287,0.5056127771388883,0.6400800558967086,1
STARLINK-36755,67726,97.2846,420.235,417.972,0.0017641533,0.46888122149358463,0.04320553411783449,0.25604337780570957,0
STARLINK-36741,67727,97.2851,439.025,436.929,-0.045789,0.7820653016177391,0.5056419293577605,0.6438536154877499,1
STARLINK-36757,67728,97.2844,444.43,442.121,-0.047752,0.7721950995514724,0.49834255495508206,0.6352688272532772,1
STARLINK-36751,67729,97.2848,444.294,442.007,-0.049193,0.742800002091679,0.5127552769448078,0.6277776395182434,0
STARLINK-36747,67730,97.2846,444.648,442.455,-0.047884,0.7593549384248932,0.498286095743553,0.6288205170842232,1
STARLINK-36315,67731,97.2854,443.2,441.106,-0.047673,0.7484120328894874,0.5031527648649705,0.625782398877229,0
STARLINK-36260,67732,97.285,442.892,440.788,-0.047529,0.6991584110110668,0.5032034707935064,0.6011809409022866,0
STARLINK-36746,67733,97.2846,419.881,418.148,0.0015884,0.4802761728067388,0.04331879651334354,0.26179748466004116,0
STARLINK-36749,67734,97.2847,421.217,416.812,0.0017336007,0.5718924117454101,0.04655274443518182,0.30922257809029596,0
STARLINK-36691,67735,97.2847,441.333,439.408,-0.048053,0.7724112915904322,0.5162056054679289,0.6443084485291806,1
STARLINK-36317,67736,97.2848,441.151,439.128,-0.046735,0.7423818782046395,0.5041558001904581,0.6232688391975488,0
STARLINK-36330,67737,97.2846,440.149,438.082,-0.045549,0.8011776200191649,0.49771227435318005,0.6494449471861725,1
STARLINK-36327,67738,97.2853,440.399,438.169,-0.045995,0.7960714324619755,0.5011973079941219,0.6486343702280487,1
STARLINK-36329,67739,97.2848,437.409,435.036,-0.044954,0.7664261982952052,0.505863125682729,0.636144661988967,1
STARLINK-36737,67740,97.2846,440.045,437.719,-0.045052,0.8358364862071239,0.49381711740037976,0.6648268018037519,1
STARLINK-36740,67741,97.2852,419.897,417.848,-0.0046994,0.5661349985989312,0.0758071610626083,0.3209710798307698,0
STARLINK-36693,67742,97.2853,420.33,418.692,-0.038037,0.7399776488868296,0.5105219083387528,0.6252497786127912,0
STARLINK-36717,67743,97.285,433.124,431.049,-0.041999,0.7909294713587441,0.48829700978413315,0.6396132405714386,1
STARLINK-36692,67744,97.2848,427.076,424.829,-0.044583,0.7856608309000752,0.5594835447121628,0.672572187806119,1
STARLINK-36800,67797,97.2839,344.961,343.046,0.0012782,0.5764970730178799,0.055519541898497726,0.3160083074581888,0
STARLINK-36798,67798,97.2851,344.953,342.892,0.0012915,0.5821506637886505,0.05575199294399559,0.31895132836632306,0
STARLINK-36804,67799,97.284,345.094,342.971,0.00067882,0.5589080339780663,0.048680362089798555,0.3037941980339324,0
STARLINK-36354,67800,97.2851,344.85,343.256,0.00059587,0.5398960481866214,0.04794620366030801,0.2939211259234647,0
STARLINK-36773,67801,97.2844,344.853,342.855,0.0014399,0.5858844619962917,0.05823324150202508,0.3220588517491584,0
STARLINK-36739,67802,97.2854,344.856,343.023,0.0010499,0.6066658698102765,0.05331404204404138,0.3299899559271589,0
STARLINK-36768,67803,97.2843,344.706,342.945,0.0017929,0.6110884774870243,0.06516538136189168,0.338126929424458,0
STARLINK-36792,67804,97.2844,344.935,343.045,0.00089923,0.5600596513149316,0.050589913648331715,0.3053247824816317,0
STARLINK-36782,67805,97.2852,344.943,343.088,0.00076993,0.6342758487934375,0.0519079286539489,0.3430918887236932,0
STARLINK-36389,67806,97.2845,345.013,342.881,0.0010723,0.5984036810652654,0.053138659031891695,0.3257711700485786,0
STARLINK-36382,67807,97.285,345.17,343.304,0.00073853,0.5660270198897792,0.04965708704306918,0.3078420534664242,0
STARLINK-36811,67808,97.2852,344.968,342.872,0.0016586,0.738391562428981,0.0662384587019149,0.40231501056544794,0
STARLINK-36795,67809,97.2844,344.93,342.865,0.0015203,0.5812769964078518,0.05958317132829565,0.3204300838680737,0
STARLINK-36807,67810,97.2854,344.801,343.124,0.0010497,0.7070265984949047,0.05679416612341289,0.3819103823091588,0
STARLINK-36733,67811,97.2846,345.204,343.152,0.00045384,0.6311343348942875,0.049336416540608975,0.3402353757174482,0
STARLINK-36377,67812,97.2849,344.784,343.162,0.0012518,0.6486599601655674,0.056887740319081094,0.3527738502423242,0
STARLINK-36732,67813,97.2851,344.858,343.033,0.0014174,0.6267542230351105,0.05881949959558466,0.3427868613153476,0
STARLINK-36767,67814,97.2845,344.994,343.078,0.00061544,0.5415451073428139,0.04787303850679717,0.2947090729248055,0
STARLINK-36797,67815,97.2852,344.8,343.158,0.00092384,0.6610377175767469,0.05406439044896694,0.3575510540128569,0
STARLINK-36343,67816,97.2846,345.133,342.831,0.0013748,0.7201807454911362,0.060531326745593826,0.390356036118365,0
STARLINK-36756,67817,97.2849,344.683,343.344,0.0007135,0.6213439186562417,0.05113417879264004,0.3362390487244409,0
STARLINK-36346,67818,97.2845,345.041,343.014,0.00069018,0.6017102992741021,0.04982314366719466,0.3257667214706484,0
STARLINK-36788,67819,97.2852,344.815,343.216,0.00064508,0.5936219289125776,0.04955657575171303,0.3215892523321453,0
STARLINK-36353,67820,97.2849,345.027,342.876,0.0011286,0.7057315733086569,0.05724876697329712,0.381490170140977,0
STARLINK-36644,67821,42.9986,325.715,323.034,0.002223,0.42885295369531984,0.08764668358211929,0.25824981863871954,0
STARLINK-36606,67845,42.9975,325.701,323.466,0.00090238375,0.38522589782085637,0.03547696282067091,0.21035143032076364,0
STARLINK-36658,67846,42.9992,340.574,338.382,-0.013093,0.593054944334632,0.5564412078630121,0.5747480760988221,0
STARLINK-36618,67847,42.9806,299.851,293.453,0.0028346,0.8266901710727482,0.18445715788353023,0.5055736644781392,0
STARLINK-36660,67848,42.9992,344.836,342.376,-0.013903,0.591693731559342,0.5525942313089486,0.5721439814341454,0
STARLINK-36602,67849,42.9992,343.178,340.719,-0.013607,0.5900384068818179,0.5553007685225007,0.5726695877021593,0
STARLINK-36643,67822,42.9992,338.896,336.87,-0.012811,0.6621645577361714,0.5586337257920662,0.6103991417641188,0
STARLINK-36646,67823,42.9979,330.071,321.463,0.0032308,0.717614374315247,0.12985222515565145,0.4237332997354492,0
STARLINK-36647,67824,42.9982,328.474,322.533,0.0019822,0.7379930358966319,0.07992834406129147,0.4089606899789617,0
STARLINK-36648,67825,42.9977,324.98,322.995,0.0021186,0.4376517934481628,0.08418239151290281,0.2609170924805328,0
STARLINK-35865,67826,42.9982,325.514,321.964,0.0028958,0.6110406464313384,0.12254159797578408,0.36679112220356125,0
STARLINK-36289,67827,42.9992,336.799,334.782,-0.012359,0.6814576703216251,0.5583230214472996,0.6198903458844623,0
STARLINK-36670,67828,42.9984,325.785,323.011,0.0023515,0.6097530798307644,0.09571874172638008,0.35273591077857225,0
STARLINK-36144,67829,42.9976,328.824,324.16,-0.0023805274,0.5007081041907157,0.13447518760729396,0.3175916458990048,0
STARLINK-36611,67830,42.9976,328.285,320.65,0.0027769,0.7547595005373622,0.11451857816515716,0.4346390393512597,0
STARLINK-36661,67831,42.9981,326.225,322.737,0.0013607558,0.4180770258200544,0.0511447684185957,0.23461089711932506,0
STARLINK-36662,67832,42.9963,319.33,314.485,0.002826,0.6784572841752364,0.13734416860560403,0.40790072639042024,0
STARLINK-36659,67833,42.9978,325.682,323.012,0.0024307,0.4490507403496619,0.09725135096759611,0.273151045658629,0
STARLINK-36655,67834,42.9975,328.191,321.289,0.0024666,0.6912962970164109,0.1000080297983762,0.39565216340739356,0
STARLINK-36657,67835,42.9975,324.15,319.89,0.0040248,0.6113543905374274,0.1853891803744487,0.39837178545593804,0
STARLINK-36650,67836,42.9992,340.837,338.773,-0.013028,0.6303392965703422,0.5516098765373479,0.590974586553845,0
STARLINK-36649,67837,42.9976,329.201,322.137,0.0023055,0.7185796735738655,0.09237861025207178,0.40547914191296863,0
STARLINK-36654,67838,42.9992,335.532,333.244,-0.012059,0.6299931464213097,0.5578918091506748,0.5939424777859923,0
STARLINK-36652,67839,42.9992,340.453,338.039,-0.012933,0.6245683684554834,0.5524691857617785,0.5885187771086309,0
STARLINK-36651,67840,42.9992,336.069,333.753,-0.0121,0.6265906070937016,0.5552200811351458,0.5909053441144236,0
STARLINK-36656,67841,42.998,326.234,323.201,0.00078297225,0.36806418594585755,0.03107734365772781,0.19957076480179267,0
STARLINK-36653,67842,42.9992,335.824,333.443,-0.012112,0.6138102510160066,0.5579155026981562,0.5858628768570814,0
STARLINK-36589,67843,42.999,332.834,330.509,-0.011528,0.6111479814684698,0.5581252620792232,0.5846366217738466,0
STARLINK-36598,67844,42.9981,325.724,322.979,0.0017829959,0.416968730935747,0.06824818488985182,0.2426084579127994,0
STARLINK-36840,67850,53.1578,328.919,326.513,0.0018115,0.6746835876650653,0.0692230876590776,0.37195333766207145,0
STARLINK-36730,67874,53.1589,328.423,327.105,0.0011731,0.4072395534064134,0.04290269173705444,0.2250711225717339,0
STARLINK-36727,67875,53.1587,328.248,326.965,0.0018524,0.5883924255775689,0.07095108133570857,0.32967175345663874,0
STARLINK-36743,67876,53.1595,328.437,327.197,0.00090688,0.32136879199244756,0.032881168936562774,0.17712498046450517,0
STARLINK-36784,67877,53.1593,328.613,326.919,0.0012981,0.5416119424621402,0.050516814066514364,0.29606437826432724,0
STARLINK-36689,67878,53.159,328.141,326.898,0.0024804,0.5121785153127267,0.0938170970059415,0.30299780615933414,0
STARLINK-36348,67851,53.1579,328.423,326.911,0.0013821,0.6014312374169392,0.05474266279734601,0.32808695010714256,0
STARLINK-36276,67852,53.1579,328.123,327.25,0.0013784,0.3823119243714562,0.04937324499533241,0.21584258468339432,0
STARLINK-36785,67853,53.1583,328.768,326.769,0.0012706,0.5553393086292626,0.04973251858638825,0.30253591360782545,0
STARLINK-36608,67854,53.158,328.359,327.019,0.0015615,0.5610500775101561,0.059743603669655705,0.3103968405899059,0
STARLINK-36838,67855,53.1578,328.481,326.849,0.0014825,0.36943519905631345,0.05170275954868654,0.2105689793025,0
STARLINK-36843,67856,53.158,328.073,327.21,0.0016711,0.40691904053328387,0.06005317342666801,0.23348610697997593,0
STARLINK-36828,67857,53.1578,327.811,327.204,0.0021294,0.5308647126602037,0.08042119728193906,0.3056429549710714,0
STARLINK-36837,67858,53.1585,328.189,327.223,0.0014331,0.3833357363200948,0.05095250437950792,0.21714412034980138,0
STARLINK-36393,67859,53.1584,328.735,326.733,0.0015154,0.5834630250779929,0.05839960108560965,0.32093131308180123,0
STARLINK-35873,67860,53.1584,328.333,327.08,0.0013593,0.36354987386535526,0.047617239742487764,0.2055835568039215,0
STARLINK-36325,67861,53.1584,329.221,325.817,0.0024598,0.7089403541177867,0.09470449915977219,0.40182242663877943,0
STARLINK-36332,67862,53.1581,328.463,327.037,0.001518,0.6148454210568036,0.05941380733839937,0.3371296141976015,0
STARLINK-36835,67863,53.1587,328.81,326.529,0.0017384,0.6352605270631386,0.06659377097700878,0.3509271490200737,0
STARLINK-36831,67864,53.1586,328.229,327.288,0.0011109,0.33890293753082307,0.03976521327757455,0.1893340754041988,0
STARLINK-36738,67865,53.1586,328.288,327.007,0.0015306,0.37705333044350653,0.05400003924762825,0.2155266848455674,0
STARLINK-36780,67866,53.1591,328.439,327.143,0.00095884,0.38380900944104396,0.03616197522946038,0.20998549233525216,0
STARLINK-36761,67867,53.1594,330.157,325.385,0.00088836,0.5653413418942345,0.040836247513001724,0.3030887947036181,0
STARLINK-36762,67868,53.1589,328.686,327.008,0.00098923,0.2982661794736166,0.0339244429024705,0.16609531118804355,0
STARLINK-36779,67869,53.159,328.758,326.868,0.00097641,0.30658082502917744,0.033386914513085855,0.16998386977113164,0
STARLINK-36770,67870,53.159,328.601,326.907,0.0011392,0.38301898336037926,0.04109199576759093,0.2120554895639851,0
STARLINK-36769,67871,53.1592,328.447,326.863,0.0015979,0.36789962859111214,0.05591594247279323,0.2119077855319527,0
STARLINK-36786,67872,53.1591,328.682,327.03,0.000877,0.35646032854112963,0.03278673482996377,0.1946235316855467,0
STARLINK-36783,67873,53.1594,328.362,327.133,0.0012328,0.4307051865718578,0.045235598502760085,0.23797039253730895,0
STARLINK-36818,67879,97.2754,322.256,320.385,-0.0061443,0.8298067289970225,0.3477878272361417,0.5887972781165821,0
STARLINK-36257,67903,97.269,326.651,324.927,-0.0059707,0.8156817884648037,0.31041989181833257,0.5630508401415681,0
STARLINK-36821,67880,97.2747,322.27,320.348,-0.0062258,0.8394074855899607,0.3520286533826181,0.5957180694862894,0
STARLINK-36808,67881,97.2748,322.03,320.271,-0.0061498,0.8300214993014525,0.3490596071646304,0.5895405532330414,0
STARLINK-36817,67882,97.2733,322.441,320.649,-0.0067355,0.851758969023118,0.37612981074402224,0.6139443898835701,0
STARLINK-36856,67883,97.2741,322.378,320.523,-0.006556,0.8473629292771707,0.367800476391504,0.6075817028343373,0
STARLINK-36842,67884,97.2732,322.571,320.674,-0.0068095,0.8816633936401576,0.3793955228412898,0.6305294582407237,1
STARLINK-36826,67885,97.273,322.479,320.602,-0.0068296,0.8804971866609481,0.38085140993021266,0.6306742982955804,1
STARLINK-36390,67886,97.2724,322.815,320.792,-0.0069064,0.8790533418981505,0.38302272221537037,0.6310380320567605,1
STARLINK-36368,67887,97.2723,323.019,321.003,-0.0069744,0.8786192245635114,0.3850849848235192,0.6318521046935153,1
STARLINK-36801,67888,97.2717,323.187,321.189,-0.0070357,0.8758107425473852,0.3869933876993753,0.6314020651233803,1
STARLINK-36372,67889,97.2707,323.421,321.507,-0.0071613,0.8789422948129505,0.39138417576889695,0.6351632352909238,1
STARLINK-36363,67890,97.2716,323.455,321.513,-0.0071238,0.8850620288010923,0.38950169865280815,0.6372818637269502,1
STARLINK-36816,67891,97.2687,328.029,326.589,-0.0024407,0.7743845697955593,0.13661278043493624,0.4554986751152478,0
STARLINK-36813,67892,97.268,325.67,323.556,-0.0077122,0.8386310532051948,0.40389631987637475,0.6212636865407848,0
STARLINK-36803,67893,97.2709,323.814,321.815,-0.0072857,0.8609361471948712,0.39513922733384066,0.6280376872643559,0
STARLINK-36846,67894,97.27,324.609,322.661,-0.0073524,0.8742904556391442,0.3933919348134324,0.6338411952262883,1
STARLINK-36866,67895,97.2699,324.814,322.89,-0.0074907,0.8490002378584617,0.3984300878140251,0.6237151628362434,0
STARLINK-36877,67896,97.2701,324.252,322.237,-0.0074257,0.8555001775111962,0.39907894858314263,0.6272895630471694,0
STARLINK-36870,67897,97.269,325.202,323.193,-0.0076063,0.8486513898705137,0.4016447558429645,0.6251480728567391,0
STARLINK-36810,67898,97.2691,325.474,323.326,-0.007557,0.8405759597671998,0.39803381673318294,0.6193048882501914,0
STARLINK-36878,67899,97.2686,325.759,323.669,-0.0078114,0.8502130520259978,0.40780690708241324,0.6290099795542056,1
STARLINK-36361,67900,97.2686,326.226,324.152,-0.0070537,0.8271910139146312,0.37006689084048777,0.5986289523775595,0
STARLINK-36336,67901,97.2687,327.778,325.373,-0.0045926,0.7899716736248188,0.2423439804093988,0.5161578270171088,0
STARLINK-36876,67902,97.2692,326.454,324.464,-0.0065553,0.825871952648115,0.3452748911449815,0.5855734218965483,0
STARLINK-36814,67904,42.9991,365.602,363.336,-0.019213,0.5187307904061957,0.5618149308266417,0.5402728606164187,0
STARLINK-36771,67928,42.9988,326.237,322.799,0.0010778,0.4594572058221527,0.04319682387551681,0.25132701484883474,0
STARLINK-36809,67929,42.9986,326.153,323.149,0.00083285356,0.4024711945078431,0.03309748308268359,0.21778433879526332,0
STARLINK-36865,67930,42.9994,326.878,322.745,0.0016143,0.5126594269769648,0.0621030609405482,0.28738124395875647,0
STARLINK-36781,67931,42.9979,328.152,321.116,0.0024132,0.6583963020109198,0.09658649644993161,0.37749139923042574,0
STARLINK-36729,67905,42.999,338.281,336.285,-0.012846,0.6174205341791545,0.5649125777851203,0.5911665559821374,0
STARLINK-36763,67906,42.9979,337.684,319.936,0.0031167,0.8886566235667529,0.08719821112361427,0.4879274173451836,0
STARLINK-36742,67907,42.9985,326.417,321.169,0.0028999316,0.5915985485433956,0.12112624438094115,0.35636239646216833,0
STARLINK-36827,67908,42.9978,326.039,321.181,0.0034133,0.611308589656598,0.14710738237947474,0.37920798601803635,0
STARLINK-36822,67909,42.9991,336.467,334.874,-0.012453,0.6285075714299683,0.5629031980955077,0.595705384762738,0
STARLINK-36847,67910,42.999,339.052,337.185,-0.012933,0.6223067803058365,0.5613840991632739,0.5918454397345552,0
STARLINK-36736,67911,42.9983,325.426,321.699,0.0034439,0.5661720774848402,0.14931589901591286,0.35774398825037657,0
STARLINK-36676,67912,42.9984,326.986,322.325,0.0022058,0.5517276847269047,0.08692551588866247,0.3193266003077836,0
STARLINK-36690,67913,42.9983,324.775,322.443,0.0028734,0.580158741864738,0.12244538873806456,0.3513020653014013,0
STARLINK-36724,67914,42.9982,325.084,322.001,0.0034999,0.519982364775395,0.152114595127505,0.33604847995145,0
STARLINK-36723,67915,42.9986,325.552,322.524,0.0019797,0.4721933422929285,0.07838720176014838,0.27529027202653844,0
STARLINK-36721,67916,42.998,326.285,314.202,0.0024325,0.7493695581254626,0.10011599813761207,0.4247427781315373,0
STARLINK-36722,67917,42.9984,325.726,323.009,0.0023594797,0.5918830886296953,0.09579543252667493,0.3438392605781851,0
STARLINK-36341,67918,42.9987,325.146,322.118,0.0033126,0.5903006070505685,0.1429323142310883,0.3666164606408284,0
STARLINK-36663,67919,42.9988,327.271,322.122,0.0020684,0.5586080925110319,0.08136216643841439,0.3199851294747232,0
STARLINK-36375,67920,42.999,324.94,324.015,0.0013842814,0.4090013864039335,0.05358334019346821,0.23129236329870087,0
STARLINK-36405,67921,42.9991,356.967,355.114,-0.017021,0.6016896823085398,0.5663916363707762,0.584040659339658,0
STARLINK-36383,67922,42.9984,325.26,322.139,0.0030208,0.4994555993870619,0.12744351963084863,0.31344955950895526,0
STARLINK-36406,67923,42.9992,369.821,367.803,-0.020471,0.5712806489182114,0.5609375119674814,0.5661090804428464,0
STARLINK-36714,67924,42.9987,326.171,322.49,0.0018330222,0.5445293799352381,0.07222574586893497,0.3083775629020865,0
STARLINK-36726,67925,42.9982,325.339,321.644,0.0029005436,0.6700674270351262,0.12324614108334155,0.3966567840592339,0
STARLINK-36758,67926,42.9994,337.557,335.951,-0.012751,0.6396519961198522,0.5655399745276473,0.6025959853237497,0
STARLINK-36728,67927,42.9982,330.438,323.395,-0.00090356,0.6078055095725898,0.0637307086445824,0.3357681091085861,0
STARLINK-36301,67932,42.998,325.696,323.759,-0.00012753,0.40536048406651604,0.02244019300315874,0.2139003385348374,0
STARLINK-36918,67956,42.9989,325.65,324.177,0.0004995,0.4975287080050434,0.029302087895898214,0.2634153979504708,0
STARLINK-36829,67957,42.9987,325.778,324.073,0.00055437,0.49540029707481514,0.029530376621951595,0.26246533684838336,0
STARLINK-36799,67958,42.9988,325.806,323.735,0.00011111,0.39338173643316077,0.021228189222737937,0.20730496282794936,0
STARLINK-36834,67959,42.9987,325.85,323.731,-1.381e-05,0.3984208680137554,0.020975464362179674,0.20969816618796755,0
STARLINK-36841,67960,42.9986,325.663,323.781,-0.00013517,0.49443752534202623,0.02808677620048252,0.26126215077125436,0
STARLINK-36852,67933,42.9982,325.666,323.845,0.000117,0.33874434182095764,0.022789459625167634,0.18076690072306265,0
STARLINK-36861,67934,42.998,326.014,323.565,8.1934e-05,0.3991239312091199,0.02501034108034039,0.21206713614473013,0
STARLINK-36860,67935,42.9978,325.899,323.734,0.00018261,0.39855148402848534,0.019983157882336067,0.2092673209554107,0
STARLINK-36848,67936,42.9979,325.892,323.671,5.2113e-05,0.4306336175635293,0.021922340763183494,0.2262779791633564,0
STARLINK-36370,67937,42.9981,325.62,324.072,0.00027992,0.4033350762755169,0.021009158289591375,0.21217211728255414,0
STARLINK-36371,67938,42.9981,325.891,323.508,-0.00011423,0.39800548019152876,0.026262394904385453,0.21213393754795712,0
STARLINK-36246,67939,42.9982,325.746,323.707,-0.00017616,0.41851820425788544,0.023466660592256394,0.2209924324250709,0
STARLINK-36907,67940,42.9981,325.877,323.703,0.00017272,0.38913891592750904,0.024846749814507903,0.20699283287100848,0
STARLINK-36927,67941,42.998,325.74,323.675,2.9039e-05,0.4038536470877683,0.025351007326120105,0.2146023272069442,0
STARLINK-36914,67942,42.998,325.403,323.847,-0.00050569,0.4338126214452708,0.035510485721748176,0.23466155358350949,0
STARLINK-36851,67943,42.9983,325.489,323.985,-6.8516e-05,0.4139280682777398,0.022322502397720188,0.21812528533773,0
STARLINK-36892,67944,42.998,325.566,323.904,-0.00012169,0.42389802199678894,0.023205897897507887,0.2235519599471484,0
STARLINK-36908,67945,42.9983,325.873,323.585,-0.00014528,0.43733079408200476,0.0267077947540644,0.2320192944180346,0
STARLINK-36909,67946,42.9982,325.557,323.771,-0.00032946,0.42404482081389544,0.03166459064852268,0.22785470573120906,0
STARLINK-36920,67947,42.9985,325.824,323.851,0.00019769,0.4493983333434744,0.02307989111836593,0.23623911223092017,0
STARLINK-36873,67948,42.9984,325.972,323.757,0.00038082,0.4303862984658249,0.025359267138163215,0.22787278280199405,0
STARLINK-36863,67949,42.9985,325.603,323.8,-0.00013653,0.4222081187562957,0.025937194948000553,0.22407265685214814,0
STARLINK-36887,67950,42.9983,326.036,323.676,0.00022684,0.4559816600442023,0.026410133787590186,0.24119589691589624,0
STARLINK-36897,67951,42.9988,325.454,324.021,9.5679e-05,0.4285793630730914,0.026413835942887612,0.2274965995079895,0
STARLINK-36381,67952,42.9986,325.904,323.704,0.00015038,0.40275888210513416,0.022031874918339737,0.21239537851173695,0
STARLINK-36824,67953,42.9986,325.646,323.566,-0.00032972,0.48674590233347426,0.03152489818391447,0.25913540025869436,0
STARLINK-36869,67954,42.9987,325.61,323.414,-0.00060343,0.49870814589024504,0.0431051345051697,0.2709066401977074,0
STARLINK-36872,67955,42.9987,325.963,323.693,0.0001084,0.3939508553153151,0.02165183406083827,0.20780134468807668,0
STARLINK-36912,67961,97.2763,327.58,325.952,-0.0040131,0.7734846276808539,0.21425251224624822,0.49386856996355105,0
STARLINK-36802,67985,97.2664,317.028,315.317,-0.0074636,0.7914797571260347,0.45628195484576983,0.6238808559859023,0
STARLINK-36881,67962,97.2763,328.259,326.233,-0.0028834,0.7574193363989681,0.15850467187798392,0.457962004138476,0
STARLINK-36357,67963,97.2752,326.211,324.472,-0.0066494,0.797676923192074,0.3503356566851536,0.5740062899386138,0
STARLINK-36349,67964,97.2753,327.457,325.95,-0.004557,0.7864352872419845,0.24094941444974882,0.5136923508458666,0
STARLINK-36806,67965,97.2742,325.455,323.815,-0.0077243,0.8056931601306555,0.4042710115876946,0.604982085859175,0
STARLINK-36820,67966,97.2743,325.163,323.133,-0.0081337,0.7939102790798063,0.4349390019591538,0.61442464051948,0
STARLINK-36819,67967,97.2739,324.634,322.708,-0.0083414,0.8049516746587136,0.448063768901118,0.6265077217799158,0
STARLINK-36812,67968,97.2733,325.025,323.251,-0.0082119,0.7997161278353907,0.43903581246357887,0.6193759701494848,0
STARLINK-36709,67969,97.2727,323.463,321.431,-0.0080185,0.8058426804314927,0.44083516354893904,0.6233389219902159,0
STARLINK-36319,67970,97.2731,324.529,322.7,-0.0084986,0.8005829458534922,0.45614449089547826,0.6283637183744852,0
STARLINK-36710,67971,97.2721,322.872,320.861,-0.0081318,0.8104104756312949,0.45037707748890526,0.6303937765601001,1
STARLINK-36894,67972,97.2712,322.961,321.358,-0.0083457,0.7836578616461135,0.4588647399935981,0.6212613008198558,0
STARLINK-36900,67973,97.2709,321.543,319.548,-0.007864,0.8138895184457667,0.44628578148267695,0.6300876499642218,1
STARLINK-36901,67974,97.2715,322.566,320.891,-0.0082915,0.7659883231989921,0.45919150782699764,0.6125899155129949,0
STARLINK-36883,67975,97.2694,320.262,318.6,-0.0079239,0.737251901817494,0.45704087753263234,0.5971463896750632,0
STARLINK-36880,67976,97.2704,321.099,319.068,-0.0078107,0.8155965644508549,0.4468133518023358,0.6312049581265954,1
STARLINK-36904,67977,97.2693,320.13,318.225,-0.0076626,0.8187100789185239,0.44561115419367325,0.6321606165560986,1
STARLINK-36364,67978,97.2679,318.541,316.723,-0.0074174,0.8256918021956199,0.4436130339690406,0.6346524180823303,1
STARLINK-36359,67979,97.2701,321.237,319.601,-0.0080914,0.7299622444570507,0.4585065446549121,0.5942343945559814,0
STARLINK-36882,67980,97.2684,319.069,317.231,-0.0074992,0.8243755222370166,0.44429890528316507,0.6343372137600909,1
STARLINK-36874,67981,97.2678,318.196,316.333,-0.0073613,0.8270693860846686,0.4431842500304868,0.6351268180575778,1
STARLINK-36879,67982,97.2672,317.703,315.905,-0.0072907,0.8308697681051883,0.44261792149645407,0.6367438448008211,1
STARLINK-36867,67983,97.2665,316.745,314.972,-0.0071743,0.8240647976285438,0.4428938967134999,0.6334793471710218,1
STARLINK-36266,67984,97.2671,317.792,316.112,-0.0076258,0.7592825420370749,0.4592770857879586,0.6092798139125167,0
STARLINK-36535,67986,42.9992,325.714,324.207,0.00064626,0.469390557061494,0.028779843605147532,0.24908520033332077,0
STARLINK-36953,68010,42.9993,326.004,324.074,0.00094566,0.4663620227681994,0.0398366786222486,0.253099350695224,0
STARLINK-36991,68011,42.9992,327.908,325.763,-0.010713,0.6191796747315735,0.5629968350784811,0.5910882549050274,0
STARLINK-36936,68012,42.9992,325.575,324.005,0.00033583,0.4382705402520661,0.027483212286376884,0.2328768762692215,0
STARLINK-36967,68013,42.9992,325.039,322.347,-0.0077934,0.6452659767238226,0.43675904077344535,0.5410125087486339,0
STARLINK-36985,68014,42.9992,326.221,323.242,0.00019698,0.48429199607290807,0.027125671865462952,0.25570883396918553,0
STARLINK-36744,67987,42.9994,326.066,323.995,0.00068492,0.4442989304188933,0.027877953839075206,0.23608844212898425,0
STARLINK-36734,67988,42.9993,335.305,333.71,-0.011916,0.6272293713901181,0.5508226323311727,0.5890260018606455,0
STARLINK-36957,67989,42.9992,326.054,323.946,0.00074352,0.4524283545060789,0.029810827096277564,0.24111959080117823,0
STARLINK-36951,67990,42.9994,325.967,323.818,0.00034044555,0.3833786840870277,0.02482300153448972,0.20410084281075871,0
STARLINK-36941,67991,42.9993,337.42,335.388,-0.012635,0.5836791901875078,0.5640456222525314,0.5738624062200196,0
STARLINK-36950,67992,42.9994,325.362,323.19,-0.0023722,0.44290495575515854,0.13881047757394305,0.2908577166645508,0
STARLINK-36975,67993,42.9994,326.225,323.554,0.00026894,0.4729509674707753,0.022253823709843863,0.24760239559030958,0
STARLINK-36993,67994,42.9993,326.172,323.651,0.00050203,0.35650771186773594,0.025277665154851418,0.19089268851129368,0
STARLINK-36968,67995,42.9995,327.364,324.987,-0.010252,0.6709837520320476,0.5468302028130532,0.6089069774225504,0
STARLINK-36979,67996,42.9995,326.169,323.669,0.00045241,0.4757425865992216,0.024401963822211128,0.25007227521071634,0
STARLINK-36994,67997,42.9993,326.256,323.297,0.00028486,0.5155954222104225,0.023827978925159508,0.26971170056779104,0
STARLINK-36988,67998,42.9994,326.117,323.671,0.00043764,0.48420768553783444,0.024385115516064114,0.2542964005269493,0
STARLINK-36926,67999,42.9994,326.018,323.72,0.00027536,0.4844896195334896,0.024560639771040726,0.25452512965226515,0
STARLINK-36931,68000,43.0005,326.107,323.576,0.00025259,0.4933857907402445,0.023749122361712262,0.2585674565509784,0
STARLINK-36903,68001,42.9994,326.35,323.471,0.00069118,0.5398292911669879,0.03097601600154784,0.28540265358426786,0
STARLINK-36898,68002,42.9995,326.148,323.703,0.00054897,0.5166155356317579,0.02846317457040257,0.27253935510108024,0
STARLINK-36862,68003,42.9997,325.955,323.819,0.00041651,0.5053764871664113,0.027042617027302297,0.26620955209685676,0
STARLINK-36888,68004,43.0004,326.092,323.618,0.00026343,0.5042725294108942,0.024531257884713123,0.26440189364780364,0
STARLINK-36910,68005,42.9996,326.067,323.784,0.00034453,0.5101303871112852,0.026185245054885252,0.26815781608308525,0
STARLINK-36889,68006,42.9995,325.848,323.918,0.00047218,0.5033417261055808,0.028513782609367256,0.265927754357474,0
STARLINK-36592,68007,42.9994,325.955,323.705,0.00027906,0.49502858360101837,0.02673019551355826,0.2608793895572883,0
STARLINK-36911,68008,42.9994,325.98,323.605,0.00022079,0.5154655463934941,0.026479686910163794,0.2709726166518289,0
STARLINK-36956,68009,42.9995,326.174,323.547,0.00046165,0.5332858264451485,0.028844721120843853,0.2810652737829962,0
STARLINK-36335,68015,97.2762,270.579,269.193,-0.0021608,0.8496527606231703,0.3620501317661159,0.6058514461946432,0
STARLINK-36895,68038,97.2758,265.398,264.052,-0.0020689,0.923544027596725,0.38705895589067313,0.6553014917436991,1
STARLINK-36373,68039,97.276,265.872,264.57,-0.0019281,0.9190298477315663,0.35724963980285895,0.6381397437672126,1
STARLINK-36923,68016,97.2764,269.925,268.725,-0.0021199,0.8653411613198377,0.35954929699331917,0.6124452291565785,0
STARLINK-36568,68017,97.2763,269.679,268.432,-0.002101,0.8608437498280634,0.3583837224173568,0.6096137361227101,0
STARLINK-36930,68018,97.2761,270.21,269.054,-0.0021085,0.8605149077264864,0.35536935287239196,0.6079421302994392,0
STARLINK-36921,68019,97.2764,268.446,266.975,-0.0018133903,0.9927361085242133,0.3194980012184949,0.6561170548713542,1
STARLINK-36928,68020,97.2761,269.534,268.109,-0.0020801,0.8608791271883298,0.3565466129789266,0.6087128700836282,0
STARLINK-36858,68021,97.2755,256.621,255.386,0.0012293,1.0,0.19448969660898618,0.5972448483044931,0
STARLINK-36916,68022,97.2761,268.595,267.352,-0.0020475,0.8778125943130991,0.3574545457366324,0.6176335700248657,0
STARLINK-36871,68023,97.2757,268.322,267.004,-0.0020493,0.8730372573336798,0.36007596426105537,0.6165566107973676,0
STARLINK-36891,68024,97.2756,267.954,266.701,-0.0020253,0.8809442527192255,0.3584846518727154,0.6197144522959704,0
STARLINK-36378,68025,97.2767,267.328,266.104,-0.0019845,0.9024787429152278,0.35597156265207375,0.6292251527836508,1
STARLINK-36884,68026,97.2761,267.611,266.406,-0.0020218,0.8929323265474886,0.36032506859056773,0.6266286975690282,0
STARLINK-36940,68027,97.2776,263.359,261.699,-0.0022423,0.9479232385658605,0.439577943440962,0.6937505910034112,1
STARLINK-36253,68028,97.2778,313.635,310.971,-0.010235,0.8847732872848535,0.6520551282802364,0.7684142077825449,1
STARLINK-36944,68029,97.2755,267.005,265.798,-0.001996,0.9108925349416379,0.3604690940710443,0.6356808145063411,1
STARLINK-36942,68030,97.2766,266.721,265.468,-0.0019685,0.9035173263520184,0.35789428838588017,0.6307058073689493,1
STARLINK-36913,68031,97.2766,266.507,265.058,-0.00194,0.8994022384158702,0.35499862811902017,0.6272004332674452,0
STARLINK-36935,68032,97.2765,264.11,262.634,-0.0022438,0.9445298937007409,0.431835221995037,0.688182557847889,1
STARLINK-36947,68033,97.2765,266.111,264.798,-0.0019839,0.9122910239138866,0.3656015303282453,0.638946277121066,1
STARLINK-36939,68034,97.2772,264.741,263.321,-0.0022041,0.9366833273772742,0.41828431327631826,0.6774838203267962,1
STARLINK-36943,68035,97.2776,263.691,262.244,-0.0022918,0.953807339640424,0.4449246409419656,0.6993659902911948,1
STARLINK-36906,68036,97.2767,265.124,263.646,-0.002121,0.9369062223858697,0.3995778512280359,0.6682420368069528,1
STARLINK-36388,68037,97.2771,264.37,262.964,-0.0022421,0.9421458860443597,0.428796555249129,0.6854712206467444,1
STARLINK-36711,68040,53.1591,313.481,312.424,-0.006921,0.6508731425429979,0.460422202371552,0.555647672457275,0
STARLINK-36996,68064,53.1585,304.369,303.521,-0.0058997,0.5474118956894086,0.45252386643967607,0.4999678810645424,0
STARLINK-36836,68065,53.1584,303.266,302.617,-0.0065776,0.6055736434221078,0.5178534245258006,0.5617135339739543,0
STARLINK-36976,68066,53.1582,303.319,302.53,-0.0057981,0.5671622391791729,0.45333129101371683,0.5102467650964448,0
STARLINK-36929,68067,53.1582,303.965,303.288,-0.0058691,0.5767503603079204,0.4529656448730131,0.5148580025904668,0
STARLINK-36990,68068,53.1582,303.011,302.361,-0.0056959,0.5834309455651981,0.4482644355938707,0.5158476905795344,0
STARLINK-36825,68041,53.1588,312.569,311.663,-0.0067802,0.6421832548232059,0.45823420763880357,0.5502087312310048,0
STARLINK-36925,68042,53.1588,313.018,312.149,-0.0068065,0.6526411757430262,0.45642393386222196,0.5545325548026241,0
STARLINK-36902,68043,53.1593,312.081,311.235,-0.0066339,0.6398084590883835,0.4527861561809917,0.5462973076346875,0
STARLINK-36966,68044,53.159,311.256,310.434,-0.0065785,0.6369726359871823,0.4553660489812294,0.5461693424842059,0
STARLINK-36864,68045,53.1589,311.736,310.873,-0.0066462,0.633611145364268,0.4561188458844633,0.5448649956243656,0
STARLINK-36321,68046,53.1591,310.515,309.625,-0.0064674,0.6226061333473051,0.4541332179436682,0.5383696756454867,0
STARLINK-36181,68047,53.1591,310.958,309.908,-0.0065554,0.6239994109379203,0.4568679623641943,0.5404336866510573,0
STARLINK-36318,68048,53.1591,310.054,309.206,-0.0064298,0.6290356316390698,0.45503032102486884,0.5420329763319693,0
STARLINK-36885,68049,53.1589,309.38,308.531,-0.0063651,0.6131404380585591,0.4559028540536133,0.5345216460560862,0
STARLINK-36945,68050,53.1588,309.794,308.822,-0.0063854,0.6147459993624521,0.45454276580863406,0.5346443825855431,0
STARLINK-35911,68051,53.1589,309.088,308.151,-0.0063806,0.6096811725630512,0.4593531533266987,0.534517162944875,0
STARLINK-35808,68052,53.1586,308.612,307.902,-0.0062947,0.6162950542807695,0.456617311154929,0.5364561827178492,0
STARLINK-36919,68053,53.1587,308.313,307.472,-0.0063425,0.6014602428876629,0.4623738577245507,0.5319170503061068,0
STARLINK-36924,68054,53.1584,307.51,306.745,-0.0062207,0.591864314025496,0.4602107095726964,0.5260375117990962,0
STARLINK-35998,68055,53.1588,307.892,307.129,-0.0062218,0.6014606396533161,0.457428338949845,0.5294444893015806,0
STARLINK-36845,68056,53.1583,307.184,306.278,-0.0062054,0.5818270833016508,0.46215702851190377,0.5219920559067772,0
STARLINK-36954,68057,53.1586,306.815,305.933,-0.0061515,0.5790732256806228,0.46127217924339026,0.5201727024620065,0
STARLINK-36899,68058,53.1586,306.405,305.525,-0.00607,0.5724562076046292,0.458922383023561,0.5156892953140951,0
STARLINK-36917,68059,53.1583,306.138,305.188,-0.0060321,0.5816892213091129,0.45859835456534154,0.5201437879372273,0
STARLINK-36959,68060,53.1585,305.587,304.947,-0.0059726,0.5683241646506927,0.4477623766802252,0.508043270665459,0
STARLINK-36915,68061,53.1585,305.33,304.478,-0.0059548,0.5583965278317758,0.449132281283477,0.5037644045576264,0
STARLINK-36952,68062,53.1586,304.92,304.263,-0.0058883,0.5700764796314345,0.44716743892952504,0.5086219592804797,0
STARLINK-37000,68063,53.1586,304.607,303.93,-0.005897,0.5632313324722553,0.45006344947281074,0.5066473909725331,0
STARLINK-36766,68069,53.1599,284.259,283.258,-0.0031212,0.7618988605426628,0.4076604596204082,0.5847796600815355,0
STARLINK-36251,68093,53.1595,275.728,274.766,-0.0026355,0.704664700394685,0.409196963105683,0.556930831750184,0
STARLINK-36787,68094,53.1593,274.809,273.855,-0.002776,0.7114057117300733,0.43926419481386214,0.5753349532719677,0
STARLINK-36790,68095,53.1596,276.089,275.114,-0.0026492,0.7145351151209763,0.40828994043695155,0.5614125277789639,0
STARLINK-36328,68096,53.1597,274.497,273.401,-0.0027749,0.7224479996419532,0.4426016947953039,0.5825248472186285,0
STARLINK-36853,68097,53.1595,275.104,274.268,-0.0027584,0.7094868725351073,0.433335045674727,0.5714109591049172,0
STARLINK-36823,68070,53.1595,283.919,282.839,-0.0031388,0.7751436035758413,0.4130622332370341,0.5941029184064377,0
STARLINK-36970,68071,53.16,283.345,282.053,-0.0030891,0.7651335530535377,0.4119524624683347,0.5885430077609362,0
STARLINK-36972,68072,53.16,283.571,282.548,-0.0031183,0.7655302123285053,0.4130075602797652,0.5892688863041352,0
STARLINK-37074,68073,53.16,282.854,281.835,-0.003081,0.7687810305698296,0.4139293617246602,0.591355196147245,0
STARLINK-37045,68074,53.1599,282.511,281.466,-0.003049,0.7744069829593612,0.4125486571830332,0.5934778200711972,0
STARLINK-37026,68075,53.1598,282.184,281.104,-0.002998,0.761972811996274,0.4084483585120581,0.585210585254166,0
STARLINK-37023,68076,53.1597,281.809,280.749,-0.0029999,0.761972811996274,0.41174203358255035,0.5868574227894121,0
STARLINK-37036,68077,53.1599,281.576,280.328,-0.0029749,0.7545868502817791,0.4109001038898018,0.5827434770857904,0
STARLINK-36973,68078,53.16,280.767,279.792,-0.0029373,0.7628353673555193,0.4114421226272064,0.5871387449913629,0
STARLINK-37063,68079,53.1595,281.268,280.028,-0.0029442,0.7484487148049166,0.4091725383851898,0.5788106265950532,0
STARLINK-37051,68080,53.1597,280.154,279.073,-0.0028738,0.7492248434805638,0.40790414929513624,0.57856449638785,0
STARLINK-37066,68081,53.1601,280.443,279.405,-0.0029216,0.7501532515592261,0.4121125345842816,0.5811328930717539,0
STARLINK-37054,68082,53.1597,279.826,278.875,-0.0028183,0.7326381680747589,0.40224401272246035,0.5674410903986096,0
STARLINK-37065,68083,53.16,279.51,278.434,-0.0028347,0.742863728120355,0.4076339538201523,0.5752488409702536,0
STARLINK-37037,68084,53.1595,279.111,278.119,-0.0028233,0.7416746829939193,0.40899516762506444,0.5753349253094918,0
STARLINK-37068,68085,53.1595,278.903,277.759,-0.0028134,0.7383052897716842,0.40986848326271835,0.5740868865172013,0
STARLINK-37067,68086,53.1598,278.484,277.513,-0.0027488,0.7306118630549462,0.40327025800518634,0.5669410605300662,0
STARLINK-37062,68087,53.1597,278.164,277.186,-0.0027217,0.7318941248560932,0.4019430223183257,0.5669185735872094,0
STARLINK-37059,68088,53.1595,277.761,276.809,-0.002748,0.7337773934203619,0.4090887878722014,0.5714330906462817,0
STARLINK-37004,68089,53.1598,277.432,276.49,-0.0027237,0.7325424772143129,0.4081750331293486,0.5703587551718308,0
STARLINK-36320,68090,53.1599,276.725,275.766,-0.0026698,0.7086814150899352,0.40603754680821236,0.5573594809490738,0
STARLINK-36324,68091,53.1596,277.016,276.13,-0.0027187,0.730147286290828,0.41071770891417797,0.570432497602503,0
STARLINK-36896,68092,53.1596,276.491,275.352,-0.0026586,0.7109861071555547,0.4069652914239919,0.5589756992897733,0
